{"SMBHMASS": 1000000.0, "SecondaryMass": 10, "PROCAMASS": 1.5000000000000005e-18, "p0": 10, "e0": 0.2, "BHSpin": 1, "mismatch": 0.3039772478344218, "faithfulness": 0.46388791747112373}