{"SMBHMASS": 1000000.0, "SecondaryMass": 10, "PROCAMASS": 2.2000000000000014e-18, "p0": 10, "e0": 0.2, "BHSpin": 1, "mismatch": 0.85379153113486, "faithfulness": 0.027471040776778484}