{"SMBHMASS": 1000000.0, "SecondaryMass": 10, "PROCAMASS": 3.100000000000002e-18, "p0": 10, "e0": 0.2, "BHSpin": 1, "mismatch": 0.9700119572707153, "faithfulness": 0.005683517770591474}