{"SMBHMASS": 1000000.0, "SecondaryMass": 10, "PROCAMASS": 1e-18, "p0": 10, "e0": 0.2, "BHSpin": 1, "mismatch": 7.014650145653611e-05, "faithfulness": 0.9998752459699508}