{"SMBHMASS": 1000000.0, "SecondaryMass": 10, "PROCAMASS": 3.7000000000000025e-19, "p0": 10, "e0": 0.2, "BHSpin": 1, "mismatch": 1.8450796446245477e-12, "faithfulness": 0.9999999999988283}