{"SMBHMASS": 1000000.0, "SecondaryMass": 10, "PROCAMASS": 4.200000000000003e-18, "p0": 10, "e0": 0.2, "BHSpin": 1, "mismatch": 0.993970021177607, "faithfulness": 0.0009719571913527738}