{"SMBHMASS": 1000000.0, "SecondaryMass": 10, "PROCAMASS": 3.900000000000003e-18, "p0": 10, "e0": 0.2, "BHSpin": 1, "mismatch": 0.9901599203544107, "faithfulness": 0.002139777816662485}