{"SMBHMASS": 80000000.0, "SecondaryMass": 10, "PROCAMASS": 1e-19, "p0": 4.76, "e0": 0.5, "BHSpin": 1, "Trajectory Exit Reason": "Integration reached time boundary. Boundary location t = 640710.74", "mismatch": 2.224697093211603e-09, "faithfulness": 0.9999022119558791, "DeltaNOrbits": -2.3409989797489384e-06}