{"SMBHMASS": 800000.0, "SecondaryMass": 10, "PROCAMASS": 5e-18, "p0": 12.71, "e0": 0.4, "BHSpin": 1, "Trajectory Exit Reason": "Separatrix reached!", "mismatch": 2.02082794942271e-12, "faithfulness": 0.9999999999970706, "DeltaNOrbits": 5.39722793300975e-08}