{"SMBHMASS": 600000.0, "SecondaryMass": 10, "PROCAMASS": 1e-17, "p0": 14.599999999999998, "e0": 0.3, "BHSpin": 1, "Trajectory Exit Reason": "Separatrix reached!", "mismatch": 1.9985194288363317e-07, "faithfulness": 0.9999996216494226, "DeltaNOrbits": 2.3274077111246358e-05}