{"SMBHMASS": 600000.0, "SecondaryMass": 10, "PROCAMASS": 6e-18, "p0": 14.339999999999998, "e0": 0.5, "BHSpin": 1, "Trajectory Exit Reason": "Separatrix reached!", "mismatch": 1.0313971898767704e-12, "faithfulness": 0.9999999999988785, "DeltaNOrbits": 3.003400782495299e-08}