{"SMBHMASS": 500000.0, "SecondaryMass": 10, "PROCAMASS": 9e-18, "p0": 15.549999999999999, "e0": 0.2, "BHSpin": 1, "Trajectory Exit Reason": "Separatrix reached!", "mismatch": 3.1572844338967343e-10, "faithfulness": 0.9999999994974559, "DeltaNOrbits": 8.666506576262653e-07}