{"SMBHMASS": 700000.0, "SecondaryMass": 10, "PROCAMASS": 7e-18, "p0": 13.590000000000002, "e0": 0.4, "BHSpin": 1, "Trajectory Exit Reason": "Separatrix reached!", "mismatch": 5.800185887139264e-10, "faithfulness": 0.9999999988802941, "DeltaNOrbits": 1.1634148176091599e-06}