{"SMBHMASS": 900000.0, "SecondaryMass": 10, "PROCAMASS": 3e-18, "p0": 11.759999999999998, "e0": 0.5, "BHSpin": 1, "Trajectory Exit Reason": "Separatrix reached!", "mismatch": 1.7552626019323725e-13, "faithfulness": 0.9999999999998556, "DeltaNOrbits": 1.6489985789147538e-09}