{"SMBHMASS": 1000000.0, "SecondaryMass": 10, "PROCAMASS": 7e-18, "p0": 11.1, "e0": 0.1, "BHSpin": 1, "Trajectory Exit Reason": "Separatrix reached!", "mismatch": 2.3859953885985163e-06, "faithfulness": 0.9999942250601891, "DeltaNOrbits": 8.065930176977547e-05}