{"SMBHMASS": 500000.0, "SecondaryMass": 10, "PROCAMASS": 1e-17, "p0": 15.6, "e0": 0.1, "BHSpin": 1, "Trajectory Exit Reason": "Separatrix reached!", "mismatch": 7.843036664567649e-09, "faithfulness": 0.9999999869735294, "DeltaNOrbits": 4.449424311612174e-06}