{"SMBHMASS": 100000.0, "SecondaryMass": 10, "PROCAMASS": 4e-17, "p0": 32.5, "e0": 0.7, "BHSpin": 1, "Trajectory Exit Reason": "Separatrix reached!", "mismatch": 4.088243410471648e-08, "faithfulness": 0.9999999788612427, "DeltaNOrbits": 3.727274102491035e-06}