{"SMBHMASS": 600000.0, "SecondaryMass": 10, "PROCAMASS": 6e-18, "p0": 14.041, "e0": 0.6, "BHSpin": 1, "Trajectory Exit Reason": "Separatrix reached!", "mismatch": 6.064038160502605e-13, "faithfulness": 0.9999999999994339, "DeltaNOrbits": 1.9676814503454703e-08}