{"SMBHMASS": 30000000.0, "SecondaryMass": 10, "PROCAMASS": 3e-19, "p0": 4.76, "e0": 0.5, "BHSpin": 1, "Trajectory Exit Reason": "Integration reached time boundary. Boundary location t = 1708561.96", "mismatch": 2.0786370324987757e-07, "faithfulness": 0.9999842939602999, "DeltaNOrbits": -8.207924008682168e-06}