{"SMBHMASS": 800000.0, "SecondaryMass": 10, "PROCAMASS": 5e-18, "p0": 12.363, "e0": 0.6, "BHSpin": 1, "Trajectory Exit Reason": "Separatrix reached!", "mismatch": 8.118061778361607e-12, "faithfulness": 0.9999999999881066, "DeltaNOrbits": 1.0594352667679284e-07}