{"SMBHMASS": 100000.0, "SecondaryMass": 10, "PROCAMASS": 4e-17, "p0": 34.5, "e0": 0.4, "BHSpin": 1, "Trajectory Exit Reason": "Separatrix reached!", "mismatch": 2.0983812465402707e-08, "faithfulness": 0.9999999894738257, "DeltaNOrbits": 3.822823379698489e-06}