{"SMBHMASS": 400000.0, "SecondaryMass": 10, "PROCAMASS": 1e-17, "p0": 17.150000000000002, "e0": 0.4, "BHSpin": 1, "Trajectory Exit Reason": "Separatrix reached!", "mismatch": 9.317768778771551e-12, "faithfulness": 0.9999999999884258, "DeltaNOrbits": 1.2443454444934254e-07}