{"SMBHMASS": 70000000.0, "SecondaryMass": 10, "PROCAMASS": 2e-19, "p0": 4.795, "e0": 0.4, "BHSpin": 1, "Trajectory Exit Reason": "Integration reached time boundary. Boundary location t = 732240.84", "mismatch": 0.005650595896442123, "faithfulness": 0.9885092203623158, "DeltaNOrbits": -0.003604305034890421}