{"SMBHMASS": 500000.0, "SecondaryMass": 10, "PROCAMASS": 9e-18, "p0": 15.2, "e0": 0.5, "BHSpin": 1, "Trajectory Exit Reason": "Separatrix reached!", "mismatch": 8.874351253851387e-10, "faithfulness": 0.9999999987128532, "DeltaNOrbits": 1.3277958894308643e-06}