{"SMBHMASS": 300000.0, "SecondaryMass": 10, "PROCAMASS": 1e-17, "p0": 20.1, "e0": 0.1, "BHSpin": 1, "Trajectory Exit Reason": "Separatrix reached!", "mismatch": 8.956169139651138e-13, "faithfulness": 0.9999999999995306, "DeltaNOrbits": 3.77972707975966e-09}