{"SMBHMASS": 900000.0, "SecondaryMass": 10, "PROCAMASS": 5e-18, "p0": 11.95, "e0": 0.2, "BHSpin": 1, "Trajectory Exit Reason": "Separatrix reached!", "mismatch": 4.907185768843192e-11, "faithfulness": 0.999999999895195, "DeltaNOrbits": 3.416391550180803e-07}