{"SMBHMASS": 800000.0, "SecondaryMass": 10, "PROCAMASS": 4e-18, "p0": 12.799999999999999, "e0": 0.3, "BHSpin": 1, "Trajectory Exit Reason": "Separatrix reached!", "mismatch": 4.2743586448068527e-14, "faithfulness": 0.9999999999999395, "DeltaNOrbits": 3.316525231749898e-09}