{"SMBHMASS": 100000.0, "SecondaryMass": 10, "PROCAMASS": 3e-17, "p0": 34.5, "e0": 0.4, "BHSpin": 1, "Trajectory Exit Reason": "Separatrix reached!", "mismatch": 3.392952585556941e-12, "faithfulness": 0.999999999998476, "DeltaNOrbits": 3.0793658855688996e-08}