{"SMBHMASS": 400000.0, "SecondaryMass": 10, "PROCAMASS": 1e-17, "p0": 17.0, "e0": 0.5, "BHSpin": 1, "Trajectory Exit Reason": "Separatrix reached!", "mismatch": 4.436373490790402e-11, "faithfulness": 0.999999999944897, "DeltaNOrbits": 2.5935597873762613e-07}