{"SMBHMASS": 100000.0, "SecondaryMass": 10, "PROCAMASS": 5e-17, "p0": 34.95, "e0": 0.2, "BHSpin": 1, "Trajectory Exit Reason": "Separatrix reached!", "mismatch": 3.345956873079814e-05, "faithfulness": 0.9999834398441545, "DeltaNOrbits": 0.00016396871100853223}