{"SMBHMASS": 700000.0, "SecondaryMass": 10, "PROCAMASS": 1e-17, "p0": 13.479999999999999, "e0": 0.5, "BHSpin": 1, "Trajectory Exit Reason": "Separatrix reached!", "mismatch": 6.383392619868644e-05, "faithfulness": 0.9998815619162602, "DeltaNOrbits": 0.0003728439888902106}