{"SMBHMASS": 20000000.0, "SecondaryMass": 10, "PROCAMASS": 9e-19, "p0": 4.609999999999999, "e0": 0.6, "BHSpin": 1, "Trajectory Exit Reason": "Integration reached time boundary. Boundary location t = 2562842.94", "mismatch": 0.9312970590542666, "faithfulness": 0.04895648385408208, "DeltaNOrbits": -1.6364476138178066}