{"SMBHMASS": 70000000.0, "SecondaryMass": 10, "PROCAMASS": 4e-19, "p0": 4.46, "e0": 0.7, "BHSpin": 1, "Trajectory Exit Reason": "Integration reached time boundary. Boundary location t = 732240.84", "mismatch": 0.9867072604166787, "faithfulness": 0.018497462062984204, "DeltaNOrbits": -36.46951969483281}