{"SMBHMASS": 300000.0, "SecondaryMass": 10, "PROCAMASS": 2e-17, "p0": 20.0, "e0": 0.3, "BHSpin": 1, "Trajectory Exit Reason": "Separatrix reached!", "mismatch": 9.73846567908776e-06, "faithfulness": 0.9999881690567365, "DeltaNOrbits": 0.00012750935242872703}