{"SMBHMASS": 300000.0, "SecondaryMass": 10, "PROCAMASS": 2e-17, "p0": 20.0, "e0": 0.3, "BHSpin": 1, "Trajectory Exit Reason": "Separatrix reached!", "mismatch": 1.5950146298848722e-05, "faithfulness": 0.9999808564875672, "DeltaNOrbits": 0.0001638410896353686}