{"SMBHMASS": 30000000.0, "SecondaryMass": 10, "PROCAMASS": 1e-18, "p0": 4.795, "e0": 0.4, "BHSpin": 1, "Trajectory Exit Reason": "Integration reached time boundary. Boundary location t = 1708561.96", "mismatch": 0.9924162106874922, "faithfulness": 0.015210703193873852, "DeltaNOrbits": -158.54336788486398}