{"SMBHMASS": 500000.0, "SecondaryMass": 10, "PROCAMASS": 8e-18, "p0": 15.549999999999999, "e0": 0.2, "BHSpin": 1, "Trajectory Exit Reason": "Separatrix reached!", "mismatch": 9.64384128110396e-12, "faithfulness": 0.9999999999866115, "DeltaNOrbits": 1.3629251175839247e-07}