{"SMBHMASS": 700000.0, "SecondaryMass": 10, "PROCAMASS": 1e-17, "p0": 13.749999999999996, "e0": 0.2, "BHSpin": 1, "Trajectory Exit Reason": "Separatrix reached!", "mismatch": 2.2587668882190215e-05, "faithfulness": 0.9999516328180299, "DeltaNOrbits": 0.000246686037117089}