{"SMBHMASS": 500000.0, "SecondaryMass": 10, "PROCAMASS": 8e-18, "p0": 15.549999999999999, "e0": 0.2, "BHSpin": 1, "Trajectory Exit Reason": "Separatrix reached!", "mismatch": 2.5508040124577747e-11, "faithfulness": 0.9999999999632727, "DeltaNOrbits": 2.3456541583214362e-07}