{"SMBHMASS": 600000.0, "SecondaryMass": 10, "PROCAMASS": 6e-18, "p0": 14.7, "e0": 0.1, "BHSpin": 1, "Trajectory Exit Reason": "Separatrix reached!", "mismatch": 1.2727596754302795e-12, "faithfulness": 0.9999999999983725, "DeltaNOrbits": 3.911276404594433e-08}