{"SMBHMASS": 600000.0, "SecondaryMass": 10, "PROCAMASS": 6e-18, "p0": 13.741999999999999, "e0": 0.7, "BHSpin": 1, "Trajectory Exit Reason": "Separatrix reached!", "mismatch": 2.833400181145862e-12, "faithfulness": 0.9999999999970581, "DeltaNOrbits": 4.1021155659744546e-08}