{"SMBHMASS": 400000.0, "SecondaryMass": 10, "PROCAMASS": 7e-18, "p0": 16.25, "e0": 0.7, "BHSpin": 1, "Trajectory Exit Reason": "Separatrix reached!", "mismatch": 9.747758156208874e-14, "faithfulness": 0.9999999999999488, "DeltaNOrbits": 1.0005159917010865e-09}