{"SMBHMASS": 500000.0, "SecondaryMass": 10, "PROCAMASS": 2e-17, "p0": 14.879999999999999, "e0": 0.6, "BHSpin": 1, "Trajectory Exit Reason": "Separatrix reached!", "mismatch": 0.26009719946118226, "faithfulness": 0.6199994879962288, "DeltaNOrbits": 0.025158428567662944}