{"SMBHMASS": 100000.0, "SecondaryMass": 10, "PROCAMASS": 3e-17, "p0": 34.5, "e0": 0.4, "BHSpin": 1, "Trajectory Exit Reason": "Separatrix reached!", "mismatch": 5.015987625256457e-12, "faithfulness": 0.9999999999975238, "DeltaNOrbits": 5.3768470516973205e-08}