{"SMBHMASS": 400000.0, "SecondaryMass": 10, "PROCAMASS": 2e-17, "p0": 16.25, "e0": 0.7, "BHSpin": 1, "Trajectory Exit Reason": "Separatrix reached!", "mismatch": 0.01447393662488039, "faithfulness": 0.9819983132768156, "DeltaNOrbits": 0.0039816250370363244}