{"SMBHMASS": 500000.0, "SecondaryMass": 10, "PROCAMASS": 6e-18, "p0": 14.879999999999999, "e0": 0.6, "BHSpin": 1, "Trajectory Exit Reason": "Separatrix reached!", "mismatch": 1.709743457922741e-14, "faithfulness": 0.9999999999999882, "DeltaNOrbits": 8.337633264175721e-10}