{"SMBHMASS": 800000.0, "SecondaryMass": 10, "PROCAMASS": 7e-18, "p0": 12.71, "e0": 0.4, "BHSpin": 1, "Trajectory Exit Reason": "Separatrix reached!", "mismatch": 3.090177569387009e-08, "faithfulness": 0.9999999358556647, "DeltaNOrbits": 8.75747941921177e-06}