{"SMBHMASS": 90000000.0, "SecondaryMass": 10, "PROCAMASS": 2e-19, "p0": 4.76, "e0": 0.5, "BHSpin": 1, "Trajectory Exit Reason": "Integration reached time boundary. Boundary location t = 569520.65", "mismatch": 0.7781496410611765, "faithfulness": 0.8178869159084123, "DeltaNOrbits": -0.21844588231925222}