{"SMBHMASS": 500000.0, "SecondaryMass": 10, "PROCAMASS": 7e-18, "p0": 14.879999999999999, "e0": 0.6, "BHSpin": 1, "Trajectory Exit Reason": "Separatrix reached!", "mismatch": 1.368238855548043e-12, "faithfulness": 0.9999999999988178, "DeltaNOrbits": 2.9089076055013074e-08}