{"SMBHMASS": 9000000.0, "SecondaryMass": 10, "PROCAMASS": 6e-19, "p0": 5.004, "e0": 0.1, "BHSpin": 1, "Trajectory Exit Reason": "Separatrix reached!", "mismatch": 6.348366277109108e-12, "faithfulness": 0.9999999971294411, "DeltaNOrbits": -6.709432448236606e-07}