{"SMBHMASS": 500000.0, "SecondaryMass": 10, "PROCAMASS": 6e-18, "p0": 15.2, "e0": 0.5, "BHSpin": 1, "Trajectory Exit Reason": "Separatrix reached!", "mismatch": 3.7636560534792807e-14, "faithfulness": 0.9999999999999851, "DeltaNOrbits": 1.8528073920390491e-09}