{"SMBHMASS": 500000.0, "SecondaryMass": 10, "PROCAMASS": 6e-17, "p0": 15.5, "e0": 0.3, "BHSpin": 1, "Trajectory Exit Reason": "Separatrix reached!", "mismatch": 0.998914951618806, "faithfulness": 0.0015339912731435193, "DeltaNOrbits": 16655.239801247255}