{"SMBHMASS": 700000.0, "SecondaryMass": 10, "PROCAMASS": 8e-18, "p0": 13.749999999999996, "e0": 0.2, "BHSpin": 1, "Trajectory Exit Reason": "Separatrix reached!", "mismatch": 5.362408450615419e-08, "faithfulness": 0.9999998856340198, "DeltaNOrbits": 1.2075320144210016e-05}