{"SMBHMASS": 300000.0, "SecondaryMass": 10, "PROCAMASS": 9e-18, "p0": 19.6, "e0": 0.5, "BHSpin": 1, "Trajectory Exit Reason": "Separatrix reached!", "mismatch": 8.493206138382448e-14, "faithfulness": 0.9999999999999668, "DeltaNOrbits": 1.463717839710849e-09}