{"SMBHMASS": 90000000.0, "SecondaryMass": 10, "PROCAMASS": 1e-19, "p0": 4.83, "e0": 0.1, "BHSpin": 1, "Trajectory Exit Reason": "Integration reached time boundary. Boundary location t = 569520.65", "mismatch": 1.1083684992030385e-07, "faithfulness": 0.9995965859374104, "DeltaNOrbits": -4.0785460610405574e-05}