{"SMBHMASS": 1000000.0, "SecondaryMass": 10, "PROCAMASS": 3e-18, "p0": 10.950000000000003, "e0": 0.4, "BHSpin": 1, "Trajectory Exit Reason": "Separatrix reached!", "mismatch": 1.8762769116165146e-14, "faithfulness": 0.9999999999999934, "DeltaNOrbits": 2.964491827262479e-10}