{"SMBHMASS": 100000.0, "SecondaryMass": 10, "PROCAMASS": 7e-17, "p0": 33.35, "e0": 0.6, "BHSpin": 1, "Trajectory Exit Reason": "Separatrix reached!", "mismatch": 0.13330631649740998, "faithfulness": 0.9175932885937971, "DeltaNOrbits": 0.009972775771233703}