{"SMBHMASS": 1000000.0, "SecondaryMass": 10, "PROCAMASS": 8e-18, "p0": 10.950000000000003, "e0": 0.4, "BHSpin": 1, "Trajectory Exit Reason": "Separatrix reached!", "mismatch": 0.00030986108970554316, "faithfulness": 0.9993247170930778, "DeltaNOrbits": 0.0009398409592934007}