{"SMBHMASS": 800000.0, "SecondaryMass": 10, "PROCAMASS": 7e-18, "p0": 12.363, "e0": 0.6, "BHSpin": 1, "Trajectory Exit Reason": "Separatrix reached!", "mismatch": 2.9373394938581043e-08, "faithfulness": 0.9999999462395518, "DeltaNOrbits": 7.565123750138961e-06}