{"SMBHMASS": 400000.0, "SecondaryMass": 10, "PROCAMASS": 8e-17, "p0": 16.625, "e0": 0.6, "BHSpin": 1, "Trajectory Exit Reason": "Separatrix reached!", "mismatch": 0.9998806566496964, "faithfulness": -0.00014880539819514654, "DeltaNOrbits": 8522.37819491547}