{"SMBHMASS": 800000.0, "SecondaryMass": 10, "PROCAMASS": 6e-18, "p0": 12.799999999999999, "e0": 0.3, "BHSpin": 1, "Trajectory Exit Reason": "Separatrix reached!", "mismatch": 2.1639534608652866e-10, "faithfulness": 0.9999999995438055, "DeltaNOrbits": 7.05363774149266e-07}