{"SMBHMASS": 700000.0, "SecondaryMass": 10, "PROCAMASS": 9e-18, "p0": 13.799999999999999, "e0": 0.1, "BHSpin": 1, "Trajectory Exit Reason": "Separatrix reached!", "mismatch": 1.5099306279742208e-06, "faithfulness": 0.9999966866318034, "DeltaNOrbits": 6.39355843281222e-05}