{"SMBHMASS": 30000000.0, "SecondaryMass": 10, "PROCAMASS": 3e-19, "p0": 4.609999999999999, "e0": 0.6, "BHSpin": 1, "Trajectory Exit Reason": "Integration reached time boundary. Boundary location t = 1708561.96", "mismatch": 6.587042258310305e-07, "faithfulness": 0.9999919537526706, "DeltaNOrbits": -3.709390226540764e-05}