{"SMBHMASS": 100000.0, "SecondaryMass": 10, "PROCAMASS": 5e-17, "p0": 34.2, "e0": 0.5, "BHSpin": 1, "Trajectory Exit Reason": "Separatrix reached!", "mismatch": 2.258931419130139e-05, "faithfulness": 0.9999884297514043, "DeltaNOrbits": 0.00011210185083030438}