{"SMBHMASS": 900000.0, "SecondaryMass": 10, "PROCAMASS": 7e-18, "p0": 11.759999999999998, "e0": 0.5, "BHSpin": 1, "Trajectory Exit Reason": "Separatrix reached!", "mismatch": 4.587345565632006e-07, "faithfulness": 0.9999990669824802, "DeltaNOrbits": 3.2933632865420176e-05}