{"SMBHMASS": 800000.0, "SecondaryMass": 10, "PROCAMASS": 1e-17, "p0": 12.899999999999999, "e0": 0.1, "BHSpin": 1, "Trajectory Exit Reason": "Separatrix reached!", "mismatch": 0.00015919138425157797, "faithfulness": 0.9996253616333555, "DeltaNOrbits": 0.0006629538837649665}