{"SMBHMASS": 500000.0, "SecondaryMass": 10, "PROCAMASS": 7e-18, "p0": 15.5, "e0": 0.3, "BHSpin": 1, "Trajectory Exit Reason": "Separatrix reached!", "mismatch": 2.703393064962256e-13, "faithfulness": 0.9999999999997735, "DeltaNOrbits": 1.3117876335636468e-08}