{"SMBHMASS": 100000.0, "SecondaryMass": 10, "PROCAMASS": 4e-16, "p0": 34.95, "e0": 0.2, "BHSpin": 1, "Trajectory Exit Reason": "Separatrix reached!", "mismatch": 0.9999870827030313, "faithfulness": -4.67546873912819e-05, "DeltaNOrbits": 36041.29218174463}