{"SMBHMASS": 800000.0, "SecondaryMass": 10, "PROCAMASS": 4e-18, "p0": 12.899999999999999, "e0": 0.1, "BHSpin": 1, "Trajectory Exit Reason": "Separatrix reached!", "mismatch": 5.040412531798211e-14, "faithfulness": 0.9999999999999692, "DeltaNOrbits": 2.408649609650764e-09}