{"SMBHMASS": 800000.0, "SecondaryMass": 10, "PROCAMASS": 4e-18, "p0": 12.849999999999998, "e0": 0.2, "BHSpin": 1, "Trajectory Exit Reason": "Separatrix reached!", "mismatch": 1.6888712650597881e-12, "faithfulness": 0.9999999999985042, "DeltaNOrbits": -6.985083867987216e-09}