{"SMBHMASS": 600000.0, "SecondaryMass": 10, "PROCAMASS": 7e-18, "p0": 14.7, "e0": 0.1, "BHSpin": 1, "Trajectory Exit Reason": "Separatrix reached!", "mismatch": 7.983191885330143e-11, "faithfulness": 0.9999999998552231, "DeltaNOrbits": 4.4522961630698354e-07}