{"SMBHMASS": 500000.0, "SecondaryMass": 10, "PROCAMASS": 8e-18, "p0": 15.2, "e0": 0.5, "BHSpin": 1, "Trajectory Exit Reason": "Separatrix reached!", "mismatch": 1.1265433030871463e-11, "faithfulness": 0.9999999999856184, "DeltaNOrbits": 1.3123434757812586e-07}