{"SMBHMASS": 600000.0, "SecondaryMass": 10, "PROCAMASS": 8e-18, "p0": 14.7, "e0": 0.1, "BHSpin": 1, "Trajectory Exit Reason": "Separatrix reached!", "mismatch": 1.4242342860626422e-09, "faithfulness": 0.999999997242695, "DeltaNOrbits": 1.8282021098727707e-06}