{"SMBHMASS": 800000.0, "SecondaryMass": 10, "PROCAMASS": 9e-18, "p0": 12.363, "e0": 0.6, "BHSpin": 1, "Trajectory Exit Reason": "Separatrix reached!", "mismatch": 4.551215160375488e-05, "faithfulness": 0.999916508035645, "DeltaNOrbits": 0.00029536793991647564}