{"SMBHMASS": 400000.0, "SecondaryMass": 10, "PROCAMASS": 9e-18, "p0": 17.35, "e0": 0.2, "BHSpin": 1, "Trajectory Exit Reason": "Separatrix reached!", "mismatch": 7.62390151010095e-13, "faithfulness": 0.9999999999992395, "DeltaNOrbits": 2.897790761149073e-08}