{"SMBHMASS": 1000000.0, "SecondaryMass": 10, "PROCAMASS": 6e-18, "p0": 10.9, "e0": 0.5, "BHSpin": 1, "Trajectory Exit Reason": "Separatrix reached!", "mismatch": 1.180921508359134e-07, "faithfulness": 0.9999997557182929, "DeltaNOrbits": 1.778159635021188e-05}