{"SMBHMASS": 500000.0, "SecondaryMass": 10, "PROCAMASS": 2e-17, "p0": 15.6, "e0": 0.1, "BHSpin": 1, "Trajectory Exit Reason": "Separatrix reached!", "mismatch": 0.3706110619261537, "faithfulness": 0.36871138692150385, "DeltaNOrbits": 0.04976788242242507}