{"SMBHMASS": 300000.0, "SecondaryMass": 10, "PROCAMASS": 9e-18, "p0": 19.800000000000004, "e0": 0.4, "BHSpin": 1, "Trajectory Exit Reason": "Separatrix reached!", "mismatch": 2.9831692671677956e-13, "faithfulness": 0.9999999999998657, "DeltaNOrbits": -7.596510307360102e-10}