{"SMBHMASS": 300000.0, "SecondaryMass": 10, "PROCAMASS": 1e-17, "p0": 20.0, "e0": 0.3, "BHSpin": 1, "Trajectory Exit Reason": "Separatrix reached!", "mismatch": 2.731148640577885e-13, "faithfulness": 0.9999999999998361, "DeltaNOrbits": 6.521882019977453e-09}