{"SMBHMASS": 1000000.0, "SecondaryMass": 10, "PROCAMASS": 7e-18, "p0": 10.685, "e0": 0.6, "BHSpin": 1, "Trajectory Exit Reason": "Separatrix reached!", "mismatch": 3.5124367994132655e-06, "faithfulness": 0.9999933255196417, "DeltaNOrbits": 9.06021888303399e-05}