{"SMBHMASS": 100000.0, "SecondaryMass": 10, "PROCAMASS": 4e-17, "p0": 34.5, "e0": 0.4, "BHSpin": 1, "Trajectory Exit Reason": "Separatrix reached!", "mismatch": 6.2568593639511505e-09, "faithfulness": 0.9999999971171657, "DeltaNOrbits": 2.205804256370329e-06}