{"SMBHMASS": 600000.0, "SecondaryMass": 10, "PROCAMASS": 6e-18, "p0": 14.7, "e0": 0.1, "BHSpin": 1, "Trajectory Exit Reason": "Separatrix reached!", "mismatch": 8.667511153248597e-13, "faithfulness": 0.9999999999990401, "DeltaNOrbits": 2.7625358215302225e-08}