{"SMBHMASS": 700000.0, "SecondaryMass": 10, "PROCAMASS": 5e-18, "p0": 13.479999999999999, "e0": 0.5, "BHSpin": 1, "Trajectory Exit Reason": "Separatrix reached!", "mismatch": 2.511324481702104e-13, "faithfulness": 0.9999999999997868, "DeltaNOrbits": 1.0672170578144923e-08}