{"SMBHMASS": 800000.0, "SecondaryMass": 10, "PROCAMASS": 8e-18, "p0": 12.106, "e0": 0.7, "BHSpin": 1, "Trajectory Exit Reason": "Separatrix reached!", "mismatch": 2.673343038273046e-06, "faithfulness": 0.9999954162363897, "DeltaNOrbits": 6.394234707510315e-05}