{"SMBHMASS": 700000.0, "SecondaryMass": 10, "PROCAMASS": 9e-18, "p0": 13.799999999999999, "e0": 0.1, "BHSpin": 1, "Trajectory Exit Reason": "Separatrix reached!", "mismatch": 3.843428564742624e-06, "faithfulness": 0.9999915849221435, "DeltaNOrbits": 0.00010232593877191052}