{"SMBHMASS": 600000.0, "SecondaryMass": 10, "PROCAMASS": 7e-18, "p0": 14.599999999999998, "e0": 0.3, "BHSpin": 1, "Trajectory Exit Reason": "Separatrix reached!", "mismatch": 8.46639425233775e-11, "faithfulness": 0.9999999998539749, "DeltaNOrbits": 4.3930063265245856e-07}