{"SMBHMASS": 1000000.0, "SecondaryMass": 10, "PROCAMASS": 3e-18, "p0": 11.05, "e0": 0.2, "BHSpin": 1, "Trajectory Exit Reason": "Separatrix reached!", "mismatch": 2.1094237467877974e-15, "faithfulness": 0.9999999999999868, "DeltaNOrbits": 5.928983654524958e-10}