{"SMBHMASS": 900000.0, "SecondaryMass": 10, "PROCAMASS": 6e-18, "p0": 11.523999999999997, "e0": 0.6, "BHSpin": 1, "Trajectory Exit Reason": "Separatrix reached!", "mismatch": 1.8845176197324065e-08, "faithfulness": 0.9999999642689732, "DeltaNOrbits": 6.46573269196171e-06}