{"SMBHMASS": 100000.0, "SecondaryMass": 10, "PROCAMASS": 4e-17, "p0": 34.95, "e0": 0.2, "BHSpin": 1, "Trajectory Exit Reason": "Separatrix reached!", "mismatch": 7.7836711520618e-09, "faithfulness": 0.9999999963285918, "DeltaNOrbits": 2.5610615457198964e-06}