{"SMBHMASS": 600000.0, "SecondaryMass": 10, "PROCAMASS": 7e-18, "p0": 13.741999999999999, "e0": 0.7, "BHSpin": 1, "Trajectory Exit Reason": "Separatrix reached!", "mismatch": 8.35378433095002e-11, "faithfulness": 0.9999999998824588, "DeltaNOrbits": 3.154404584946481e-07}