{"SMBHMASS": 600000.0, "SecondaryMass": 10, "PROCAMASS": 5e-18, "p0": 14.599999999999998, "e0": 0.3, "BHSpin": 1, "Trajectory Exit Reason": "Separatrix reached!", "mismatch": 5.904166044956582e-13, "faithfulness": 0.999999999999611, "DeltaNOrbits": 6.577466241738624e-09}