{"SMBHMASS": 700000.0, "SecondaryMass": 10, "PROCAMASS": 5e-18, "p0": 13.202, "e0": 0.6, "BHSpin": 1, "Trajectory Exit Reason": "Separatrix reached!", "mismatch": 1.858513343222512e-13, "faithfulness": 0.9999999999998344, "DeltaNOrbits": 7.50386993775815e-09}