{"SMBHMASS": 90000000.0, "SecondaryMass": 10, "PROCAMASS": 2e-19, "p0": 4.83, "e0": 0.2, "BHSpin": 1, "Trajectory Exit Reason": "Integration reached time boundary. Boundary location t = 569520.65", "mismatch": 0.7404599487439731, "faithfulness": 0.7652089119738995, "DeltaNOrbits": -0.31306044370247404}