{"SMBHMASS": 300000.0, "SecondaryMass": 10, "PROCAMASS": 2e-17, "p0": 19.15, "e0": 0.6, "BHSpin": 1, "Trajectory Exit Reason": "Separatrix reached!", "mismatch": 2.6019892626627517e-05, "faithfulness": 0.9999714789067023, "DeltaNOrbits": 0.00017003843391255648}