{"SMBHMASS": 900000.0, "SecondaryMass": 10, "PROCAMASS": 6e-18, "p0": 11.288, "e0": 0.7, "BHSpin": 1, "Trajectory Exit Reason": "Separatrix reached!", "mismatch": 7.485221886760485e-09, "faithfulness": 0.9999999868997134, "DeltaNOrbits": 3.4870205679653313e-06}