{"SMBHMASS": 800000.0, "SecondaryMass": 10, "PROCAMASS": 9e-18, "p0": 12.849999999999998, "e0": 0.2, "BHSpin": 1, "Trajectory Exit Reason": "Separatrix reached!", "mismatch": 3.343562283131263e-05, "faithfulness": 0.999923823480849, "DeltaNOrbits": 0.0003022576783160685}