{"SMBHMASS": 1000000.0, "SecondaryMass": 10, "PROCAMASS": 7e-18, "p0": 10.9, "e0": 0.5, "BHSpin": 1, "Trajectory Exit Reason": "Separatrix reached!", "mismatch": 4.355861647931114e-06, "faithfulness": 0.9999910654963308, "DeltaNOrbits": 0.00010488443417939244}