{"SMBHMASS": 400000.0, "SecondaryMass": 10, "PROCAMASS": 7e-18, "p0": 16.625, "e0": 0.6, "BHSpin": 1, "Trajectory Exit Reason": "Separatrix reached!", "mismatch": -3.774758283725532e-15, "faithfulness": 0.9999999999999959, "DeltaNOrbits": 8.522914003379626e-10}