{"SMBHMASS": 80000000.0, "SecondaryMass": 10, "PROCAMASS": 3e-19, "p0": 4.76, "e0": 0.5, "BHSpin": 1, "Trajectory Exit Reason": "Integration reached time boundary. Boundary location t = 640710.74", "mismatch": 0.9449873051560028, "faithfulness": 0.7887030922446508, "DeltaNOrbits": -3.806531403193884}