{"SMBHMASS": 1000000.0, "SecondaryMass": 10, "PROCAMASS": 6e-18, "p0": 11.1, "e0": 0.1, "BHSpin": 1, "Trajectory Exit Reason": "Separatrix reached!", "mismatch": 3.158060912777927e-08, "faithfulness": 0.9999999237729271, "DeltaNOrbits": 9.282676202559159e-06}