{"SMBHMASS": 900000.0, "SecondaryMass": 10, "PROCAMASS": 4e-18, "p0": 11.830000000000002, "e0": 0.4, "BHSpin": 1, "Trajectory Exit Reason": "Separatrix reached!", "mismatch": 5.309086503757499e-13, "faithfulness": 0.9999999999994478, "DeltaNOrbits": 1.5637694388809576e-08}