{"SMBHMASS": 800000.0, "SecondaryMass": 10, "PROCAMASS": 5e-18, "p0": 12.71, "e0": 0.4, "BHSpin": 1, "Trajectory Exit Reason": "Separatrix reached!", "mismatch": 5.183409257369931e-12, "faithfulness": 0.9999999999912741, "DeltaNOrbits": 1.0220085574487395e-07}