{"SMBHMASS": 100000.0, "SecondaryMass": 10, "PROCAMASS": 8e-17, "p0": 33.35, "e0": 0.6, "BHSpin": 1, "Trajectory Exit Reason": "Separatrix reached!", "mismatch": 0.47898462871336556, "faithfulness": 0.49531732679537327, "DeltaNOrbits": 0.04307740287831577}