{"SMBHMASS": 600000.0, "SecondaryMass": 10, "PROCAMASS": 1e-17, "p0": 14.041, "e0": 0.6, "BHSpin": 1, "Trajectory Exit Reason": "Separatrix reached!", "mismatch": 2.4240493090577075e-07, "faithfulness": 0.9999996069176067, "DeltaNOrbits": 2.1338023083082993e-05}