{"SMBHMASS": 400000.0, "SecondaryMass": 10, "PROCAMASS": 8e-17, "p0": 16.25, "e0": 0.7, "BHSpin": 1, "Trajectory Exit Reason": "Separatrix reached!", "mismatch": 1.0000073786226955, "faithfulness": -0.0006665411308339689, "DeltaNOrbits": 4090.7998585228756}