{"SMBHMASS": 500000.0, "SecondaryMass": 10, "PROCAMASS": 7e-18, "p0": 15.6, "e0": 0.1, "BHSpin": 1, "Trajectory Exit Reason": "Separatrix reached!", "mismatch": 4.46975789714088e-13, "faithfulness": 0.9999999999995677, "DeltaNOrbits": 2.001031983402173e-08}