{"SMBHMASS": 100000.0, "SecondaryMass": 10, "PROCAMASS": 4e-17, "p0": 33.35, "e0": 0.6, "BHSpin": 1, "Trajectory Exit Reason": "Separatrix reached!", "mismatch": 1.5435455802403908e-08, "faithfulness": 0.9999999921056144, "DeltaNOrbits": 2.696798215260677e-06}