{"SMBHMASS": 1000000.0, "SecondaryMass": 10, "PROCAMASS": 7e-18, "p0": 11.05, "e0": 0.2, "BHSpin": 1, "Trajectory Exit Reason": "Separatrix reached!", "mismatch": 5.254297374079897e-06, "faithfulness": 0.999987501453139, "DeltaNOrbits": 0.0001224241928447584}