{"SMBHMASS": 10000000.0, "SecondaryMass": 10, "PROCAMASS": 6e-19, "p0": 4.83, "e0": 0.1, "BHSpin": 1, "Trajectory Exit Reason": "Separatrix reached!", "mismatch": 5.629630095427274e-11, "faithfulness": 0.9999999821066621, "DeltaNOrbits": -3.695549407920846e-06}