{"SMBHMASS": 400000.0, "SecondaryMass": 10, "PROCAMASS": 9e-18, "p0": 16.25, "e0": 0.7, "BHSpin": 1, "Trajectory Exit Reason": "Separatrix reached!", "mismatch": 2.8259616868808735e-12, "faithfulness": 0.9999999999973852, "DeltaNOrbits": 4.368919830428078e-08}