{"SMBHMASS": 500000.0, "SecondaryMass": 10, "PROCAMASS": 8e-18, "p0": 15.5, "e0": 0.3, "BHSpin": 1, "Trajectory Exit Reason": "Separatrix reached!", "mismatch": 8.032463583163008e-12, "faithfulness": 0.9999999999891073, "DeltaNOrbits": 1.250644989626358e-07}