{"SMBHMASS": 800000.0, "SecondaryMass": 10, "PROCAMASS": 4e-17, "p0": 12.849999999999998, "e0": 0.2, "BHSpin": 1, "Trajectory Exit Reason": "Separatrix reached!", "mismatch": 0.9996061711951494, "faithfulness": -0.00015663624070701886, "DeltaNOrbits": 10326.913495750869}