{"SMBHMASS": 900000.0, "SecondaryMass": 10, "PROCAMASS": 2e-17, "p0": 11.830000000000002, "e0": 0.4, "BHSpin": 1, "Trajectory Exit Reason": "Separatrix reached!", "mismatch": 0.9830020354862162, "faithfulness": 0.0037802141258341322, "DeltaNOrbits": 33.916172778638305}