{"SMBHMASS": 800000.0, "SecondaryMass": 10, "PROCAMASS": 8e-18, "p0": 12.62, "e0": 0.5, "BHSpin": 1, "Trajectory Exit Reason": "Separatrix reached!", "mismatch": 2.701484587697145e-06, "faithfulness": 0.99999467127116, "DeltaNOrbits": 7.66301312308256e-05}