{"SMBHMASS": 400000.0, "SecondaryMass": 10, "PROCAMASS": 9e-18, "p0": 16.25, "e0": 0.7, "BHSpin": 1, "Trajectory Exit Reason": "Separatrix reached!", "mismatch": 1.493138945818373e-12, "faithfulness": 0.9999999999986704, "DeltaNOrbits": 2.8829683020127606e-08}