{"SMBHMASS": 500000.0, "SecondaryMass": 10, "PROCAMASS": 1e-17, "p0": 15.5, "e0": 0.3, "BHSpin": 1, "Trajectory Exit Reason": "Separatrix reached!", "mismatch": 6.0795642964350805e-09, "faithfulness": 0.9999999902467304, "DeltaNOrbits": 3.9184652972755445e-06}