{"SMBHMASS": 900000.0, "SecondaryMass": 10, "PROCAMASS": 4e-18, "p0": 11.523999999999997, "e0": 0.6, "BHSpin": 1, "Trajectory Exit Reason": "Separatrix reached!", "mismatch": 3.7969627442180354e-13, "faithfulness": 0.9999999999996502, "DeltaNOrbits": 1.2867747337711198e-08}