{"SMBHMASS": 800000.0, "SecondaryMass": 10, "PROCAMASS": 6e-18, "p0": 12.106, "e0": 0.7, "BHSpin": 1, "Trajectory Exit Reason": "Separatrix reached!", "mismatch": 6.283512599125629e-10, "faithfulness": 0.9999999989486725, "DeltaNOrbits": 9.721773026398493e-07}