{"SMBHMASS": 900000.0, "SecondaryMass": 10, "PROCAMASS": 8e-18, "p0": 11.288, "e0": 0.7, "BHSpin": 1, "Trajectory Exit Reason": "Separatrix reached!", "mismatch": 8.697286318570807e-05, "faithfulness": 0.9998456797848898, "DeltaNOrbits": 0.0003917533983639936}