{"SMBHMASS": 600000.0, "SecondaryMass": 10, "PROCAMASS": 5e-17, "p0": 14.339999999999998, "e0": 0.5, "BHSpin": 1, "Trajectory Exit Reason": "Separatrix reached!", "mismatch": 0.9987326020477693, "faithfulness": 0.0016998939969056198, "DeltaNOrbits": 11700.31498900568}