{"SMBHMASS": 700000.0, "SecondaryMass": 10, "PROCAMASS": 1e-17, "p0": 13.799999999999999, "e0": 0.1, "BHSpin": 1, "Trajectory Exit Reason": "Separatrix reached!", "mismatch": 2.2554755966242013e-05, "faithfulness": 0.9999504037689003, "DeltaNOrbits": 0.0002387565958494534}