{"SMBHMASS": 200000.0, "SecondaryMass": 10, "PROCAMASS": 4e-17, "p0": 25.6, "e0": 0.7, "BHSpin": 1, "Trajectory Exit Reason": "Separatrix reached!", "mismatch": 0.3651764089467371, "faithfulness": 0.5493631554653882, "DeltaNOrbits": 0.02277263672783051}