{"SMBHMASS": 300000.0, "SecondaryMass": 10, "PROCAMASS": 9e-18, "p0": 20.05, "e0": 0.2, "BHSpin": 1, "Trajectory Exit Reason": "Separatrix reached!", "mismatch": 5.695444116327053e-14, "faithfulness": 0.9999999999999832, "DeltaNOrbits": 9.264036960195246e-10}