{"SMBHMASS": 70000000.0, "SecondaryMass": 10, "PROCAMASS": 1e-19, "p0": 4.83, "e0": 0.1, "BHSpin": 1, "Trajectory Exit Reason": "Integration reached time boundary. Boundary location t = 732240.84", "mismatch": 8.855893796066994e-11, "faithfulness": 0.9998799331507991, "DeltaNOrbits": 9.271465559832702e-07}