{"SMBHMASS": 100000.0, "SecondaryMass": 10, "PROCAMASS": 8e-17, "p0": 34.8, "e0": 0.3, "BHSpin": 1, "Trajectory Exit Reason": "Separatrix reached!", "mismatch": 0.6187022485262065, "faithfulness": 0.3003683750215328, "DeltaNOrbits": 0.1361228948381616}