{"SMBHMASS": 1000000.0, "SecondaryMass": 10, "PROCAMASS": 1e-17, "p0": 10.47, "e0": 0.7, "BHSpin": 1, "Trajectory Exit Reason": "Separatrix reached!", "mismatch": 0.2461226988268851, "faithfulness": 0.5699960247900442, "DeltaNOrbits": 0.025005767910729507}