{"SMBHMASS": 3000000.0, "SecondaryMass": 10, "PROCAMASS": 3e-18, "p0": 6.97, "e0": 0.3, "BHSpin": 1, "Trajectory Exit Reason": "Separatrix reached!", "mismatch": 7.762161377644627e-05, "faithfulness": 0.9997382591565619, "DeltaNOrbits": -0.0002195188596417641}