{"SMBHMASS": 900000.0, "SecondaryMass": 10, "PROCAMASS": 3e-18, "p0": 11.759999999999998, "e0": 0.5, "BHSpin": 1, "Trajectory Exit Reason": "Separatrix reached!", "mismatch": 2.731148640577885e-14, "faithfulness": 0.9999999999999858, "DeltaNOrbits": 1.8528073920390493e-10}