{"SMBHMASS": 900000.0, "SecondaryMass": 10, "PROCAMASS": 5e-18, "p0": 11.288, "e0": 0.7, "BHSpin": 1, "Trajectory Exit Reason": "Separatrix reached!", "mismatch": 4.012179477541622e-11, "faithfulness": 0.9999999999360609, "DeltaNOrbits": 2.3587164504353116e-07}