{"SMBHMASS": 700000.0, "SecondaryMass": 10, "PROCAMASS": 6e-18, "p0": 13.202, "e0": 0.6, "BHSpin": 1, "Trajectory Exit Reason": "Separatrix reached!", "mismatch": 2.7962965276628893e-11, "faithfulness": 0.9999999999568573, "DeltaNOrbits": 1.9574910096892555e-07}