{"SMBHMASS": 400000.0, "SecondaryMass": 10, "PROCAMASS": 7e-18, "p0": 17.4, "e0": 0.1, "BHSpin": 1, "Trajectory Exit Reason": "Separatrix reached!", "mismatch": 5.88418203051333e-15, "faithfulness": 0.9999999999999931, "DeltaNOrbits": 1.241380952666163e-09}