{"SMBHMASS": 800000.0, "SecondaryMass": 10, "PROCAMASS": 5e-18, "p0": 12.71, "e0": 0.4, "BHSpin": 1, "Trajectory Exit Reason": "Separatrix reached!", "mismatch": 1.2108092306561957e-12, "faithfulness": 0.9999999999982909, "DeltaNOrbits": 4.0891459142301816e-08}