{"SMBHMASS": 1000000.0, "SecondaryMass": 10, "PROCAMASS": 6e-18, "p0": 10.47, "e0": 0.7, "BHSpin": 1, "Trajectory Exit Reason": "Separatrix reached!", "mismatch": 1.2678584349057331e-07, "faithfulness": 0.9999997734724022, "DeltaNOrbits": 1.5141327288482314e-05}