{"SMBHMASS": 700000.0, "SecondaryMass": 10, "PROCAMASS": 4e-18, "p0": 13.749999999999996, "e0": 0.2, "BHSpin": 1, "Trajectory Exit Reason": "Separatrix reached!", "mismatch": -1.2656542480726785e-14, "faithfulness": 0.9999999999999959, "DeltaNOrbits": 6.670106611340577e-10}