{"SMBHMASS": 900000.0, "SecondaryMass": 10, "PROCAMASS": 8e-18, "p0": 11.999999999999998, "e0": 0.1, "BHSpin": 1, "Trajectory Exit Reason": "Separatrix reached!", "mismatch": 5.039333985201733e-05, "faithfulness": 0.9998762143461937, "DeltaNOrbits": 0.00038176714634641847}