{"SMBHMASS": 700000.0, "SecondaryMass": 10, "PROCAMASS": 5e-18, "p0": 13.590000000000002, "e0": 0.4, "BHSpin": 1, "Trajectory Exit Reason": "Separatrix reached!", "mismatch": 4.4841907964610073e-13, "faithfulness": 0.999999999999542, "DeltaNOrbits": 1.57859189801727e-08}