{"SMBHMASS": 300000.0, "SecondaryMass": 10, "PROCAMASS": 2e-17, "p0": 19.15, "e0": 0.6, "BHSpin": 1, "Trajectory Exit Reason": "Separatrix reached!", "mismatch": 4.696556105909799e-06, "faithfulness": 0.9999946094047208, "DeltaNOrbits": 7.416897305968445e-05}