{"SMBHMASS": 700000.0, "SecondaryMass": 10, "PROCAMASS": 6e-18, "p0": 13.202, "e0": 0.6, "BHSpin": 1, "Trajectory Exit Reason": "Separatrix reached!", "mismatch": 1.866373722236858e-11, "faithfulness": 0.9999999999717625, "DeltaNOrbits": 1.679940462361806e-07}