{"SMBHMASS": 300000.0, "SecondaryMass": 10, "PROCAMASS": 6e-17, "p0": 20.0, "e0": 0.3, "BHSpin": 1, "Trajectory Exit Reason": "Separatrix reached!", "mismatch": 0.9942122634488201, "faithfulness": 0.0022163387916033393, "DeltaNOrbits": 453.60456544581814}