{"SMBHMASS": 400000.0, "SecondaryMass": 10, "PROCAMASS": 9e-18, "p0": 17.35, "e0": 0.2, "BHSpin": 1, "Trajectory Exit Reason": "Separatrix reached!", "mismatch": 3.858025010572419e-12, "faithfulness": 0.9999999999956833, "DeltaNOrbits": 7.650241721729234e-08}