{"SMBHMASS": 100000.0, "SecondaryMass": 10, "PROCAMASS": 8e-17, "p0": 34.95, "e0": 0.2, "BHSpin": 1, "Trajectory Exit Reason": "Separatrix reached!", "mismatch": 0.3976493127016779, "faithfulness": 0.5783235267892766, "DeltaNOrbits": 0.05323001248705419}