{"SMBHMASS": 700000.0, "SecondaryMass": 10, "PROCAMASS": 4e-18, "p0": 13.590000000000002, "e0": 0.4, "BHSpin": 1, "Trajectory Exit Reason": "Separatrix reached!", "mismatch": 1.708633234898116e-13, "faithfulness": 0.9999999999998795, "DeltaNOrbits": -3.5203340448741933e-10}