{"SMBHMASS": 300000.0, "SecondaryMass": 10, "PROCAMASS": 5e-17, "p0": 19.15, "e0": 0.6, "BHSpin": 1, "Trajectory Exit Reason": "Separatrix reached!", "mismatch": 0.9700028505958436, "faithfulness": 0.014391534239221107, "DeltaNOrbits": 13.37923315481427}