{"SMBHMASS": 200000.0, "SecondaryMass": 10, "PROCAMASS": 2e-17, "p0": 26.250000000000004, "e0": 0.6, "BHSpin": 1, "Trajectory Exit Reason": "Separatrix reached!", "mismatch": 2.4125996755941514e-09, "faithfulness": 0.9999999976659815, "DeltaNOrbits": 1.2589085105948523e-06}