{"SMBHMASS": 800000.0, "SecondaryMass": 10, "PROCAMASS": 8e-18, "p0": 12.849999999999998, "e0": 0.2, "BHSpin": 1, "Trajectory Exit Reason": "Separatrix reached!", "mismatch": 9.366053499437754e-07, "faithfulness": 0.9999978652544342, "DeltaNOrbits": 4.9851617162128735e-05}