{"SMBHMASS": 20000000.0, "SecondaryMass": 10, "PROCAMASS": 6e-19, "p0": 4.46, "e0": 0.7, "BHSpin": 1, "Trajectory Exit Reason": "Integration reached time boundary. Boundary location t = 2562842.94", "mismatch": 0.004748906597532465, "faithfulness": 0.9870498107668159, "DeltaNOrbits": -0.0023537064615632474}