{"SMBHMASS": 800000.0, "SecondaryMass": 10, "PROCAMASS": 4e-17, "p0": 12.71, "e0": 0.4, "BHSpin": 1, "Trajectory Exit Reason": "Separatrix reached!", "mismatch": 0.9993471630407198, "faithfulness": -0.0006898329716750653, "DeltaNOrbits": 3247.4135222513414}