{"SMBHMASS": 700000.0, "SecondaryMass": 10, "PROCAMASS": 5e-18, "p0": 13.590000000000002, "e0": 0.4, "BHSpin": 1, "Trajectory Exit Reason": "Separatrix reached!", "mismatch": 1.9384494009955233e-13, "faithfulness": 0.9999999999998384, "DeltaNOrbits": 8.170880598892207e-09}