{"SMBHMASS": 800000.0, "SecondaryMass": 10, "PROCAMASS": 8e-18, "p0": 12.62, "e0": 0.5, "BHSpin": 1, "Trajectory Exit Reason": "Separatrix reached!", "mismatch": 1.5758060345483216e-06, "faithfulness": 0.9999968918226466, "DeltaNOrbits": 5.888051433620031e-05}