{"SMBHMASS": 300000.0, "SecondaryMass": 10, "PROCAMASS": 1e-17, "p0": 19.6, "e0": 0.5, "BHSpin": 1, "Trajectory Exit Reason": "Separatrix reached!", "mismatch": 1.6053824936079764e-13, "faithfulness": 0.9999999999999101, "DeltaNOrbits": 4.706130775779185e-09}