{"SMBHMASS": 1000000.0, "SecondaryMass": 10, "PROCAMASS": 1e-17, "p0": 10.47, "e0": 0.7, "BHSpin": 1, "Trajectory Exit Reason": "Separatrix reached!", "mismatch": 0.20695267753796154, "faithfulness": 0.6370703739453242, "DeltaNOrbits": 0.022403722135801187}