{"SMBHMASS": 800000.0, "SecondaryMass": 10, "PROCAMASS": 7e-18, "p0": 12.106, "e0": 0.7, "BHSpin": 1, "Trajectory Exit Reason": "Separatrix reached!", "mismatch": 1.4347558807692451e-08, "faithfulness": 0.9999999754059423, "DeltaNOrbits": 4.524574179433279e-06}