{"SMBHMASS": 600000.0, "SecondaryMass": 10, "PROCAMASS": 6e-18, "p0": 14.469999999999999, "e0": 0.4, "BHSpin": 1, "Trajectory Exit Reason": "Separatrix reached!", "mismatch": 2.0117241206207837e-12, "faithfulness": 0.9999999999976444, "DeltaNOrbits": 4.8747362484547384e-08}