{"SMBHMASS": 100000.0, "SecondaryMass": 10, "PROCAMASS": 1e-16, "p0": 33.35, "e0": 0.6, "BHSpin": 1, "Trajectory Exit Reason": "Separatrix reached!", "mismatch": 0.9057823634567681, "faithfulness": 0.062085029852792774, "DeltaNOrbits": 1.4427445565482917}