{"SMBHMASS": 20000000.0, "SecondaryMass": 10, "PROCAMASS": 4e-19, "p0": 4.83, "e0": 0.2, "BHSpin": 1, "Trajectory Exit Reason": "Integration reached time boundary. Boundary location t = 2562842.94", "mismatch": 9.507175180445415e-08, "faithfulness": 0.9999991458344566, "DeltaNOrbits": -3.35378843081674e-05}