{"SMBHMASS": 300000.0, "SecondaryMass": 10, "PROCAMASS": 9e-18, "p0": 20.0, "e0": 0.3, "BHSpin": 1, "Trajectory Exit Reason": "Separatrix reached!", "mismatch": 1.745270594710746e-13, "faithfulness": 0.9999999999999113, "DeltaNOrbits": -3.7056147840780985e-11}