{"SMBHMASS": 800000.0, "SecondaryMass": 10, "PROCAMASS": 9e-18, "p0": 12.363, "e0": 0.6, "BHSpin": 1, "Trajectory Exit Reason": "Separatrix reached!", "mismatch": 3.516542486103891e-05, "faithfulness": 0.9999354654553654, "DeltaNOrbits": 0.00026146212048437867}