{"SMBHMASS": 600000.0, "SecondaryMass": 10, "PROCAMASS": 5e-18, "p0": 14.041, "e0": 0.6, "BHSpin": 1, "Trajectory Exit Reason": "Separatrix reached!", "mismatch": 1.3511414209688155e-13, "faithfulness": 0.9999999999999218, "DeltaNOrbits": 2.4271776835711545e-09}