{"SMBHMASS": 1000000.0, "SecondaryMass": 10, "PROCAMASS": 3e-18, "p0": 10.9, "e0": 0.5, "BHSpin": 1, "Trajectory Exit Reason": "Separatrix reached!", "mismatch": 1.9895196601282805e-13, "faithfulness": 0.9999999999998435, "DeltaNOrbits": 3.6592945992771222e-09}