{"SMBHMASS": 900000.0, "SecondaryMass": 10, "PROCAMASS": 3e-18, "p0": 11.288, "e0": 0.7, "BHSpin": 1, "Trajectory Exit Reason": "Separatrix reached!", "mismatch": -6.8833827526759706e-15, "faithfulness": 0.9999999999999983, "DeltaNOrbits": 5.5584221761171474e-11}