{"SMBHMASS": 80000000.0, "SecondaryMass": 10, "PROCAMASS": 1e-19, "p0": 4.76, "e0": 0.5, "BHSpin": 1, "Trajectory Exit Reason": "Integration reached time boundary. Boundary location t = 640710.74", "mismatch": 8.710172694215146e-09, "faithfulness": 0.9999357663937046, "DeltaNOrbits": -6.903251155503951e-06}