{"SMBHMASS": 1000000.0, "SecondaryMass": 10, "PROCAMASS": 3e-18, "p0": 10.9, "e0": 0.5, "BHSpin": 1, "Trajectory Exit Reason": "Separatrix reached!", "mismatch": 6.661338147750939e-15, "faithfulness": 0.9999999999999917, "DeltaNOrbits": 2.8718514576605264e-10}