{"SMBHMASS": 100000.0, "SecondaryMass": 10, "PROCAMASS": 7e-17, "p0": 33.35, "e0": 0.6, "BHSpin": 1, "Trajectory Exit Reason": "Separatrix reached!", "mismatch": 0.17945474936251116, "faithfulness": 0.8741437360646342, "DeltaNOrbits": 0.012585043317791235}