{"SMBHMASS": 500000.0, "SecondaryMass": 10, "PROCAMASS": 7e-18, "p0": 15.549999999999999, "e0": 0.2, "BHSpin": 1, "Trajectory Exit Reason": "Separatrix reached!", "mismatch": 5.31574784190525e-13, "faithfulness": 0.9999999999995461, "DeltaNOrbits": 2.001031983402173e-08}