{"SMBHMASS": 500000.0, "SecondaryMass": 10, "PROCAMASS": 1e-17, "p0": 15.350000000000001, "e0": 0.4, "BHSpin": 1, "Trajectory Exit Reason": "Separatrix reached!", "mismatch": 2.2204633687294972e-09, "faithfulness": 0.9999999965298509, "DeltaNOrbits": 2.2428048199893486e-06}