{"SMBHMASS": 5000000.0, "SecondaryMass": 10, "PROCAMASS": 1e-18, "p0": 5.7, "e0": 0.1, "BHSpin": 1, "Trajectory Exit Reason": "Separatrix reached!", "mismatch": 7.862599460395359e-13, "faithfulness": 0.9999999999529586, "DeltaNOrbits": -1.3632030386927305e-07}