{"SMBHMASS": 500000.0, "SecondaryMass": 10, "PROCAMASS": 1e-17, "p0": 15.6, "e0": 0.1, "BHSpin": 1, "Trajectory Exit Reason": "Separatrix reached!", "mismatch": 2.6793279817027837e-09, "faithfulness": 0.9999999954839816, "DeltaNOrbits": 2.6763802778004066e-06}