{"SMBHMASS": 1000000.0, "SecondaryMass": 10, "PROCAMASS": 3e-18, "p0": 10.9, "e0": 0.5, "BHSpin": 1, "Trajectory Exit Reason": "Separatrix reached!", "mismatch": 5.633271626948044e-13, "faithfulness": 0.9999999999995555, "DeltaNOrbits": -1.435925728830263e-09}