{"SMBHMASS": 700000.0, "SecondaryMass": 10, "PROCAMASS": 5e-18, "p0": 13.479999999999999, "e0": 0.5, "BHSpin": 1, "Trajectory Exit Reason": "Separatrix reached!", "mismatch": 4.758415883543421e-13, "faithfulness": 0.9999999999995228, "DeltaNOrbits": 1.7601670224370966e-08}