{"SMBHMASS": 800000.0, "SecondaryMass": 10, "PROCAMASS": 5e-18, "p0": 12.363, "e0": 0.6, "BHSpin": 1, "Trajectory Exit Reason": "Separatrix reached!", "mismatch": 7.034151039420067e-12, "faithfulness": 0.9999999999899403, "DeltaNOrbits": 9.558633335529454e-08}