{"SMBHMASS": 900000.0, "SecondaryMass": 10, "PROCAMASS": 6e-18, "p0": 11.759999999999998, "e0": 0.5, "BHSpin": 1, "Trajectory Exit Reason": "Separatrix reached!", "mismatch": 9.64643187550962e-09, "faithfulness": 0.9999999804385504, "DeltaNOrbits": 4.797752101315516e-06}