{"SMBHMASS": 100000.0, "SecondaryMass": 10, "PROCAMASS": 7e-17, "p0": 32.5, "e0": 0.7, "BHSpin": 1, "Trajectory Exit Reason": "Separatrix reached!", "mismatch": 0.0677311213701639, "faithfulness": 0.9638770261358985, "DeltaNOrbits": 0.0054142372236547385}