{"SMBHMASS": 600000.0, "SecondaryMass": 10, "PROCAMASS": 5e-17, "p0": 14.339999999999998, "e0": 0.5, "BHSpin": 1, "Trajectory Exit Reason": "Separatrix reached!", "mismatch": 0.9984884003465055, "faithfulness": -7.203474394062298e-05, "DeltaNOrbits": 1538.6979503210741}