{"SMBHMASS": 600000.0, "SecondaryMass": 10, "PROCAMASS": 9e-18, "p0": 13.741999999999999, "e0": 0.7, "BHSpin": 1, "Trajectory Exit Reason": "Separatrix reached!", "mismatch": 1.4894575017798672e-08, "faithfulness": 0.9999999772537945, "DeltaNOrbits": 4.727836414376922e-06}