{"SMBHMASS": 700000.0, "SecondaryMass": 10, "PROCAMASS": 6e-18, "p0": 13.479999999999999, "e0": 0.5, "BHSpin": 1, "Trajectory Exit Reason": "Separatrix reached!", "mismatch": 6.419909048815953e-11, "faithfulness": 0.999999999890884, "DeltaNOrbits": 3.566283668196762e-07}