{"SMBHMASS": 300000.0, "SecondaryMass": 10, "PROCAMASS": 1e-17, "p0": 18.7, "e0": 0.7, "BHSpin": 1, "Trajectory Exit Reason": "Separatrix reached!", "mismatch": 2.794431352981519e-13, "faithfulness": 0.9999999999998419, "DeltaNOrbits": 1.3266100926999592e-08}