{"SMBHMASS": 800000.0, "SecondaryMass": 10, "PROCAMASS": 7e-18, "p0": 12.799999999999999, "e0": 0.3, "BHSpin": 1, "Trajectory Exit Reason": "Separatrix reached!", "mismatch": 2.269335264148964e-08, "faithfulness": 0.9999999504370607, "DeltaNOrbits": 7.661173285342264e-06}