{"SMBHMASS": 800000.0, "SecondaryMass": 10, "PROCAMASS": 7e-18, "p0": 12.62, "e0": 0.5, "BHSpin": 1, "Trajectory Exit Reason": "Separatrix reached!", "mismatch": 2.8163292031813114e-08, "faithfulness": 0.9999999445886574, "DeltaNOrbits": 7.807860046569996e-06}