{"SMBHMASS": 900000.0, "SecondaryMass": 10, "PROCAMASS": 4e-18, "p0": 11.759999999999998, "e0": 0.5, "BHSpin": 1, "Trajectory Exit Reason": "Separatrix reached!", "mismatch": 9.099387909827783e-13, "faithfulness": 0.9999999999991138, "DeltaNOrbits": 1.697171571107769e-08}