{"SMBHMASS": 800000.0, "SecondaryMass": 10, "PROCAMASS": 7e-18, "p0": 12.849999999999998, "e0": 0.2, "BHSpin": 1, "Trajectory Exit Reason": "Separatrix reached!", "mismatch": 3.523580927033976e-08, "faithfulness": 0.9999999198988219, "DeltaNOrbits": 9.713379808912557e-06}