{"SMBHMASS": 700000.0, "SecondaryMass": 10, "PROCAMASS": 6e-18, "p0": 13.799999999999999, "e0": 0.1, "BHSpin": 1, "Trajectory Exit Reason": "Separatrix reached!", "mismatch": 5.2239546022292416e-11, "faithfulness": 0.9999999998962228, "DeltaNOrbits": 3.545161663927517e-07}