{"SMBHMASS": 600000.0, "SecondaryMass": 10, "PROCAMASS": 7e-18, "p0": 14.599999999999998, "e0": 0.3, "BHSpin": 1, "Trajectory Exit Reason": "Separatrix reached!", "mismatch": 1.0141443240740955e-11, "faithfulness": 0.9999999999835223, "DeltaNOrbits": 1.4689057004085583e-07}