{"SMBHMASS": 600000.0, "SecondaryMass": 10, "PROCAMASS": 5e-18, "p0": 14.599999999999998, "e0": 0.3, "BHSpin": 1, "Trajectory Exit Reason": "Separatrix reached!", "mismatch": 1.687538997430238e-14, "faithfulness": 0.9999999999999667, "DeltaNOrbits": 2.001031983402173e-09}