{"SMBHMASS": 500000.0, "SecondaryMass": 10, "PROCAMASS": 7e-18, "p0": 15.2, "e0": 0.5, "BHSpin": 1, "Trajectory Exit Reason": "Separatrix reached!", "mismatch": 2.7633451082920146e-13, "faithfulness": 0.9999999999997832, "DeltaNOrbits": 1.2710258709387877e-08}