{"SMBHMASS": 700000.0, "SecondaryMass": 10, "PROCAMASS": 4e-18, "p0": 13.799999999999999, "e0": 0.1, "BHSpin": 1, "Trajectory Exit Reason": "Separatrix reached!", "mismatch": 7.771561172376096e-16, "faithfulness": 0.9999999999999936, "DeltaNOrbits": 7.225948828952291e-10}