{"SMBHMASS": 700000.0, "SecondaryMass": 10, "PROCAMASS": 6e-18, "p0": 13.590000000000002, "e0": 0.4, "BHSpin": 1, "Trajectory Exit Reason": "Separatrix reached!", "mismatch": 1.1576628544673895e-11, "faithfulness": 0.9999999999806348, "DeltaNOrbits": 1.473352438149452e-07}