{"SMBHMASS": 1000000.0, "SecondaryMass": 10, "PROCAMASS": 4e-18, "p0": 10.47, "e0": 0.7, "BHSpin": 1, "Trajectory Exit Reason": "Separatrix reached!", "mismatch": 1.8982593275040927e-12, "faithfulness": 0.9999999999977657, "DeltaNOrbits": 3.9724190485317215e-08}