{"SMBHMASS": 1000000.0, "SecondaryMass": 10, "PROCAMASS": 8e-18, "p0": 11.0, "e0": 0.3, "BHSpin": 1, "Trajectory Exit Reason": "Separatrix reached!", "mismatch": 0.0003570086767700209, "faithfulness": 0.9991787134886462, "DeltaNOrbits": 0.0010299135046026523}