{"SMBHMASS": 300000.0, "SecondaryMass": 10, "PROCAMASS": 5e-17, "p0": 19.6, "e0": 0.5, "BHSpin": 1, "Trajectory Exit Reason": "Separatrix reached!", "mismatch": 0.9762073337300792, "faithfulness": 0.010366906560476645, "DeltaNOrbits": 23.40177651704232}