{"SMBHMASS": 900000.0, "SecondaryMass": 10, "PROCAMASS": 9e-18, "p0": 11.523999999999997, "e0": 0.6, "BHSpin": 1, "Trajectory Exit Reason": "Separatrix reached!", "mismatch": 0.0011787558548093102, "faithfulness": 0.9977650834560008, "DeltaNOrbits": 0.001581166392416582}