{"SMBHMASS": 800000.0, "SecondaryMass": 10, "PROCAMASS": 4e-18, "p0": 12.106, "e0": 0.7, "BHSpin": 1, "Trajectory Exit Reason": "Separatrix reached!", "mismatch": 4.596323321948148e-14, "faithfulness": 0.9999999999999699, "DeltaNOrbits": 1.3062292113875297e-09}