{"SMBHMASS": 600000.0, "SecondaryMass": 10, "PROCAMASS": 8e-18, "p0": 14.599999999999998, "e0": 0.3, "BHSpin": 1, "Trajectory Exit Reason": "Separatrix reached!", "mismatch": 1.2345344746478304e-09, "faithfulness": 0.9999999977316226, "DeltaNOrbits": 1.6712878518409835e-06}