{"SMBHMASS": 2000000.0, "SecondaryMass": 10, "PROCAMASS": 6e-18, "p0": 8.985, "e0": 0.3, "BHSpin": 1, "Trajectory Exit Reason": "Separatrix reached!", "mismatch": 0.6053099690345072, "faithfulness": -0.4937967302285243, "DeltaNOrbits": 0.017066804195086743}