{"SMBHMASS": 40000000.0, "SecondaryMass": 10, "PROCAMASS": 8e-19, "p0": 4.83, "e0": 0.2, "BHSpin": 1, "Trajectory Exit Reason": "Integration reached time boundary. Boundary location t = 1281421.47", "mismatch": 0.992329115175897, "faithfulness": 0.041703751882911554, "DeltaNOrbits": -1318.2427876694958}