{"SMBHMASS": 300000.0, "SecondaryMass": 10, "PROCAMASS": 1e-17, "p0": 19.6, "e0": 0.5, "BHSpin": 1, "Trajectory Exit Reason": "Separatrix reached!", "mismatch": 3.809175197488912e-13, "faithfulness": 0.9999999999998083, "DeltaNOrbits": 5.2619729933909e-09}