{"SMBHMASS": 600000.0, "SecondaryMass": 10, "PROCAMASS": 6e-18, "p0": 14.599999999999998, "e0": 0.3, "BHSpin": 1, "Trajectory Exit Reason": "Separatrix reached!", "mismatch": 5.366818101038007e-13, "faithfulness": 0.9999999999994253, "DeltaNOrbits": 2.214104833486664e-08}