{"SMBHMASS": 300000.0, "SecondaryMass": 10, "PROCAMASS": 2e-17, "p0": 20.05, "e0": 0.2, "BHSpin": 1, "Trajectory Exit Reason": "Separatrix reached!", "mismatch": 1.4856016679054562e-05, "faithfulness": 0.9999819714646647, "DeltaNOrbits": 0.00016345800317899058}