{"SMBHMASS": 700000.0, "SecondaryMass": 10, "PROCAMASS": 5e-18, "p0": 13.799999999999999, "e0": 0.1, "BHSpin": 1, "Trajectory Exit Reason": "Separatrix reached!", "mismatch": 5.095923683029469e-13, "faithfulness": 0.9999999999994699, "DeltaNOrbits": 1.6842019193634957e-08}