{"SMBHMASS": 600000.0, "SecondaryMass": 10, "PROCAMASS": 8e-18, "p0": 13.741999999999999, "e0": 0.7, "BHSpin": 1, "Trajectory Exit Reason": "Separatrix reached!", "mismatch": 3.676479343184269e-09, "faithfulness": 0.9999999945212186, "DeltaNOrbits": 2.1675623117986428e-06}