{"SMBHMASS": 900000.0, "SecondaryMass": 10, "PROCAMASS": 3e-18, "p0": 11.288, "e0": 0.7, "BHSpin": 1, "Trajectory Exit Reason": "Separatrix reached!", "mismatch": -1.354472090042691e-14, "faithfulness": 0.9999999999999942, "DeltaNOrbits": 1.9454477616410017e-10}