{"SMBHMASS": 800000.0, "SecondaryMass": 10, "PROCAMASS": 5e-18, "p0": 12.849999999999998, "e0": 0.2, "BHSpin": 1, "Trajectory Exit Reason": "Separatrix reached!", "mismatch": 6.867395541121368e-12, "faithfulness": 0.9999999999904509, "DeltaNOrbits": 1.1952460486043907e-07}