{"SMBHMASS": 800000.0, "SecondaryMass": 10, "PROCAMASS": 4e-18, "p0": 12.71, "e0": 0.4, "BHSpin": 1, "Trajectory Exit Reason": "Separatrix reached!", "mismatch": 3.419486915845482e-14, "faithfulness": 0.9999999999999653, "DeltaNOrbits": 2.3901215357303735e-09}