{"SMBHMASS": 30000000.0, "SecondaryMass": 10, "PROCAMASS": 9e-19, "p0": 4.76, "e0": 0.5, "BHSpin": 1, "Trajectory Exit Reason": "Integration reached time boundary. Boundary location t = 1708561.96", "mismatch": 0.9890152198601602, "faithfulness": 0.011738492119153347, "DeltaNOrbits": -70.9152885403569}