{"SMBHMASS": 100000.0, "SecondaryMass": 10, "PROCAMASS": 5e-17, "p0": 32.5, "e0": 0.7, "BHSpin": 1, "Trajectory Exit Reason": "Separatrix reached!", "mismatch": 1.9658634990094015e-05, "faithfulness": 0.9999897734844672, "DeltaNOrbits": 8.173867324408174e-05}