{"SMBHMASS": 700000.0, "SecondaryMass": 10, "PROCAMASS": 9e-18, "p0": 13.202, "e0": 0.6, "BHSpin": 1, "Trajectory Exit Reason": "Separatrix reached!", "mismatch": 8.005903752161814e-07, "faithfulness": 0.9999985997614412, "DeltaNOrbits": 3.795989170239587e-05}