{"SMBHMASS": 1000000.0, "SecondaryMass": 10, "PROCAMASS": 4e-18, "p0": 11.0, "e0": 0.3, "BHSpin": 1, "Trajectory Exit Reason": "Separatrix reached!", "mismatch": 1.513789094076401e-12, "faithfulness": 0.9999999999976854, "DeltaNOrbits": 4.693161124034912e-08}