{"SMBHMASS": 600000.0, "SecondaryMass": 10, "PROCAMASS": 9e-18, "p0": 14.649999999999997, "e0": 0.2, "BHSpin": 1, "Trajectory Exit Reason": "Separatrix reached!", "mismatch": 2.3772911639241556e-08, "faithfulness": 0.9999999542255062, "DeltaNOrbits": 7.85125279569155e-06}