{"SMBHMASS": 200000.0, "SecondaryMass": 10, "PROCAMASS": 2e-17, "p0": 27.6, "e0": 0.1, "BHSpin": 1, "Trajectory Exit Reason": "Separatrix reached!", "mismatch": 6.200622904017905e-09, "faithfulness": 0.9999999935296815, "DeltaNOrbits": 2.650070412833452e-06}