{"SMBHMASS": 800000.0, "SecondaryMass": 10, "PROCAMASS": 6e-18, "p0": 12.106, "e0": 0.7, "BHSpin": 1, "Trajectory Exit Reason": "Separatrix reached!", "mismatch": 2.6166868671850807e-10, "faithfulness": 0.9999999995655683, "DeltaNOrbits": 5.785483722011534e-07}