{"SMBHMASS": 800000.0, "SecondaryMass": 10, "PROCAMASS": 9e-18, "p0": 12.62, "e0": 0.5, "BHSpin": 1, "Trajectory Exit Reason": "Separatrix reached!", "mismatch": 0.00011508249675751259, "faithfulness": 0.9997725577403461, "DeltaNOrbits": 0.0005125079986756748}