{"SMBHMASS": 500000.0, "SecondaryMass": 10, "PROCAMASS": 2e-17, "p0": 15.549999999999999, "e0": 0.2, "BHSpin": 1, "Trajectory Exit Reason": "Separatrix reached!", "mismatch": 0.5030480245987747, "faithfulness": 0.1899808012149412, "DeltaNOrbits": 0.07442331780585304}