{"SMBHMASS": 800000.0, "SecondaryMass": 10, "PROCAMASS": 5e-18, "p0": 12.106, "e0": 0.7, "BHSpin": 1, "Trajectory Exit Reason": "Separatrix reached!", "mismatch": 1.723066134218243e-12, "faithfulness": 0.9999999999978842, "DeltaNOrbits": 3.612974414476146e-08}