{"SMBHMASS": 200000.0, "SecondaryMass": 10, "PROCAMASS": 8e-17, "p0": 27.5, "e0": 0.2, "BHSpin": 1, "Trajectory Exit Reason": "Separatrix reached!", "mismatch": 0.9942307210481858, "faithfulness": 0.0015987055861631254, "DeltaNOrbits": 542.1276097349441}