{"SMBHMASS": 100000.0, "SecondaryMass": 10, "PROCAMASS": 3e-17, "p0": 35.1, "e0": 0.1, "BHSpin": 1, "Trajectory Exit Reason": "Separatrix reached!", "mismatch": 3.856026609128094e-12, "faithfulness": 0.9999999999981267, "DeltaNOrbits": 5.391669510833633e-08}