{"SMBHMASS": 400000.0, "SecondaryMass": 10, "PROCAMASS": 2e-17, "p0": 16.625, "e0": 0.6, "BHSpin": 1, "Trajectory Exit Reason": "Separatrix reached!", "mismatch": 0.00495613571261333, "faithfulness": 0.9935167660322644, "DeltaNOrbits": 0.002653742843837139}