{"SMBHMASS": 600000.0, "SecondaryMass": 10, "PROCAMASS": 6e-18, "p0": 14.469999999999999, "e0": 0.4, "BHSpin": 1, "Trajectory Exit Reason": "Separatrix reached!", "mismatch": 8.955058916626513e-13, "faithfulness": 0.9999999999990692, "DeltaNOrbits": 2.9218772572455808e-08}