{"SMBHMASS": 900000.0, "SecondaryMass": 10, "PROCAMASS": 7e-18, "p0": 11.95, "e0": 0.2, "BHSpin": 1, "Trajectory Exit Reason": "Separatrix reached!", "mismatch": 5.926018276092293e-07, "faithfulness": 0.9999986019029539, "DeltaNOrbits": 4.058029866888278e-05}