{"SMBHMASS": 300000.0, "SecondaryMass": 10, "PROCAMASS": 2e-17, "p0": 19.6, "e0": 0.5, "BHSpin": 1, "Trajectory Exit Reason": "Separatrix reached!", "mismatch": 8.547561810456905e-06, "faithfulness": 0.9999900330335161, "DeltaNOrbits": 0.00011013928312836094}