{"SMBHMASS": 300000.0, "SecondaryMass": 10, "PROCAMASS": 9e-18, "p0": 19.6, "e0": 0.5, "BHSpin": 1, "Trajectory Exit Reason": "Separatrix reached!", "mismatch": 3.574918139293004e-14, "faithfulness": 0.9999999999999826, "DeltaNOrbits": 5.187860697709338e-10}