{"SMBHMASS": 700000.0, "SecondaryMass": 10, "PROCAMASS": 1e-17, "p0": 13.7, "e0": 0.3, "BHSpin": 1, "Trajectory Exit Reason": "Separatrix reached!", "mismatch": 8.006222918943706e-05, "faithfulness": 0.9998356568993629, "DeltaNOrbits": 0.000448918852273716}