{"SMBHMASS": 800000.0, "SecondaryMass": 10, "PROCAMASS": 1e-17, "p0": 12.106, "e0": 0.7, "BHSpin": 1, "Trajectory Exit Reason": "Separatrix reached!", "mismatch": 0.0013772695722885642, "faithfulness": 0.9976387945428568, "DeltaNOrbits": 0.0014476297371090717}