{"SMBHMASS": 700000.0, "SecondaryMass": 10, "PROCAMASS": 8e-18, "p0": 12.924, "e0": 0.7, "BHSpin": 1, "Trajectory Exit Reason": "Separatrix reached!", "mismatch": 4.934259134614649e-08, "faithfulness": 0.9999999192956669, "DeltaNOrbits": 8.517522333868793e-06}