{"SMBHMASS": 200000.0, "SecondaryMass": 10, "PROCAMASS": 2e-17, "p0": 25.6, "e0": 0.7, "BHSpin": 1, "Trajectory Exit Reason": "Separatrix reached!", "mismatch": 2.921167974179184e-09, "faithfulness": 0.9999999972595591, "DeltaNOrbits": 1.2144040770380744e-06}