{"SMBHMASS": 600000.0, "SecondaryMass": 10, "PROCAMASS": 1e-17, "p0": 14.041, "e0": 0.6, "BHSpin": 1, "Trajectory Exit Reason": "Separatrix reached!", "mismatch": 8.051634653449824e-07, "faithfulness": 0.9999987113761682, "DeltaNOrbits": 3.7319450299263656e-05}