{"SMBHMASS": 50000000.0, "SecondaryMass": 10, "PROCAMASS": 1e-19, "p0": 4.83, "e0": 0.3, "BHSpin": 1, "Trajectory Exit Reason": "Integration reached time boundary. Boundary location t = 1025137.18", "mismatch": 5.966338534335591e-13, "faithfulness": 0.9999996467322742, "DeltaNOrbits": 1.7263532875323842e-08}