{"SMBHMASS": 900000.0, "SecondaryMass": 10, "PROCAMASS": 8e-18, "p0": 11.830000000000002, "e0": 0.4, "BHSpin": 1, "Trajectory Exit Reason": "Separatrix reached!", "mismatch": 4.46012976778043e-05, "faithfulness": 0.9999036318504259, "DeltaNOrbits": 0.0003447136109640603}