{"SMBHMASS": 1000000.0, "SecondaryMass": 10, "PROCAMASS": 8e-18, "p0": 10.9, "e0": 0.5, "BHSpin": 1, "Trajectory Exit Reason": "Separatrix reached!", "mismatch": 0.00047340740805146275, "faithfulness": 0.9990169441163634, "DeltaNOrbits": 0.0011373853750409903}