{"SMBHMASS": 400000.0, "SecondaryMass": 10, "PROCAMASS": 2e-17, "p0": 17.35, "e0": 0.2, "BHSpin": 1, "Trajectory Exit Reason": "Separatrix reached!", "mismatch": 0.0175915751871768, "faithfulness": 0.9745665842068926, "DeltaNOrbits": 0.006369895488485533}