{"SMBHMASS": 700000.0, "SecondaryMass": 10, "PROCAMASS": 9e-18, "p0": 13.749999999999996, "e0": 0.2, "BHSpin": 1, "Trajectory Exit Reason": "Separatrix reached!", "mismatch": 1.5174577819854207e-06, "faithfulness": 0.9999967584985718, "DeltaNOrbits": 6.4191642309702e-05}