{"SMBHMASS": 500000.0, "SecondaryMass": 10, "PROCAMASS": 2e-17, "p0": 14.56, "e0": 0.7, "BHSpin": 1, "Trajectory Exit Reason": "Separatrix reached!", "mismatch": 0.6419019179635836, "faithfulness": 0.14037052055981547, "DeltaNOrbits": 0.08944844327719566}