{"SMBHMASS": 20000000.0, "SecondaryMass": 10, "PROCAMASS": 2e-19, "p0": 4.83, "e0": 0.1, "BHSpin": 1, "Trajectory Exit Reason": "Integration reached time boundary. Boundary location t = 2562842.94", "mismatch": 2.3869795029440866e-14, "faithfulness": 0.999999999468944, "DeltaNOrbits": -1.2738050820268462e-10}