{"SMBHMASS": 500000.0, "SecondaryMass": 10, "PROCAMASS": 6e-17, "p0": 14.56, "e0": 0.7, "BHSpin": 1, "Trajectory Exit Reason": "Separatrix reached!", "mismatch": 0.9999206055390261, "faithfulness": -0.0005494354042596313, "DeltaNOrbits": 15210.523388655876}