{"SMBHMASS": 500000.0, "SecondaryMass": 10, "PROCAMASS": 2e-17, "p0": 15.2, "e0": 0.5, "BHSpin": 1, "Trajectory Exit Reason": "Separatrix reached!", "mismatch": 0.3647705104820472, "faithfulness": 0.44110786539976166, "DeltaNOrbits": 0.042193612288595306}