{"SMBHMASS": 90000000.0, "SecondaryMass": 10, "PROCAMASS": 1e-19, "p0": 4.83, "e0": 0.1, "BHSpin": 1, "Trajectory Exit Reason": "Integration reached time boundary. Boundary location t = 569520.65", "mismatch": 3.067063247819135e-08, "faithfulness": 0.9989476931305491, "DeltaNOrbits": 2.235377030955126e-05}