{"SMBHMASS": 9000000.0, "SecondaryMass": 10, "PROCAMASS": 9e-19, "p0": 5.004, "e0": 0.1, "BHSpin": 1, "Trajectory Exit Reason": "Separatrix reached!", "mismatch": 5.819245940674733e-08, "faithfulness": 0.9999996771220475, "DeltaNOrbits": -0.00017470069484131065}