{"SMBHMASS": 700000.0, "SecondaryMass": 10, "PROCAMASS": 7e-18, "p0": 12.924, "e0": 0.7, "BHSpin": 1, "Trajectory Exit Reason": "Separatrix reached!", "mismatch": 7.101642607310055e-10, "faithfulness": 0.9999999988510141, "DeltaNOrbits": 9.906868484863193e-07}