{"SMBHMASS": 300000.0, "SecondaryMass": 10, "PROCAMASS": 3e-17, "p0": 18.7, "e0": 0.7, "BHSpin": 1, "Trajectory Exit Reason": "Separatrix reached!", "mismatch": 0.5431911853346193, "faithfulness": 0.31584943153685885, "DeltaNOrbits": 0.043661937485919865}