{"SMBHMASS": 600000.0, "SecondaryMass": 10, "PROCAMASS": 9e-18, "p0": 14.041, "e0": 0.6, "BHSpin": 1, "Trajectory Exit Reason": "Separatrix reached!", "mismatch": 3.844816431897158e-08, "faithfulness": 0.9999999385859321, "DeltaNOrbits": 8.155669050203566e-06}