{"SMBHMASS": 600000.0, "SecondaryMass": 10, "PROCAMASS": 9e-18, "p0": 14.7, "e0": 0.1, "BHSpin": 1, "Trajectory Exit Reason": "Separatrix reached!", "mismatch": 9.171465265023215e-08, "faithfulness": 0.9999998207196011, "DeltaNOrbits": 1.600573604916421e-05}