{"SMBHMASS": 700000.0, "SecondaryMass": 10, "PROCAMASS": 7e-18, "p0": 13.479999999999999, "e0": 0.5, "BHSpin": 1, "Trajectory Exit Reason": "Separatrix reached!", "mismatch": 6.623159798380129e-10, "faithfulness": 0.9999999987845819, "DeltaNOrbits": 1.1967468225919423e-06}