{"SMBHMASS": 600000.0, "SecondaryMass": 10, "PROCAMASS": 1e-17, "p0": 13.741999999999999, "e0": 0.7, "BHSpin": 1, "Trajectory Exit Reason": "Separatrix reached!", "mismatch": 7.949076763491547e-07, "faithfulness": 0.9999987939543793, "DeltaNOrbits": 3.268089140907213e-05}