{"SMBHMASS": 700000.0, "SecondaryMass": 10, "PROCAMASS": 9e-18, "p0": 13.479999999999999, "e0": 0.5, "BHSpin": 1, "Trajectory Exit Reason": "Separatrix reached!", "mismatch": 3.968990068381473e-06, "faithfulness": 0.9999926412545372, "DeltaNOrbits": 9.200431935233938e-05}