{"SMBHMASS": 500000.0, "SecondaryMass": 10, "PROCAMASS": 7e-18, "p0": 15.2, "e0": 0.5, "BHSpin": 1, "Trajectory Exit Reason": "Separatrix reached!", "mismatch": 5.416778137146139e-13, "faithfulness": 0.9999999999995391, "DeltaNOrbits": 1.839837740294776e-08}