{"SMBHMASS": 700000.0, "SecondaryMass": 10, "PROCAMASS": 9e-18, "p0": 13.202, "e0": 0.6, "BHSpin": 1, "Trajectory Exit Reason": "Separatrix reached!", "mismatch": 2.480611860811166e-06, "faithfulness": 0.9999956969625685, "DeltaNOrbits": 6.376601539560279e-05}