{"SMBHMASS": 600000.0, "SecondaryMass": 10, "PROCAMASS": 6e-18, "p0": 14.599999999999998, "e0": 0.3, "BHSpin": 1, "Trajectory Exit Reason": "Separatrix reached!", "mismatch": 1.0480505352461478e-12, "faithfulness": 0.9999999999988164, "DeltaNOrbits": 3.027487278591806e-08}