{"SMBHMASS": 700000.0, "SecondaryMass": 10, "PROCAMASS": 5e-18, "p0": 13.749999999999996, "e0": 0.2, "BHSpin": 1, "Trajectory Exit Reason": "Separatrix reached!", "mismatch": 8.184564137536654e-13, "faithfulness": 0.9999999999990051, "DeltaNOrbits": 2.634692111479528e-08}