{"SMBHMASS": 600000.0, "SecondaryMass": 10, "PROCAMASS": 1e-17, "p0": 14.599999999999998, "e0": 0.3, "BHSpin": 1, "Trajectory Exit Reason": "Separatrix reached!", "mismatch": 6.812839282721583e-07, "faithfulness": 0.9999987279677086, "DeltaNOrbits": 3.960624076674001e-05}