{"SMBHMASS": 800000.0, "SecondaryMass": 10, "PROCAMASS": 5e-17, "p0": 12.849999999999998, "e0": 0.2, "BHSpin": 1, "Trajectory Exit Reason": "Separatrix reached!", "mismatch": 0.9992529170641657, "faithfulness": 0.001419641049355202, "DeltaNOrbits": 10856.379013950433}