{"SMBHMASS": 1000000.0, "SecondaryMass": 10, "PROCAMASS": 6e-18, "p0": 11.0, "e0": 0.3, "BHSpin": 1, "Trajectory Exit Reason": "Separatrix reached!", "mismatch": 5.7462903990668224e-08, "faithfulness": 0.9999998696090552, "DeltaNOrbits": 1.2735697754880573e-05}