{"SMBHMASS": 400000.0, "SecondaryMass": 10, "PROCAMASS": 1e-17, "p0": 17.35, "e0": 0.2, "BHSpin": 1, "Trajectory Exit Reason": "Separatrix reached!", "mismatch": 1.8995360839824116e-11, "faithfulness": 0.9999999999749896, "DeltaNOrbits": 1.874485238525906e-07}