{"SMBHMASS": 800000.0, "SecondaryMass": 10, "PROCAMASS": 5e-18, "p0": 12.899999999999999, "e0": 0.1, "BHSpin": 1, "Trajectory Exit Reason": "Separatrix reached!", "mismatch": 1.41797684705125e-12, "faithfulness": 0.9999999999976916, "DeltaNOrbits": 4.4560017778539136e-08}