{"SMBHMASS": 2000000.0, "SecondaryMass": 10, "PROCAMASS": 1e-17, "p0": 8.9, "e0": 0.5, "BHSpin": 1, "Trajectory Exit Reason": "Separatrix reached!", "mismatch": 0.9869092341363733, "faithfulness": 0.011107001290033128, "DeltaNOrbits": -23.689739875865726}