{"SMBHMASS": 100000.0, "SecondaryMass": 10, "PROCAMASS": 4e-17, "p0": 34.2, "e0": 0.5, "BHSpin": 1, "Trajectory Exit Reason": "Separatrix reached!", "mismatch": 1.1812845590597476e-08, "faithfulness": 0.9999999940588045, "DeltaNOrbits": 2.6381198051548003e-06}