{"SMBHMASS": 800000.0, "SecondaryMass": 10, "PROCAMASS": 1e-17, "p0": 12.799999999999999, "e0": 0.3, "BHSpin": 1, "Trajectory Exit Reason": "Separatrix reached!", "mismatch": 0.0011416194433992999, "faithfulness": 0.9974989563309137, "DeltaNOrbits": 0.0017342875090430913}