{"SMBHMASS": 40000000.0, "SecondaryMass": 10, "PROCAMASS": 1e-19, "p0": 4.609999999999999, "e0": 0.6, "BHSpin": 1, "Trajectory Exit Reason": "Integration reached time boundary. Boundary location t = 1281421.47", "mismatch": 9.35918009759007e-13, "faithfulness": 0.9999999365815917, "DeltaNOrbits": 3.9456691418091576e-08}