{"SMBHMASS": 900000.0, "SecondaryMass": 10, "PROCAMASS": 4e-18, "p0": 11.899999999999999, "e0": 0.3, "BHSpin": 1, "Trajectory Exit Reason": "Separatrix reached!", "mismatch": 3.7325698087897763e-13, "faithfulness": 0.9999999999995923, "DeltaNOrbits": 1.3821943144611308e-08}