{"SMBHMASS": 80000000.0, "SecondaryMass": 10, "PROCAMASS": 1e-19, "p0": 4.609999999999999, "e0": 0.6, "BHSpin": 1, "Trajectory Exit Reason": "Integration reached time boundary. Boundary location t = 640710.74", "mismatch": 1.4686024174537238e-08, "faithfulness": 0.9996258528483528, "DeltaNOrbits": 2.1693422227998513e-05}