{"SMBHMASS": 40000000.0, "SecondaryMass": 10, "PROCAMASS": 5e-19, "p0": 4.83, "e0": 0.1, "BHSpin": 1, "Trajectory Exit Reason": "Integration reached time boundary. Boundary location t = 1281421.47", "mismatch": 0.9325860817475548, "faithfulness": 0.05370860087477575, "DeltaNOrbits": -3.5863134004797805}