{"SMBHMASS": 1000000.0, "SecondaryMass": 10, "PROCAMASS": 5e-18, "p0": 10.47, "e0": 0.7, "BHSpin": 1, "Trajectory Exit Reason": "Separatrix reached!", "mismatch": 8.883482838228929e-10, "faithfulness": 0.9999999984461676, "DeltaNOrbits": 1.281049558929719e-06}