{"SMBHMASS": 80000000.0, "SecondaryMass": 10, "PROCAMASS": 5e-19, "p0": 4.609999999999999, "e0": 0.6, "BHSpin": 1, "Trajectory Exit Reason": "Integration reached time boundary. Boundary location t = 640710.74", "mismatch": 0.9925580081167454, "faithfulness": 0.6485093241491118, "DeltaNOrbits": -1068.0517023212035}