{"SMBHMASS": 400000.0, "SecondaryMass": 10, "PROCAMASS": 2e-17, "p0": 17.3, "e0": 0.3, "BHSpin": 1, "Trajectory Exit Reason": "Separatrix reached!", "mismatch": 0.012945551930487631, "faithfulness": 0.9815921760311148, "DeltaNOrbits": 0.005188285805837367}