{"SMBHMASS": 1000000.0, "SecondaryMass": 10, "PROCAMASS": 6e-18, "p0": 10.950000000000003, "e0": 0.4, "BHSpin": 1, "Trajectory Exit Reason": "Separatrix reached!", "mismatch": 3.6196975750080185e-08, "faithfulness": 0.9999999223702978, "DeltaNOrbits": 9.97734927805636e-06}