{"SMBHMASS": 300000.0, "SecondaryMass": 10, "PROCAMASS": 1e-17, "p0": 20.0, "e0": 0.3, "BHSpin": 1, "Trajectory Exit Reason": "Separatrix reached!", "mismatch": 5.906386491005833e-14, "faithfulness": 0.9999999999999679, "DeltaNOrbits": 4.409681593052937e-09}