{"SMBHMASS": 4000000.0, "SecondaryMass": 10, "PROCAMASS": 4e-18, "p0": 6.35, "e0": 0.1, "BHSpin": 1, "Trajectory Exit Reason": "Separatrix reached!", "mismatch": 0.8231522141574402, "faithfulness": 0.14651138066419966, "DeltaNOrbits": -2.103613208285368}