{"SMBHMASS": 900000.0, "SecondaryMass": 10, "PROCAMASS": 5e-18, "p0": 11.899999999999999, "e0": 0.3, "BHSpin": 1, "Trajectory Exit Reason": "Separatrix reached!", "mismatch": 2.4401702880538778e-11, "faithfulness": 0.9999999999515952, "DeltaNOrbits": 2.2013204624815943e-07}