{"SMBHMASS": 800000.0, "SecondaryMass": 10, "PROCAMASS": 1e-17, "p0": 12.849999999999998, "e0": 0.2, "BHSpin": 1, "Trajectory Exit Reason": "Separatrix reached!", "mismatch": 0.0013338497963089058, "faithfulness": 0.9969618563244845, "DeltaNOrbits": 0.001789162494662664}