{"SMBHMASS": 900000.0, "SecondaryMass": 10, "PROCAMASS": 7e-18, "p0": 11.95, "e0": 0.2, "BHSpin": 1, "Trajectory Exit Reason": "Separatrix reached!", "mismatch": 8.969952118853541e-07, "faithfulness": 0.9999978733331248, "DeltaNOrbits": 5.038357669245707e-05}