{"SMBHMASS": 700000.0, "SecondaryMass": 10, "PROCAMASS": 8e-18, "p0": 13.7, "e0": 0.3, "BHSpin": 1, "Trajectory Exit Reason": "Separatrix reached!", "mismatch": 4.4402525767317513e-08, "faithfulness": 0.9999999085974088, "DeltaNOrbits": 1.0488724118259138e-05}