{"SMBHMASS": 800000.0, "SecondaryMass": 10, "PROCAMASS": 4e-18, "p0": 12.62, "e0": 0.5, "BHSpin": 1, "Trajectory Exit Reason": "Separatrix reached!", "mismatch": 4.707345624410664e-14, "faithfulness": 0.9999999999999534, "DeltaNOrbits": 2.1122004269245163e-09}