{"SMBHMASS": 100000.0, "SecondaryMass": 10, "PROCAMASS": 3e-17, "p0": 33.35, "e0": 0.6, "BHSpin": 1, "Trajectory Exit Reason": "Separatrix reached!", "mismatch": 3.56459306516399e-12, "faithfulness": 0.9999999999982737, "DeltaNOrbits": 3.7482293540949964e-08}