{"SMBHMASS": 300000.0, "SecondaryMass": 10, "PROCAMASS": 2e-17, "p0": 19.800000000000004, "e0": 0.4, "BHSpin": 1, "Trajectory Exit Reason": "Separatrix reached!", "mismatch": 7.837552853606766e-06, "faithfulness": 0.9999906390383813, "DeltaNOrbits": 0.00011054597435091352}