{"SMBHMASS": 600000.0, "SecondaryMass": 10, "PROCAMASS": 1e-17, "p0": 14.339999999999998, "e0": 0.5, "BHSpin": 1, "Trajectory Exit Reason": "Separatrix reached!", "mismatch": 7.753821185119136e-07, "faithfulness": 0.9999986821394239, "DeltaNOrbits": 4.058911803206888e-05}