{"SMBHMASS": 400000.0, "SecondaryMass": 10, "PROCAMASS": 1e-17, "p0": 16.625, "e0": 0.6, "BHSpin": 1, "Trajectory Exit Reason": "Separatrix reached!", "mismatch": 1.3754664074383527e-11, "faithfulness": 0.9999999999838493, "DeltaNOrbits": 1.3186430209141913e-07}