{"SMBHMASS": 100000.0, "SecondaryMass": 10, "PROCAMASS": 7e-17, "p0": 34.5, "e0": 0.4, "BHSpin": 1, "Trajectory Exit Reason": "Separatrix reached!", "mismatch": 0.12089358996758948, "faithfulness": 0.9242503313497766, "DeltaNOrbits": 0.01143265144425568}