{"SMBHMASS": 800000.0, "SecondaryMass": 10, "PROCAMASS": 5e-18, "p0": 12.106, "e0": 0.7, "BHSpin": 1, "Trajectory Exit Reason": "Separatrix reached!", "mismatch": 4.629185923477053e-12, "faithfulness": 0.9999999999939478, "DeltaNOrbits": 6.784980669646998e-08}