{"SMBHMASS": 1000000.0, "SecondaryMass": 10, "PROCAMASS": 4e-18, "p0": 11.1, "e0": 0.1, "BHSpin": 1, "Trajectory Exit Reason": "Separatrix reached!", "mismatch": 1.340705324537339e-12, "faithfulness": 0.999999999997892, "DeltaNOrbits": 4.103968373366494e-08}