{"SMBHMASS": 50000000.0, "SecondaryMass": 10, "PROCAMASS": 1e-19, "p0": 4.83, "e0": 0.3, "BHSpin": 1, "Trajectory Exit Reason": "Integration reached time boundary. Boundary location t = 1025137.18", "mismatch": 4.1966430330830917e-13, "faithfulness": 0.9999995984027045, "DeltaNOrbits": 9.61491236006264e-09}