{"SMBHMASS": 500000.0, "SecondaryMass": 10, "PROCAMASS": 7e-18, "p0": 15.549999999999999, "e0": 0.2, "BHSpin": 1, "Trajectory Exit Reason": "Separatrix reached!", "mismatch": 4.2010839251815923e-13, "faithfulness": 0.999999999999637, "DeltaNOrbits": 1.767578252005253e-08}