{"SMBHMASS": 400000.0, "SecondaryMass": 10, "PROCAMASS": 7e-18, "p0": 17.0, "e0": 0.5, "BHSpin": 1, "Trajectory Exit Reason": "Separatrix reached!", "mismatch": 9.381384558082573e-14, "faithfulness": 0.9999999999999526, "DeltaNOrbits": 2.760683014138183e-09}