{"SMBHMASS": 100000.0, "SecondaryMass": 10, "PROCAMASS": 4e-17, "p0": 34.5, "e0": 0.4, "BHSpin": 1, "Trajectory Exit Reason": "Separatrix reached!", "mismatch": 8.269311346786878e-09, "faithfulness": 0.9999999960490269, "DeltaNOrbits": 2.425028426996389e-06}