{"SMBHMASS": 700000.0, "SecondaryMass": 10, "PROCAMASS": 7e-18, "p0": 13.479999999999999, "e0": 0.5, "BHSpin": 1, "Trajectory Exit Reason": "Separatrix reached!", "mismatch": 1.2481344846548836e-09, "faithfulness": 0.9999999977113905, "DeltaNOrbits": 1.6088297146553472e-06}