{"SMBHMASS": 1000000.0, "SecondaryMass": 10, "PROCAMASS": 6e-18, "p0": 10.950000000000003, "e0": 0.4, "BHSpin": 1, "Trajectory Exit Reason": "Separatrix reached!", "mismatch": 1.2238641777795323e-07, "faithfulness": 0.9999997319423027, "DeltaNOrbits": 1.8739794221078794e-05}