{"SMBHMASS": 200000.0, "SecondaryMass": 10, "PROCAMASS": 3e-17, "p0": 27.6, "e0": 0.1, "BHSpin": 1, "Trajectory Exit Reason": "Separatrix reached!", "mismatch": 0.00013752715475801036, "faithfulness": 0.9998433486349226, "DeltaNOrbits": 0.00040892930271371096}