{"SMBHMASS": 400000.0, "SecondaryMass": 10, "PROCAMASS": 7e-18, "p0": 17.3, "e0": 0.3, "BHSpin": 1, "Trajectory Exit Reason": "Separatrix reached!", "mismatch": 2.8976820942716586e-14, "faithfulness": 0.9999999999999779, "DeltaNOrbits": 1.5193020614720204e-09}