{"SMBHMASS": 100000.0, "SecondaryMass": 10, "PROCAMASS": 8e-17, "p0": 34.95, "e0": 0.2, "BHSpin": 1, "Trajectory Exit Reason": "Separatrix reached!", "mismatch": 0.5460183578976905, "faithfulness": 0.38726466538959803, "DeltaNOrbits": 0.10300756389602304}