{"SMBHMASS": 800000.0, "SecondaryMass": 10, "PROCAMASS": 4e-18, "p0": 12.62, "e0": 0.5, "BHSpin": 1, "Trajectory Exit Reason": "Separatrix reached!", "mismatch": 7.971401316808624e-14, "faithfulness": 0.9999999999999253, "DeltaNOrbits": 4.669074627938404e-09}