{"SMBHMASS": 100000.0, "SecondaryMass": 10, "PROCAMASS": 6e-17, "p0": 32.5, "e0": 0.7, "BHSpin": 1, "Trajectory Exit Reason": "Separatrix reached!", "mismatch": 0.008601337622730965, "faithfulness": 0.9955484406106911, "DeltaNOrbits": 0.001730175536541791}