{"SMBHMASS": 100000.0, "SecondaryMass": 10, "PROCAMASS": 3e-17, "p0": 32.5, "e0": 0.7, "BHSpin": 1, "Trajectory Exit Reason": "Separatrix reached!", "mismatch": 3.346434240825147e-12, "faithfulness": 0.9999999999984146, "DeltaNOrbits": 2.988578323358986e-08}