{"SMBHMASS": 1000000.0, "SecondaryMass": 10, "PROCAMASS": 7e-18, "p0": 10.950000000000003, "e0": 0.4, "BHSpin": 1, "Trajectory Exit Reason": "Separatrix reached!", "mismatch": 6.03823560452188e-06, "faithfulness": 0.9999869112518186, "DeltaNOrbits": 0.00013300788260589653}