{"SMBHMASS": 700000.0, "SecondaryMass": 10, "PROCAMASS": 1e-17, "p0": 13.202, "e0": 0.6, "BHSpin": 1, "Trajectory Exit Reason": "Separatrix reached!", "mismatch": 6.582691953760378e-05, "faithfulness": 0.9998859418286211, "DeltaNOrbits": 0.00038466517797252855}