{"SMBHMASS": 300000.0, "SecondaryMass": 10, "PROCAMASS": 9e-18, "p0": 18.7, "e0": 0.7, "BHSpin": 1, "Trajectory Exit Reason": "Separatrix reached!", "mismatch": 1.5432100042289676e-14, "faithfulness": 0.9999999999999923, "DeltaNOrbits": 1.2599090265865535e-09}