{"SMBHMASS": 500000.0, "SecondaryMass": 10, "PROCAMASS": 7e-18, "p0": 14.56, "e0": 0.7, "BHSpin": 1, "Trajectory Exit Reason": "Separatrix reached!", "mismatch": 4.853895063661184e-13, "faithfulness": 0.999999999999622, "DeltaNOrbits": 1.527639694736196e-08}