{"SMBHMASS": 40000000.0, "SecondaryMass": 10, "PROCAMASS": 3e-19, "p0": 4.609999999999999, "e0": 0.6, "BHSpin": 1, "Trajectory Exit Reason": "Integration reached time boundary. Boundary location t = 1281421.47", "mismatch": 0.0014534121269396127, "faithfulness": 0.995577951647834, "DeltaNOrbits": -0.0020077000982455673}