{"SMBHMASS": 800000.0, "SecondaryMass": 10, "PROCAMASS": 7e-18, "p0": 12.799999999999999, "e0": 0.3, "BHSpin": 1, "Trajectory Exit Reason": "Separatrix reached!", "mismatch": 8.526870542979736e-09, "faithfulness": 0.9999999813460385, "DeltaNOrbits": 4.872531407658212e-06}