{"SMBHMASS": 900000.0, "SecondaryMass": 10, "PROCAMASS": 9e-18, "p0": 11.830000000000002, "e0": 0.4, "BHSpin": 1, "Trajectory Exit Reason": "Separatrix reached!", "mismatch": 0.0002184932049384969, "faithfulness": 0.9995323276287144, "DeltaNOrbits": 0.0007776902599540851}