{"SMBHMASS": 7000000.0, "SecondaryMass": 10, "PROCAMASS": 6e-19, "p0": 5.352, "e0": 0.1, "BHSpin": 1, "Trajectory Exit Reason": "Separatrix reached!", "mismatch": 1.6120438317557273e-13, "faithfulness": 0.9999999999584268, "DeltaNOrbits": -1.9283092932646406e-08}