{"SMBHMASS": 1000000.0, "SecondaryMass": 10, "PROCAMASS": 5e-18, "p0": 11.1, "e0": 0.1, "BHSpin": 1, "Trajectory Exit Reason": "Separatrix reached!", "mismatch": 4.915247098224995e-10, "faithfulness": 0.9999999988278703, "DeltaNOrbits": 1.165230568853358e-06}