{"SMBHMASS": 600000.0, "SecondaryMass": 10, "PROCAMASS": 9e-18, "p0": 13.741999999999999, "e0": 0.7, "BHSpin": 1, "Trajectory Exit Reason": "Separatrix reached!", "mismatch": 2.7400941737809603e-08, "faithfulness": 0.9999999583364102, "DeltaNOrbits": 6.602164164274505e-06}