{"SMBHMASS": 30000000.0, "SecondaryMass": 10, "PROCAMASS": 4e-19, "p0": 4.83, "e0": 0.1, "BHSpin": 1, "Trajectory Exit Reason": "Integration reached time boundary. Boundary location t = 1708561.96", "mismatch": 0.0004326454040334271, "faithfulness": 0.9994008769946428, "DeltaNOrbits": -0.0023671126138850016}