{"SMBHMASS": 90000000.0, "SecondaryMass": 10, "PROCAMASS": 1e-19, "p0": 4.46, "e0": 0.7, "BHSpin": 1, "Trajectory Exit Reason": "Integration reached time boundary. Boundary location t = 569520.65", "mismatch": 8.590362787774808e-08, "faithfulness": 0.9999845261584697, "DeltaNOrbits": -1.0454036668868617e-05}