{"SMBHMASS": 60000000.0, "SecondaryMass": 10, "PROCAMASS": 3e-19, "p0": 4.76, "e0": 0.5, "BHSpin": 1, "Trajectory Exit Reason": "Integration reached time boundary. Boundary location t = 854280.98", "mismatch": 0.852631696501956, "faithfulness": 0.567478152208575, "DeltaNOrbits": -0.5552298252772143}