{"SMBHMASS": 4000000.0, "SecondaryMass": 10, "PROCAMASS": 6e-18, "p0": 6.26, "e0": 0.3, "BHSpin": 1, "Trajectory Exit Reason": "Separatrix reached!", "mismatch": 0.9952118540885545, "faithfulness": -0.0002568117032412565, "DeltaNOrbits": -201.5829173922925}