{"SMBHMASS": 900000.0, "SecondaryMass": 10, "PROCAMASS": 9e-18, "p0": 11.288, "e0": 0.7, "BHSpin": 1, "Trajectory Exit Reason": "Separatrix reached!", "mismatch": 0.0018722205029860772, "faithfulness": 0.9966825883726177, "DeltaNOrbits": 0.001763040800814445}