{"SMBHMASS": 800000.0, "SecondaryMass": 10, "PROCAMASS": 5e-18, "p0": 12.62, "e0": 0.5, "BHSpin": 1, "Trajectory Exit Reason": "Separatrix reached!", "mismatch": 2.287614542240135e-12, "faithfulness": 0.9999999999967388, "DeltaNOrbits": 5.4787514582594685e-08}