{"SMBHMASS": 50000000.0, "SecondaryMass": 10, "PROCAMASS": 5e-19, "p0": 4.83, "e0": 0.3, "BHSpin": 1, "Trajectory Exit Reason": "Integration reached time boundary. Boundary location t = 1025137.18", "mismatch": 0.9847586188355252, "faithfulness": 0.1282918760375019, "DeltaNOrbits": -57.29985964774853}