{"SMBHMASS": 400000.0, "SecondaryMass": 10, "PROCAMASS": 8e-18, "p0": 16.625, "e0": 0.6, "BHSpin": 1, "Trajectory Exit Reason": "Separatrix reached!", "mismatch": 2.8343993818680246e-13, "faithfulness": 0.9999999999998194, "DeltaNOrbits": 1.091303553911e-08}