{"SMBHMASS": 60000000.0, "SecondaryMass": 10, "PROCAMASS": 1e-19, "p0": 4.76, "e0": 0.5, "BHSpin": 1, "Trajectory Exit Reason": "Integration reached time boundary. Boundary location t = 854280.98", "mismatch": 5.416334047936289e-12, "faithfulness": 0.9999994909349986, "DeltaNOrbits": -1.6116008197110657e-07}