{"SMBHMASS": 90000000.0, "SecondaryMass": 10, "PROCAMASS": 1e-19, "p0": 4.795, "e0": 0.4, "BHSpin": 1, "Trajectory Exit Reason": "Integration reached time boundary. Boundary location t = 569520.65", "mismatch": 9.793845956451719e-09, "faithfulness": 0.9980076984762248, "DeltaNOrbits": 1.3432901649474837e-05}