{"SMBHMASS": 60000000.0, "SecondaryMass": 10, "PROCAMASS": 4e-19, "p0": 4.46, "e0": 0.7, "BHSpin": 1, "Trajectory Exit Reason": "Integration reached time boundary. Boundary location t = 854280.98", "mismatch": 0.9748370946701556, "faithfulness": 0.1951905536784819, "DeltaNOrbits": -11.579713994245626}