{"SMBHMASS": 30000000.0, "SecondaryMass": 10, "PROCAMASS": 1e-19, "p0": 4.83, "e0": 0.2, "BHSpin": 1, "Trajectory Exit Reason": "Integration reached time boundary. Boundary location t = 1708561.96", "mismatch": -2.220446049250313e-15, "faithfulness": 0.9999999999363632, "DeltaNOrbits": -1.6212064680341682e-11}