{"SMBHMASS": 800000.0, "SecondaryMass": 10, "PROCAMASS": 9e-18, "p0": 12.899999999999999, "e0": 0.1, "BHSpin": 1, "Trajectory Exit Reason": "Separatrix reached!", "mismatch": 3.315506683021496e-05, "faithfulness": 0.9999226695636264, "DeltaNOrbits": 0.00030340814201000734}