{"SMBHMASS": 300000.0, "SecondaryMass": 10, "PROCAMASS": 3e-17, "p0": 20.05, "e0": 0.2, "BHSpin": 1, "Trajectory Exit Reason": "Separatrix reached!", "mismatch": 0.29878863478558526, "faithfulness": 0.5822324279859292, "DeltaNOrbits": 0.035965472073598626}