{"SMBHMASS": 6000000.0, "SecondaryMass": 10, "PROCAMASS": 3e-18, "p0": 5.465999999999999, "e0": 0.2, "BHSpin": 1, "Trajectory Exit Reason": "Separatrix reached!", "mismatch": 0.8956980273434868, "faithfulness": 0.08110630124493097, "DeltaNOrbits": -5.714573200594674}