{"SMBHMASS": 500000.0, "SecondaryMass": 10, "PROCAMASS": 1e-17, "p0": 15.2, "e0": 0.5, "BHSpin": 1, "Trajectory Exit Reason": "Separatrix reached!", "mismatch": 4.54994997234337e-09, "faithfulness": 0.9999999932155517, "DeltaNOrbits": 3.187977454890229e-06}