{"SMBHMASS": 100000.0, "SecondaryMass": 10, "PROCAMASS": 9e-17, "p0": 34.2, "e0": 0.5, "BHSpin": 1, "Trajectory Exit Reason": "Separatrix reached!", "mismatch": 0.7899352930995488, "faithfulness": 0.13536634060018843, "DeltaNOrbits": 0.33928995240009774}