{"SMBHMASS": 1000000.0, "SecondaryMass": 10, "PROCAMASS": 8e-18, "p0": 11.0, "e0": 0.3, "BHSpin": 1, "Trajectory Exit Reason": "Separatrix reached!", "mismatch": 0.00018254655193850056, "faithfulness": 0.9995850792766572, "DeltaNOrbits": 0.000715595365657658}