{"SMBHMASS": 100000.0, "SecondaryMass": 10, "PROCAMASS": 3e-17, "p0": 34.5, "e0": 0.4, "BHSpin": 1, "Trajectory Exit Reason": "Separatrix reached!", "mismatch": 4.346856208314875e-12, "faithfulness": 0.9999999999978807, "DeltaNOrbits": 4.758009382756278e-08}