{"SMBHMASS": 600000.0, "SecondaryMass": 10, "PROCAMASS": 8e-18, "p0": 14.339999999999998, "e0": 0.5, "BHSpin": 1, "Trajectory Exit Reason": "Separatrix reached!", "mismatch": 4.48815207221287e-10, "faithfulness": 0.9999999992433367, "DeltaNOrbits": 9.701855346934073e-07}