{"SMBHMASS": 300000.0, "SecondaryMass": 10, "PROCAMASS": 2e-17, "p0": 20.1, "e0": 0.1, "BHSpin": 1, "Trajectory Exit Reason": "Separatrix reached!", "mismatch": 2.5847853230120954e-05, "faithfulness": 0.9999687902155958, "DeltaNOrbits": 0.00022446403962726418}