{"SMBHMASS": 500000.0, "SecondaryMass": 10, "PROCAMASS": 6e-18, "p0": 15.6, "e0": 0.1, "BHSpin": 1, "Trajectory Exit Reason": "Separatrix reached!", "mismatch": 1.2934098236883074e-13, "faithfulness": 0.9999999999999121, "DeltaNOrbits": 2.8903795315809166e-09}