{"SMBHMASS": 800000.0, "SecondaryMass": 10, "PROCAMASS": 6e-18, "p0": 12.62, "e0": 0.5, "BHSpin": 1, "Trajectory Exit Reason": "Separatrix reached!", "mismatch": 2.2873647420595944e-10, "faithfulness": 0.9999999995447343, "DeltaNOrbits": 5.98938517550543e-07}