{"SMBHMASS": 3000000.0, "SecondaryMass": 10, "PROCAMASS": 9e-18, "p0": 6.97, "e0": 0.3, "BHSpin": 1, "Trajectory Exit Reason": "Separatrix reached!", "mismatch": 0.9985306798473319, "faithfulness": -0.003017695007500973, "DeltaNOrbits": -234.99763606704082}