{"SMBHMASS": 100000.0, "SecondaryMass": 10, "PROCAMASS": 7e-17, "p0": 34.8, "e0": 0.3, "BHSpin": 1, "Trajectory Exit Reason": "Separatrix reached!", "mismatch": 0.21016703175464202, "faithfulness": 0.8226258288891745, "DeltaNOrbits": 0.020610904645052396}