{"SMBHMASS": 100000.0, "SecondaryMass": 10, "PROCAMASS": 6e-17, "p0": 34.5, "e0": 0.4, "BHSpin": 1, "Trajectory Exit Reason": "Separatrix reached!", "mismatch": 0.003992341269868138, "faithfulness": 0.9979582859525231, "DeltaNOrbits": 0.0016090898488131894}