{"SMBHMASS": 900000.0, "SecondaryMass": 10, "PROCAMASS": 7e-18, "p0": 11.999999999999998, "e0": 0.1, "BHSpin": 1, "Trajectory Exit Reason": "Separatrix reached!", "mismatch": 3.3729330994880513e-07, "faithfulness": 0.9999991850749408, "DeltaNOrbits": 2.9509144546936166e-05}