{"SMBHMASS": 800000.0, "SecondaryMass": 10, "PROCAMASS": 8e-18, "p0": 12.62, "e0": 0.5, "BHSpin": 1, "Trajectory Exit Reason": "Separatrix reached!", "mismatch": 3.2987241563864345e-06, "faithfulness": 0.999993488886506, "DeltaNOrbits": 8.671887128929134e-05}