{"SMBHMASS": 600000.0, "SecondaryMass": 10, "PROCAMASS": 8e-18, "p0": 14.041, "e0": 0.6, "BHSpin": 1, "Trajectory Exit Reason": "Separatrix reached!", "mismatch": 8.225562453390012e-10, "faithfulness": 0.9999999986988921, "DeltaNOrbits": 1.16152495406928e-06}