{"SMBHMASS": 200000.0, "SecondaryMass": 10, "PROCAMASS": 3e-17, "p0": 26.250000000000004, "e0": 0.6, "BHSpin": 1, "Trajectory Exit Reason": "Separatrix reached!", "mismatch": 0.0002195932427411229, "faithfulness": 0.9997826393975168, "DeltaNOrbits": 0.0003896491742728918}