{"SMBHMASS": 400000.0, "SecondaryMass": 10, "PROCAMASS": 1e-17, "p0": 17.35, "e0": 0.2, "BHSpin": 1, "Trajectory Exit Reason": "Separatrix reached!", "mismatch": 2.3419488570652902e-11, "faithfulness": 0.9999999999692165, "DeltaNOrbits": 2.110532900271681e-07}