{"SMBHMASS": 400000.0, "SecondaryMass": 10, "PROCAMASS": 8e-18, "p0": 16.625, "e0": 0.6, "BHSpin": 1, "Trajectory Exit Reason": "Separatrix reached!", "mismatch": 9.514611321037592e-14, "faithfulness": 0.9999999999999241, "DeltaNOrbits": 5.780759063161833e-09}