{"SMBHMASS": 700000.0, "SecondaryMass": 10, "PROCAMASS": 8e-18, "p0": 13.590000000000002, "e0": 0.4, "BHSpin": 1, "Trajectory Exit Reason": "Separatrix reached!", "mismatch": 1.215538016907658e-07, "faithfulness": 0.9999997628064009, "DeltaNOrbits": 1.7191588364290965e-05}