{"SMBHMASS": 60000000.0, "SecondaryMass": 10, "PROCAMASS": 7e-19, "p0": 4.795, "e0": 0.4, "BHSpin": 1, "Trajectory Exit Reason": "Integration reached time boundary. Boundary location t = 854280.98", "mismatch": 0.9963184618263449, "faithfulness": 0.27849592776110726, "DeltaNOrbits": -1569.3774620008378}