{"SMBHMASS": 600000.0, "SecondaryMass": 10, "PROCAMASS": 4e-17, "p0": 13.741999999999999, "e0": 0.7, "BHSpin": 1, "Trajectory Exit Reason": "Separatrix reached!", "mismatch": 0.9980342820780868, "faithfulness": 0.000255213690959757, "DeltaNOrbits": 1053.3501156057491}