{"SMBHMASS": 800000.0, "SecondaryMass": 10, "PROCAMASS": 4e-18, "p0": 12.799999999999999, "e0": 0.3, "BHSpin": 1, "Trajectory Exit Reason": "Separatrix reached!", "mismatch": 1.1879386363489175e-14, "faithfulness": 0.9999999999999795, "DeltaNOrbits": 1.6304705049943633e-09}