{"SMBHMASS": 700000.0, "SecondaryMass": 10, "PROCAMASS": 9e-18, "p0": 13.7, "e0": 0.3, "BHSpin": 1, "Trajectory Exit Reason": "Separatrix reached!", "mismatch": 4.525247956355116e-07, "faithfulness": 0.999999059730686, "DeltaNOrbits": 3.514017824474732e-05}