{"SMBHMASS": 1000000.0, "SecondaryMass": 10, "PROCAMASS": 8e-18, "p0": 10.950000000000003, "e0": 0.4, "BHSpin": 1, "Trajectory Exit Reason": "Separatrix reached!", "mismatch": 3.870926850479961e-05, "faithfulness": 0.9999177893789011, "DeltaNOrbits": 0.0003309105293986999}