{"SMBHMASS": 600000.0, "SecondaryMass": 10, "PROCAMASS": 9e-18, "p0": 14.041, "e0": 0.6, "BHSpin": 1, "Trajectory Exit Reason": "Separatrix reached!", "mismatch": 1.5984202073049403e-08, "faithfulness": 0.999999974245017, "DeltaNOrbits": 5.79956505819103e-06}