{"SMBHMASS": 600000.0, "SecondaryMass": 10, "PROCAMASS": 7e-18, "p0": 14.339999999999998, "e0": 0.5, "BHSpin": 1, "Trajectory Exit Reason": "Separatrix reached!", "mismatch": 1.5315415602401572e-11, "faithfulness": 0.9999999999769309, "DeltaNOrbits": 1.681978550493049e-07}