{"SMBHMASS": 40000000.0, "SecondaryMass": 10, "PROCAMASS": 4e-19, "p0": 4.83, "e0": 0.1, "BHSpin": 1, "Trajectory Exit Reason": "Integration reached time boundary. Boundary location t = 1281421.47", "mismatch": 0.8258066853062054, "faithfulness": 0.2617609419926562, "DeltaNOrbits": -0.1918853422984519}