{"SMBHMASS": 100000.0, "SecondaryMass": 10, "PROCAMASS": 8e-17, "p0": 34.95, "e0": 0.2, "BHSpin": 1, "Trajectory Exit Reason": "Separatrix reached!", "mismatch": 0.43002398413100973, "faithfulness": 0.5348066711912813, "DeltaNOrbits": 0.06103009337356412}