{"SMBHMASS": 100000.0, "SecondaryMass": 10, "PROCAMASS": 1e-16, "p0": 34.8, "e0": 0.3, "BHSpin": 1, "Trajectory Exit Reason": "Separatrix reached!", "mismatch": 0.8534857743577845, "faithfulness": 0.09123316826462241, "DeltaNOrbits": 1.095113131607709}