{"SMBHMASS": 600000.0, "SecondaryMass": 10, "PROCAMASS": 6e-18, "p0": 14.339999999999998, "e0": 0.5, "BHSpin": 1, "Trajectory Exit Reason": "Separatrix reached!", "mismatch": 1.5687451337953462e-12, "faithfulness": 0.99999999999829, "DeltaNOrbits": 3.8482809532651054e-08}