{"SMBHMASS": 1000000.0, "SecondaryMass": 10, "PROCAMASS": 3e-18, "p0": 10.950000000000003, "e0": 0.4, "BHSpin": 1, "Trajectory Exit Reason": "Separatrix reached!", "mismatch": 1.1546319456101628e-14, "faithfulness": 0.999999999999989, "DeltaNOrbits": 8.800835112185483e-10}