{"SMBHMASS": 400000.0, "SecondaryMass": 10, "PROCAMASS": 6e-17, "p0": 17.0, "e0": 0.5, "BHSpin": 1, "Trajectory Exit Reason": "Separatrix reached!", "mismatch": 0.997865434730181, "faithfulness": 0.0003485045554180087, "DeltaNOrbits": 1625.5038017542329}