{"SMBHMASS": 1000000.0, "SecondaryMass": 10, "PROCAMASS": 4e-18, "p0": 11.1, "e0": 0.1, "BHSpin": 1, "Trajectory Exit Reason": "Separatrix reached!", "mismatch": 1.3131717935266352e-12, "faithfulness": 0.9999999999980721, "DeltaNOrbits": 3.7000563619019815e-08}