{"SMBHMASS": 100000.0, "SecondaryMass": 10, "PROCAMASS": 6e-17, "p0": 33.35, "e0": 0.6, "BHSpin": 1, "Trajectory Exit Reason": "Separatrix reached!", "mismatch": 0.005072587138647666, "faithfulness": 0.9973997569918132, "DeltaNOrbits": 0.0015232850415226866}