{"SMBHMASS": 800000.0, "SecondaryMass": 10, "PROCAMASS": 6e-18, "p0": 12.62, "e0": 0.5, "BHSpin": 1, "Trajectory Exit Reason": "Separatrix reached!", "mismatch": 2.775653040743009e-10, "faithfulness": 0.9999999994688599, "DeltaNOrbits": 7.776973747344705e-07}