{"SMBHMASS": 300000.0, "SecondaryMass": 10, "PROCAMASS": 9e-18, "p0": 20.05, "e0": 0.2, "BHSpin": 1, "Trajectory Exit Reason": "Separatrix reached!", "mismatch": 2.857714065385153e-13, "faithfulness": 0.9999999999998715, "DeltaNOrbits": -7.411229568156197e-11}