{"SMBHMASS": 300000.0, "SecondaryMass": 10, "PROCAMASS": 9e-18, "p0": 19.6, "e0": 0.5, "BHSpin": 1, "Trajectory Exit Reason": "Separatrix reached!", "mismatch": 1.5654144647214707e-14, "faithfulness": 0.9999999999999943, "DeltaNOrbits": 1.537830135392411e-09}