{"SMBHMASS": 800000.0, "SecondaryMass": 10, "PROCAMASS": 6e-18, "p0": 12.849999999999998, "e0": 0.2, "BHSpin": 1, "Trajectory Exit Reason": "Separatrix reached!", "mismatch": 6.27351282034283e-10, "faithfulness": 0.9999999986093983, "DeltaNOrbits": 1.263114383374781e-06}