{"SMBHMASS": 1000000.0, "SecondaryMass": 10, "PROCAMASS": 7e-18, "p0": 10.47, "e0": 0.7, "BHSpin": 1, "Trajectory Exit Reason": "Separatrix reached!", "mismatch": 5.874061149158116e-06, "faithfulness": 0.9999895518244573, "DeltaNOrbits": 8.910736235451673e-05}