{"SMBHMASS": 500000.0, "SecondaryMass": 10, "PROCAMASS": 5e-17, "p0": 15.6, "e0": 0.1, "BHSpin": 1, "Trajectory Exit Reason": "Separatrix reached!", "mismatch": 0.9978930789805245, "faithfulness": 0.00042297401224954904, "DeltaNOrbits": 2284.0336989287675}