{"SMBHMASS": 80000000.0, "SecondaryMass": 10, "PROCAMASS": 1e-19, "p0": 4.795, "e0": 0.4, "BHSpin": 1, "Trajectory Exit Reason": "Integration reached time boundary. Boundary location t = 640710.74", "mismatch": 8.350456326411404e-09, "faithfulness": 0.9999556669988423, "DeltaNOrbits": -8.169702908193642e-06}