{"SMBHMASS": 800000.0, "SecondaryMass": 10, "PROCAMASS": 8e-18, "p0": 12.899999999999999, "e0": 0.1, "BHSpin": 1, "Trajectory Exit Reason": "Separatrix reached!", "mismatch": 9.506321659857875e-07, "faithfulness": 0.9999978025493335, "DeltaNOrbits": 4.743251771878687e-05}