{"SMBHMASS": 800000.0, "SecondaryMass": 10, "PROCAMASS": 5e-18, "p0": 12.799999999999999, "e0": 0.3, "BHSpin": 1, "Trajectory Exit Reason": "Separatrix reached!", "mismatch": 4.6991299740284376e-12, "faithfulness": 0.999999999992172, "DeltaNOrbits": 9.10098990969581e-08}