{"SMBHMASS": 300000.0, "SecondaryMass": 10, "PROCAMASS": 3e-17, "p0": 19.15, "e0": 0.6, "BHSpin": 1, "Trajectory Exit Reason": "Separatrix reached!", "mismatch": 0.3256041117983013, "faithfulness": 0.5898289429146271, "DeltaNOrbits": 0.02781551178236297}