{"SMBHMASS": 100000.0, "SecondaryMass": 10, "PROCAMASS": 6e-17, "p0": 34.5, "e0": 0.4, "BHSpin": 1, "Trajectory Exit Reason": "Separatrix reached!", "mismatch": 0.001107225501854714, "faithfulness": 0.999468233024646, "DeltaNOrbits": 0.0008797089476761737}