{"SMBHMASS": 700000.0, "SecondaryMass": 10, "PROCAMASS": 9e-18, "p0": 13.479999999999999, "e0": 0.5, "BHSpin": 1, "Trajectory Exit Reason": "Separatrix reached!", "mismatch": 9.7465042769862e-07, "faithfulness": 0.9999981872075097, "DeltaNOrbits": 5.153698635014922e-05}