{"SMBHMASS": 300000.0, "SecondaryMass": 10, "PROCAMASS": 1e-17, "p0": 20.1, "e0": 0.1, "BHSpin": 1, "Trajectory Exit Reason": "Separatrix reached!", "mismatch": 2.404743071338089e-13, "faithfulness": 0.9999999999998688, "DeltaNOrbits": 6.00309595020652e-09}