{"SMBHMASS": 400000.0, "SecondaryMass": 10, "PROCAMASS": 3e-17, "p0": 17.3, "e0": 0.3, "BHSpin": 1, "Trajectory Exit Reason": "Separatrix reached!", "mismatch": 0.8498992980734653, "faithfulness": 0.039782517730536156, "DeltaNOrbits": 0.6768959743726992}