{"SMBHMASS": 500000.0, "SecondaryMass": 10, "PROCAMASS": 8e-18, "p0": 15.6, "e0": 0.1, "BHSpin": 1, "Trajectory Exit Reason": "Separatrix reached!", "mismatch": 9.55469037222656e-12, "faithfulness": 0.999999999986475, "DeltaNOrbits": 1.3825648759395386e-07}