{"SMBHMASS": 400000.0, "SecondaryMass": 10, "PROCAMASS": 7e-18, "p0": 17.150000000000002, "e0": 0.4, "BHSpin": 1, "Trajectory Exit Reason": "Separatrix reached!", "mismatch": -2.220446049250313e-15, "faithfulness": 0.9999999999999883, "DeltaNOrbits": 6.114264393728862e-10}