{"SMBHMASS": 800000.0, "SecondaryMass": 10, "PROCAMASS": 7e-18, "p0": 12.363, "e0": 0.6, "BHSpin": 1, "Trajectory Exit Reason": "Separatrix reached!", "mismatch": 9.530136613200568e-08, "faithfulness": 0.9999998252429897, "DeltaNOrbits": 1.3836395042269212e-05}