{"SMBHMASS": 200000.0, "SecondaryMass": 10, "PROCAMASS": 2e-17, "p0": 27.6, "e0": 0.1, "BHSpin": 1, "Trajectory Exit Reason": "Separatrix reached!", "mismatch": 1.559694373653997e-09, "faithfulness": 0.9999999982767793, "DeltaNOrbits": 1.3875674558980439e-06}