{"SMBHMASS": 80000000.0, "SecondaryMass": 10, "PROCAMASS": 5e-19, "p0": 4.83, "e0": 0.2, "BHSpin": 1, "Trajectory Exit Reason": "Integration reached time boundary. Boundary location t = 640710.74", "mismatch": 0.9883215274813176, "faithfulness": 0.8564034408230617, "DeltaNOrbits": -1632.1048415328837}