{"SMBHMASS": 800000.0, "SecondaryMass": 10, "PROCAMASS": 8e-18, "p0": 12.106, "e0": 0.7, "BHSpin": 1, "Trajectory Exit Reason": "Separatrix reached!", "mismatch": 2.079892978623654e-06, "faithfulness": 0.999996433326876, "DeltaNOrbits": 5.680358209798326e-05}