{"SMBHMASS": 100000.0, "SecondaryMass": 10, "PROCAMASS": 4e-17, "p0": 34.8, "e0": 0.3, "BHSpin": 1, "Trajectory Exit Reason": "Separatrix reached!", "mismatch": 8.06328015467983e-09, "faithfulness": 0.99999999617914, "DeltaNOrbits": 2.516260662980392e-06}