{"SMBHMASS": 600000.0, "SecondaryMass": 10, "PROCAMASS": 9e-18, "p0": 14.649999999999997, "e0": 0.2, "BHSpin": 1, "Trajectory Exit Reason": "Separatrix reached!", "mismatch": 6.102185412526495e-08, "faithfulness": 0.9999998834733994, "DeltaNOrbits": 1.2480658817366398e-05}