{"SMBHMASS": 400000.0, "SecondaryMass": 10, "PROCAMASS": 9e-18, "p0": 17.4, "e0": 0.1, "BHSpin": 1, "Trajectory Exit Reason": "Separatrix reached!", "mismatch": 7.203126983768016e-13, "faithfulness": 0.9999999999992542, "DeltaNOrbits": 3.0756602707848216e-08}