{"SMBHMASS": 50000000.0, "SecondaryMass": 10, "PROCAMASS": 8e-19, "p0": 4.795, "e0": 0.4, "BHSpin": 1, "Trajectory Exit Reason": "Integration reached time boundary. Boundary location t = 1025137.18", "mismatch": 0.997321085721218, "faithfulness": 0.12255331285700946, "DeltaNOrbits": -2208.5500677627856}