{"SMBHMASS": 1000000.0, "SecondaryMass": 10, "PROCAMASS": 1e-17, "p0": 11.05, "e0": 0.2, "BHSpin": 1, "Trajectory Exit Reason": "Separatrix reached!", "mismatch": 0.09953367508518773, "faithfulness": 0.7672938838716737, "DeltaNOrbits": 0.017731218016964343}