{"SMBHMASS": 300000.0, "SecondaryMass": 10, "PROCAMASS": 7e-17, "p0": 18.7, "e0": 0.7, "BHSpin": 1, "Trajectory Exit Reason": "Separatrix reached!", "mismatch": 0.9981078474405313, "faithfulness": 0.0009673595315354417, "DeltaNOrbits": 1971.8797778513488}