{"SMBHMASS": 800000.0, "SecondaryMass": 10, "PROCAMASS": 8e-18, "p0": 12.71, "e0": 0.4, "BHSpin": 1, "Trajectory Exit Reason": "Separatrix reached!", "mismatch": 2.84887704660175e-06, "faithfulness": 0.9999940660500087, "DeltaNOrbits": 8.346093182727772e-05}