{"SMBHMASS": 700000.0, "SecondaryMass": 10, "PROCAMASS": 7e-18, "p0": 13.799999999999999, "e0": 0.1, "BHSpin": 1, "Trajectory Exit Reason": "Separatrix reached!", "mismatch": 1.5805319275585816e-09, "faithfulness": 0.9999999965870678, "DeltaNOrbits": 2.042108723283679e-06}