{"SMBHMASS": 400000.0, "SecondaryMass": 10, "PROCAMASS": 1e-17, "p0": 16.625, "e0": 0.6, "BHSpin": 1, "Trajectory Exit Reason": "Separatrix reached!", "mismatch": 6.338396474347974e-11, "faithfulness": 0.9999999999244176, "DeltaNOrbits": 2.876854037619032e-07}