{"SMBHMASS": 1000000.0, "SecondaryMass": 10, "PROCAMASS": 4e-18, "p0": 11.05, "e0": 0.2, "BHSpin": 1, "Trajectory Exit Reason": "Separatrix reached!", "mismatch": 2.0511370379949767e-12, "faithfulness": 0.999999999996783, "DeltaNOrbits": 5.1137484020277756e-08}