{"SMBHMASS": 1000000.0, "SecondaryMass": 10, "PROCAMASS": 7e-18, "p0": 10.685, "e0": 0.6, "BHSpin": 1, "Trajectory Exit Reason": "Separatrix reached!", "mismatch": 6.227310577755496e-06, "faithfulness": 0.9999880955337686, "DeltaNOrbits": 0.00012075776861232153}