{"SMBHMASS": 300000.0, "SecondaryMass": 10, "PROCAMASS": 2e-17, "p0": 19.800000000000004, "e0": 0.4, "BHSpin": 1, "Trajectory Exit Reason": "Separatrix reached!", "mismatch": 1.6143265065715617e-05, "faithfulness": 0.9999810813186392, "DeltaNOrbits": 0.000157517995320483}