{"SMBHMASS": 600000.0, "SecondaryMass": 10, "PROCAMASS": 8e-18, "p0": 14.7, "e0": 0.1, "BHSpin": 1, "Trajectory Exit Reason": "Separatrix reached!", "mismatch": 9.013064738994103e-10, "faithfulness": 0.9999999982509057, "DeltaNOrbits": 1.5481502725660684e-06}