{"SMBHMASS": 300000.0, "SecondaryMass": 10, "PROCAMASS": 1e-17, "p0": 20.05, "e0": 0.2, "BHSpin": 1, "Trajectory Exit Reason": "Separatrix reached!", "mismatch": 2.204902926905561e-13, "faithfulness": 0.9999999999998632, "DeltaNOrbits": 7.93001563792713e-09}