{"SMBHMASS": 600000.0, "SecondaryMass": 10, "PROCAMASS": 9e-18, "p0": 14.041, "e0": 0.6, "BHSpin": 1, "Trajectory Exit Reason": "Separatrix reached!", "mismatch": 7.777270305542316e-08, "faithfulness": 0.99999987657002, "DeltaNOrbits": 1.1546232465339344e-05}