{"SMBHMASS": 40000000.0, "SecondaryMass": 10, "PROCAMASS": 1e-19, "p0": 4.83, "e0": 0.1, "BHSpin": 1, "Trajectory Exit Reason": "Integration reached time boundary. Boundary location t = 1281421.47", "mismatch": 6.5503158452884236e-15, "faithfulness": 0.9999999957524095, "DeltaNOrbits": -5.604742360918124e-10}