{"SMBHMASS": 200000.0, "SecondaryMass": 10, "PROCAMASS": 5e-17, "p0": 25.6, "e0": 0.7, "BHSpin": 1, "Trajectory Exit Reason": "Separatrix reached!", "mismatch": 0.911297534478216, "faithfulness": 0.04243964431450666, "DeltaNOrbits": 0.9491595347879213}