{"SMBHMASS": 400000.0, "SecondaryMass": 10, "PROCAMASS": 1e-17, "p0": 17.4, "e0": 0.1, "BHSpin": 1, "Trajectory Exit Reason": "Separatrix reached!", "mismatch": 6.117339967914859e-11, "faithfulness": 0.9999999999171888, "DeltaNOrbits": 3.6157536255642044e-07}