{"SMBHMASS": 100000.0, "SecondaryMass": 10, "PROCAMASS": 4e-17, "p0": 35.1, "e0": 0.1, "BHSpin": 1, "Trajectory Exit Reason": "Separatrix reached!", "mismatch": 1.002907290548194e-08, "faithfulness": 0.9999999951403147, "DeltaNOrbits": 2.9380707938520018e-06}