{"SMBHMASS": 100000.0, "SecondaryMass": 10, "PROCAMASS": 6e-17, "p0": 32.5, "e0": 0.7, "BHSpin": 1, "Trajectory Exit Reason": "Separatrix reached!", "mismatch": 0.0030993435908178713, "faithfulness": 0.9983852378979658, "DeltaNOrbits": 0.0010290447417445991}