{"SMBHMASS": 60000000.0, "SecondaryMass": 10, "PROCAMASS": 7e-19, "p0": 4.83, "e0": 0.2, "BHSpin": 1, "Trajectory Exit Reason": "Integration reached time boundary. Boundary location t = 854280.98", "mismatch": 0.9956540539233898, "faithfulness": 0.3419261514418102, "DeltaNOrbits": -1784.7760856601108}