{"SMBHMASS": 60000000.0, "SecondaryMass": 10, "PROCAMASS": 1e-19, "p0": 4.83, "e0": 0.3, "BHSpin": 1, "Trajectory Exit Reason": "Integration reached time boundary. Boundary location t = 854280.98", "mismatch": 3.0516700277871678e-12, "faithfulness": 0.9999939891137335, "DeltaNOrbits": -1.2134730413235748e-08}