{"SMBHMASS": 700000.0, "SecondaryMass": 10, "PROCAMASS": 6e-18, "p0": 13.7, "e0": 0.3, "BHSpin": 1, "Trajectory Exit Reason": "Separatrix reached!", "mismatch": 1.5229484340295585e-11, "faithfulness": 0.999999999972924, "DeltaNOrbits": 1.7297809812076563e-07}