{"SMBHMASS": 700000.0, "SecondaryMass": 10, "PROCAMASS": 4e-18, "p0": 13.590000000000002, "e0": 0.4, "BHSpin": 1, "Trajectory Exit Reason": "Separatrix reached!", "mismatch": 1.9229062786507711e-13, "faithfulness": 0.9999999999998775, "DeltaNOrbits": 1.4266616918700678e-09}