{"SMBHMASS": 500000.0, "SecondaryMass": 10, "PROCAMASS": 7e-18, "p0": 15.6, "e0": 0.1, "BHSpin": 1, "Trajectory Exit Reason": "Separatrix reached!", "mismatch": 3.5860203695392556e-13, "faithfulness": 0.9999999999996886, "DeltaNOrbits": 1.689760341539613e-08}