{"SMBHMASS": 400000.0, "SecondaryMass": 10, "PROCAMASS": 8e-18, "p0": 17.4, "e0": 0.1, "BHSpin": 1, "Trajectory Exit Reason": "Separatrix reached!", "mismatch": 3.7769787297747826e-13, "faithfulness": 0.9999999999997116, "DeltaNOrbits": 1.2080304196094601e-08}