{"SMBHMASS": 100000.0, "SecondaryMass": 10, "PROCAMASS": 7e-17, "p0": 34.5, "e0": 0.4, "BHSpin": 1, "Trajectory Exit Reason": "Separatrix reached!", "mismatch": 0.22000810592317277, "faithfulness": 0.8143639276100187, "DeltaNOrbits": 0.019805327743984583}