{"SMBHMASS": 600000.0, "SecondaryMass": 10, "PROCAMASS": 7e-18, "p0": 14.339999999999998, "e0": 0.5, "BHSpin": 1, "Trajectory Exit Reason": "Separatrix reached!", "mismatch": 3.3724578685223605e-11, "faithfulness": 0.9999999999482558, "DeltaNOrbits": 2.488690888986851e-07}