{"SMBHMASS": 100000.0, "SecondaryMass": 10, "PROCAMASS": 7e-17, "p0": 33.35, "e0": 0.6, "BHSpin": 1, "Trajectory Exit Reason": "Separatrix reached!", "mismatch": 0.1992907034758774, "faithfulness": 0.8525007928160604, "DeltaNOrbits": 0.013799568475792378}