{"SMBHMASS": 4000000.0, "SecondaryMass": 10, "PROCAMASS": 3e-18, "p0": 6.35, "e0": 0.1, "BHSpin": 1, "Trajectory Exit Reason": "Separatrix reached!", "mismatch": 0.004681265909006971, "faithfulness": 0.9950676241368235, "DeltaNOrbits": -0.03174333652691536}