{"SMBHMASS": 100000.0, "SecondaryMass": 10, "PROCAMASS": 3e-17, "p0": 34.8, "e0": 0.3, "BHSpin": 1, "Trajectory Exit Reason": "Separatrix reached!", "mismatch": 1.095767920844537e-11, "faithfulness": 0.9999999999946347, "DeltaNOrbits": 8.448801707698065e-08}