{"SMBHMASS": 800000.0, "SecondaryMass": 10, "PROCAMASS": 5e-18, "p0": 12.62, "e0": 0.5, "BHSpin": 1, "Trajectory Exit Reason": "Separatrix reached!", "mismatch": 3.1478153417197063e-12, "faithfulness": 0.999999999995565, "DeltaNOrbits": 6.123528430689058e-08}