{"SMBHMASS": 800000.0, "SecondaryMass": 10, "PROCAMASS": 5e-18, "p0": 12.62, "e0": 0.5, "BHSpin": 1, "Trajectory Exit Reason": "Separatrix reached!", "mismatch": 3.733013897999626e-12, "faithfulness": 0.999999999994533, "DeltaNOrbits": 6.955438949714591e-08}