{"SMBHMASS": 100000.0, "SecondaryMass": 10, "PROCAMASS": 8e-17, "p0": 34.2, "e0": 0.5, "BHSpin": 1, "Trajectory Exit Reason": "Separatrix reached!", "mismatch": 0.46081541425122396, "faithfulness": 0.5061412937956132, "DeltaNOrbits": 0.048803259904870104}