{"SMBHMASS": 100000.0, "SecondaryMass": 10, "PROCAMASS": 9e-17, "p0": 34.5, "e0": 0.4, "BHSpin": 1, "Trajectory Exit Reason": "Separatrix reached!", "mismatch": 0.8153586510358021, "faithfulness": 0.11767526070386611, "DeltaNOrbits": 0.5594913705732824}