{"SMBHMASS": 600000.0, "SecondaryMass": 10, "PROCAMASS": 9e-18, "p0": 13.741999999999999, "e0": 0.7, "BHSpin": 1, "Trajectory Exit Reason": "Separatrix reached!", "mismatch": 6.163415078308532e-08, "faithfulness": 0.9999999070618715, "DeltaNOrbits": 8.882914479652814e-06}