{"SMBHMASS": 700000.0, "SecondaryMass": 10, "PROCAMASS": 5e-18, "p0": 13.590000000000002, "e0": 0.4, "BHSpin": 1, "Trajectory Exit Reason": "Separatrix reached!", "mismatch": 2.248201624865942e-13, "faithfulness": 0.99999999999981, "DeltaNOrbits": 9.78282302996618e-09}