{"SMBHMASS": 700000.0, "SecondaryMass": 10, "PROCAMASS": 5e-18, "p0": 13.7, "e0": 0.3, "BHSpin": 1, "Trajectory Exit Reason": "Separatrix reached!", "mismatch": 3.560485239972877e-13, "faithfulness": 0.9999999999996233, "DeltaNOrbits": 1.502626794943669e-08}