{"SMBHMASS": 70000000.0, "SecondaryMass": 10, "PROCAMASS": 1e-19, "p0": 4.76, "e0": 0.5, "BHSpin": 1, "Trajectory Exit Reason": "Integration reached time boundary. Boundary location t = 732240.84", "mismatch": 2.768055784585499e-10, "faithfulness": 0.9999976042615485, "DeltaNOrbits": -1.2216282888600967e-06}