{"SMBHMASS": 500000.0, "SecondaryMass": 10, "PROCAMASS": 8e-18, "p0": 14.879999999999999, "e0": 0.6, "BHSpin": 1, "Trajectory Exit Reason": "Separatrix reached!", "mismatch": 9.25282073183098e-12, "faithfulness": 0.9999999999886847, "DeltaNOrbits": 1.0957502916518937e-07}