{"SMBHMASS": 500000.0, "SecondaryMass": 10, "PROCAMASS": 1e-17, "p0": 15.549999999999999, "e0": 0.2, "BHSpin": 1, "Trajectory Exit Reason": "Separatrix reached!", "mismatch": 3.7371274963504675e-09, "faithfulness": 0.9999999938453195, "DeltaNOrbits": 3.249527716453766e-06}