{"SMBHMASS": 100000.0, "SecondaryMass": 10, "PROCAMASS": 4e-17, "p0": 34.2, "e0": 0.5, "BHSpin": 1, "Trajectory Exit Reason": "Separatrix reached!", "mismatch": 9.180467275271553e-09, "faithfulness": 0.9999999955937623, "DeltaNOrbits": 2.3840999117062467e-06}