{"SMBHMASS": 900000.0, "SecondaryMass": 10, "PROCAMASS": 5e-18, "p0": 11.830000000000002, "e0": 0.4, "BHSpin": 1, "Trajectory Exit Reason": "Separatrix reached!", "mismatch": 4.183597912543746e-11, "faithfulness": 0.9999999999191747, "DeltaNOrbits": 3.066952076042238e-07}