{"SMBHMASS": 900000.0, "SecondaryMass": 10, "PROCAMASS": 8e-18, "p0": 11.95, "e0": 0.2, "BHSpin": 1, "Trajectory Exit Reason": "Separatrix reached!", "mismatch": 7.46415653163357e-06, "faithfulness": 0.9999825166732709, "DeltaNOrbits": 0.00013412396745867604}