{"SMBHMASS": 200000.0, "SecondaryMass": 10, "PROCAMASS": 4e-17, "p0": 26.250000000000004, "e0": 0.6, "BHSpin": 1, "Trajectory Exit Reason": "Separatrix reached!", "mismatch": 0.28012479560147385, "faithfulness": 0.651011300898562, "DeltaNOrbits": 0.0210998558282088}