{"SMBHMASS": 200000.0, "SecondaryMass": 10, "PROCAMASS": 2e-17, "p0": 27.5, "e0": 0.2, "BHSpin": 1, "Trajectory Exit Reason": "Separatrix reached!", "mismatch": 7.325174800065781e-09, "faithfulness": 0.9999999924140496, "DeltaNOrbits": 2.8426512131619907e-06}