{"SMBHMASS": 500000.0, "SecondaryMass": 10, "PROCAMASS": 1e-17, "p0": 14.56, "e0": 0.7, "BHSpin": 1, "Trajectory Exit Reason": "Separatrix reached!", "mismatch": 5.986876105978922e-09, "faithfulness": 0.9999999918945655, "DeltaNOrbits": 2.8266985415165347e-06}