{"SMBHMASS": 100000.0, "SecondaryMass": 10, "PROCAMASS": 3e-17, "p0": 34.5, "e0": 0.4, "BHSpin": 1, "Trajectory Exit Reason": "Separatrix reached!", "mismatch": 5.960898441514928e-12, "faithfulness": 0.9999999999970945, "DeltaNOrbits": 6.166143000705955e-08}