{"SMBHMASS": 400000.0, "SecondaryMass": 10, "PROCAMASS": 9e-18, "p0": 17.0, "e0": 0.5, "BHSpin": 1, "Trajectory Exit Reason": "Separatrix reached!", "mismatch": 3.1342706208192794e-12, "faithfulness": 0.9999999999966773, "DeltaNOrbits": 6.21616880029101e-08}