{"SMBHMASS": 100000.0, "SecondaryMass": 10, "PROCAMASS": 5e-17, "p0": 32.5, "e0": 0.7, "BHSpin": 1, "Trajectory Exit Reason": "Separatrix reached!", "mismatch": 5.591072685273701e-06, "faithfulness": 0.9999973037460669, "DeltaNOrbits": 4.557424454494131e-05}