{"SMBHMASS": 800000.0, "SecondaryMass": 10, "PROCAMASS": 6e-18, "p0": 12.799999999999999, "e0": 0.3, "BHSpin": 1, "Trajectory Exit Reason": "Separatrix reached!", "mismatch": 3.89500098840756e-10, "faithfulness": 0.9999999991734889, "DeltaNOrbits": 9.964212873646802e-07}