{"SMBHMASS": 30000000.0, "SecondaryMass": 10, "PROCAMASS": 1e-18, "p0": 4.83, "e0": 0.2, "BHSpin": 1, "Trajectory Exit Reason": "Integration reached time boundary. Boundary location t = 1708561.96", "mismatch": 0.9946710736327418, "faithfulness": 0.012966620577449146, "DeltaNOrbits": -374.7214227032414}