{"SMBHMASS": 300000.0, "SecondaryMass": 10, "PROCAMASS": 9e-18, "p0": 20.0, "e0": 0.3, "BHSpin": 1, "Trajectory Exit Reason": "Separatrix reached!", "mismatch": 4.0190073491430667e-14, "faithfulness": 0.9999999999999841, "DeltaNOrbits": 1.6860547267555348e-09}