{"SMBHMASS": 800000.0, "SecondaryMass": 10, "PROCAMASS": 4e-17, "p0": 12.106, "e0": 0.7, "BHSpin": 1, "Trajectory Exit Reason": "Separatrix reached!", "mismatch": 0.9985069089047227, "faithfulness": 0.0015357528350156478, "DeltaNOrbits": 3288.447128956631}