{"SMBHMASS": 700000.0, "SecondaryMass": 10, "PROCAMASS": 1e-17, "p0": 13.7, "e0": 0.3, "BHSpin": 1, "Trajectory Exit Reason": "Separatrix reached!", "mismatch": 3.097520824690836e-05, "faithfulness": 0.9999362186010092, "DeltaNOrbits": 0.0002854939402347472}