{"SMBHMASS": 800000.0, "SecondaryMass": 10, "PROCAMASS": 4e-18, "p0": 12.799999999999999, "e0": 0.3, "BHSpin": 1, "Trajectory Exit Reason": "Separatrix reached!", "mismatch": 5.473399511402022e-14, "faithfulness": 0.9999999999999607, "DeltaNOrbits": 1.7786950963574872e-09}