{"SMBHMASS": 600000.0, "SecondaryMass": 10, "PROCAMASS": 1e-17, "p0": 14.649999999999997, "e0": 0.2, "BHSpin": 1, "Trajectory Exit Reason": "Separatrix reached!", "mismatch": 1.5747836971113927e-06, "faithfulness": 0.9999969888184861, "DeltaNOrbits": 6.41490277396851e-05}