{"SMBHMASS": 300000.0, "SecondaryMass": 10, "PROCAMASS": 3e-17, "p0": 19.15, "e0": 0.6, "BHSpin": 1, "Trajectory Exit Reason": "Separatrix reached!", "mismatch": 0.48127507407967474, "faithfulness": 0.37744015934399566, "DeltaNOrbits": 0.04539355650764464}