{"SMBHMASS": 800000.0, "SecondaryMass": 10, "PROCAMASS": 9e-18, "p0": 12.899999999999999, "e0": 0.1, "BHSpin": 1, "Trajectory Exit Reason": "Separatrix reached!", "mismatch": 5.868351830595753e-05, "faithfulness": 0.9998622457551721, "DeltaNOrbits": 0.000419503459780817}