{"SMBHMASS": 600000.0, "SecondaryMass": 10, "PROCAMASS": 5e-18, "p0": 13.741999999999999, "e0": 0.7, "BHSpin": 1, "Trajectory Exit Reason": "Separatrix reached!", "mismatch": -7.105427357601002e-15, "faithfulness": 0.9999999999999946, "DeltaNOrbits": 1.9732398725215875e-09}