{"SMBHMASS": 700000.0, "SecondaryMass": 10, "PROCAMASS": 7e-18, "p0": 12.924, "e0": 0.7, "BHSpin": 1, "Trajectory Exit Reason": "Separatrix reached!", "mismatch": 1.165290752780379e-09, "faithfulness": 0.9999999981204666, "DeltaNOrbits": 1.2971689832404588e-06}