{"SMBHMASS": 200000.0, "SecondaryMass": 10, "PROCAMASS": 3e-17, "p0": 27.150000000000002, "e0": 0.4, "BHSpin": 1, "Trajectory Exit Reason": "Separatrix reached!", "mismatch": 0.00026034924872120335, "faithfulness": 0.9997304501271054, "DeltaNOrbits": 0.0004963512032398376}