{"SMBHMASS": 1000000.0, "SecondaryMass": 10, "PROCAMASS": 6e-18, "p0": 11.0, "e0": 0.3, "BHSpin": 1, "Trajectory Exit Reason": "Separatrix reached!", "mismatch": 7.066964824442579e-08, "faithfulness": 0.9999998390081444, "DeltaNOrbits": 1.4264856751678241e-05}