{"SMBHMASS": 40000000.0, "SecondaryMass": 10, "PROCAMASS": 6e-19, "p0": 4.83, "e0": 0.1, "BHSpin": 1, "Trajectory Exit Reason": "Integration reached time boundary. Boundary location t = 1281421.47", "mismatch": 0.9796282454443616, "faithfulness": 0.00013617908893272766, "DeltaNOrbits": -34.353966770065526}