{"SMBHMASS": 600000.0, "SecondaryMass": 10, "PROCAMASS": 2e-17, "p0": 14.041, "e0": 0.6, "BHSpin": 1, "Trajectory Exit Reason": "Separatrix reached!", "mismatch": 0.7994579186989881, "faithfulness": 0.06071589228354169, "DeltaNOrbits": 0.2354817292873307}