{"SMBHMASS": 600000.0, "SecondaryMass": 10, "PROCAMASS": 6e-18, "p0": 14.599999999999998, "e0": 0.3, "BHSpin": 1, "Trajectory Exit Reason": "Separatrix reached!", "mismatch": 7.158718062783009e-13, "faithfulness": 0.9999999999992306, "DeltaNOrbits": 2.5383461270934974e-08}