{"SMBHMASS": 800000.0, "SecondaryMass": 10, "PROCAMASS": 8e-18, "p0": 12.849999999999998, "e0": 0.2, "BHSpin": 1, "Trajectory Exit Reason": "Separatrix reached!", "mismatch": 2.5443189536344946e-06, "faithfulness": 0.9999942023150061, "DeltaNOrbits": 7.850146669678503e-05}