{"SMBHMASS": 100000.0, "SecondaryMass": 10, "PROCAMASS": 3e-17, "p0": 33.35, "e0": 0.6, "BHSpin": 1, "Trajectory Exit Reason": "Separatrix reached!", "mismatch": 9.947709322943865e-12, "faithfulness": 0.9999999999950634, "DeltaNOrbits": 6.384774272966563e-08}