{"SMBHMASS": 700000.0, "SecondaryMass": 10, "PROCAMASS": 7e-18, "p0": 13.799999999999999, "e0": 0.1, "BHSpin": 1, "Trajectory Exit Reason": "Separatrix reached!", "mismatch": 3.820989302738553e-09, "faithfulness": 0.9999999917063234, "DeltaNOrbits": 3.256679552987037e-06}