{"SMBHMASS": 900000.0, "SecondaryMass": 10, "PROCAMASS": 8e-18, "p0": 11.999999999999998, "e0": 0.1, "BHSpin": 1, "Trajectory Exit Reason": "Separatrix reached!", "mismatch": 7.524943925418803e-06, "faithfulness": 0.9999818326316808, "DeltaNOrbits": 0.00014701298502524783}