{"SMBHMASS": 700000.0, "SecondaryMass": 10, "PROCAMASS": 8e-18, "p0": 13.799999999999999, "e0": 0.1, "BHSpin": 1, "Trajectory Exit Reason": "Separatrix reached!", "mismatch": 1.0990362653284791e-07, "faithfulness": 0.9999997598401313, "DeltaNOrbits": 1.740762570620272e-05}