{"SMBHMASS": 1000000.0, "SecondaryMass": 10, "PROCAMASS": 7e-18, "p0": 11.05, "e0": 0.2, "BHSpin": 1, "Trajectory Exit Reason": "Separatrix reached!", "mismatch": 3.06413090578328e-06, "faithfulness": 0.9999927816204774, "DeltaNOrbits": 9.189644890597487e-05}