{"SMBHMASS": 700000.0, "SecondaryMass": 10, "PROCAMASS": 1e-17, "p0": 12.924, "e0": 0.7, "BHSpin": 1, "Trajectory Exit Reason": "Separatrix reached!", "mismatch": 8.412074992181218e-05, "faithfulness": 0.9998630804266144, "DeltaNOrbits": 0.0003424523799745571}