{"SMBHMASS": 900000.0, "SecondaryMass": 10, "PROCAMASS": 3e-18, "p0": 11.999999999999998, "e0": 0.1, "BHSpin": 1, "Trajectory Exit Reason": "Separatrix reached!", "mismatch": 2.424727085781342e-13, "faithfulness": 0.9999999999997745, "DeltaNOrbits": -1.4081336179496773e-09}