{"SMBHMASS": 600000.0, "SecondaryMass": 10, "PROCAMASS": 1e-17, "p0": 13.741999999999999, "e0": 0.7, "BHSpin": 1, "Trajectory Exit Reason": "Separatrix reached!", "mismatch": 1.2972134688649106e-06, "faithfulness": 0.9999980410737412, "DeltaNOrbits": 4.074273429294284e-05}