{"SMBHMASS": 30000000.0, "SecondaryMass": 10, "PROCAMASS": 3e-19, "p0": 4.609999999999999, "e0": 0.6, "BHSpin": 1, "Trajectory Exit Reason": "Integration reached time boundary. Boundary location t = 1708561.96", "mismatch": 2.0098777975263715e-07, "faithfulness": 0.9999899863647301, "DeltaNOrbits": 1.7496611413223873e-05}