{"SMBHMASS": 500000.0, "SecondaryMass": 10, "PROCAMASS": 7e-18, "p0": 14.56, "e0": 0.7, "BHSpin": 1, "Trajectory Exit Reason": "Separatrix reached!", "mismatch": 6.337153024560394e-13, "faithfulness": 0.9999999999994773, "DeltaNOrbits": 1.7425653522127257e-08}