{"SMBHMASS": 800000.0, "SecondaryMass": 10, "PROCAMASS": 2e-17, "p0": 12.106, "e0": 0.7, "BHSpin": 1, "Trajectory Exit Reason": "Separatrix reached!", "mismatch": 0.966795022301212, "faithfulness": 0.009382057962968336, "DeltaNOrbits": 6.402598095195594}