{"SMBHMASS": 900000.0, "SecondaryMass": 10, "PROCAMASS": 6e-18, "p0": 11.288, "e0": 0.7, "BHSpin": 1, "Trajectory Exit Reason": "Separatrix reached!", "mismatch": 2.3639683432996605e-08, "faithfulness": 0.999999958199163, "DeltaNOrbits": 6.465093473411456e-06}