{"SMBHMASS": 300000.0, "SecondaryMass": 10, "PROCAMASS": 3e-17, "p0": 20.05, "e0": 0.2, "BHSpin": 1, "Trajectory Exit Reason": "Separatrix reached!", "mismatch": 0.4604611635700354, "faithfulness": 0.3470332408731817, "DeltaNOrbits": 0.06659555655127634}