{"SMBHMASS": 600000.0, "SecondaryMass": 10, "PROCAMASS": 3e-17, "p0": 14.339999999999998, "e0": 0.5, "BHSpin": 1, "Trajectory Exit Reason": "Separatrix reached!", "mismatch": 0.9876872900509109, "faithfulness": 0.0039471112444348835, "DeltaNOrbits": 64.59132747957243}