{"SMBHMASS": 300000.0, "SecondaryMass": 10, "PROCAMASS": 2e-17, "p0": 19.6, "e0": 0.5, "BHSpin": 1, "Trajectory Exit Reason": "Separatrix reached!", "mismatch": 2.574958049383902e-05, "faithfulness": 0.999970623999174, "DeltaNOrbits": 0.00018672083374936726}