{"SMBHMASS": 300000.0, "SecondaryMass": 10, "PROCAMASS": 3e-17, "p0": 18.7, "e0": 0.7, "BHSpin": 1, "Trajectory Exit Reason": "Separatrix reached!", "mismatch": 0.3781157043285033, "faithfulness": 0.5341305903314093, "DeltaNOrbits": 0.026817999061747862}