{"SMBHMASS": 300000.0, "SecondaryMass": 10, "PROCAMASS": 9e-18, "p0": 20.05, "e0": 0.2, "BHSpin": 1, "Trajectory Exit Reason": "Separatrix reached!", "mismatch": 1.4721557306529576e-13, "faithfulness": 0.9999999999999248, "DeltaNOrbits": 1.88986353987983e-09}