{"SMBHMASS": 700000.0, "SecondaryMass": 10, "PROCAMASS": 8e-18, "p0": 13.7, "e0": 0.3, "BHSpin": 1, "Trajectory Exit Reason": "Separatrix reached!", "mismatch": 1.4255230385007422e-07, "faithfulness": 0.9999997075948995, "DeltaNOrbits": 1.9014009715100575e-05}