{"SMBHMASS": 300000.0, "SecondaryMass": 10, "PROCAMASS": 9e-18, "p0": 18.7, "e0": 0.7, "BHSpin": 1, "Trajectory Exit Reason": "Separatrix reached!", "mismatch": 1.865174681370263e-14, "faithfulness": 0.9999999999999845, "DeltaNOrbits": 6.114264393728862e-10}