{"SMBHMASS": 300000.0, "SecondaryMass": 10, "PROCAMASS": 2e-17, "p0": 20.0, "e0": 0.3, "BHSpin": 1, "Trajectory Exit Reason": "Separatrix reached!", "mismatch": 2.8495413081142118e-05, "faithfulness": 0.9999662192265298, "DeltaNOrbits": 0.0002230292996951648}