{"SMBHMASS": 800000.0, "SecondaryMass": 10, "PROCAMASS": 1e-17, "p0": 12.62, "e0": 0.5, "BHSpin": 1, "Trajectory Exit Reason": "Separatrix reached!", "mismatch": 0.0017291963116261577, "faithfulness": 0.9965878332207805, "DeltaNOrbits": 0.0019795889802522574}