{"SMBHMASS": 40000000.0, "SecondaryMass": 10, "PROCAMASS": 5e-19, "p0": 4.83, "e0": 0.2, "BHSpin": 1, "Trajectory Exit Reason": "Integration reached time boundary. Boundary location t = 1281421.47", "mismatch": 0.9229983064047459, "faithfulness": 0.21496490407500493, "DeltaNOrbits": -2.5772644195086394}