{"SMBHMASS": 400000.0, "SecondaryMass": 10, "PROCAMASS": 1e-17, "p0": 16.25, "e0": 0.7, "BHSpin": 1, "Trajectory Exit Reason": "Separatrix reached!", "mismatch": 3.610534093922979e-11, "faithfulness": 0.9999999999585225, "DeltaNOrbits": 1.8216802278527932e-07}