{"SMBHMASS": 800000.0, "SecondaryMass": 10, "PROCAMASS": 1e-17, "p0": 12.363, "e0": 0.6, "BHSpin": 1, "Trajectory Exit Reason": "Separatrix reached!", "mismatch": 0.0008357971266791386, "faithfulness": 0.998466937099961, "DeltaNOrbits": 0.0012640145883742772}