{"SMBHMASS": 60000000.0, "SecondaryMass": 10, "PROCAMASS": 6e-19, "p0": 4.83, "e0": 0.1, "BHSpin": 1, "Trajectory Exit Reason": "Integration reached time boundary. Boundary location t = 854280.98", "mismatch": 1.0026121942581048, "faithfulness": 0.5906465813823778, "DeltaNOrbits": -1814.415165387967}