{"SMBHMASS": 900000.0, "SecondaryMass": 10, "PROCAMASS": 6e-18, "p0": 11.830000000000002, "e0": 0.4, "BHSpin": 1, "Trajectory Exit Reason": "Separatrix reached!", "mismatch": 6.052682799406739e-09, "faithfulness": 0.9999999870975056, "DeltaNOrbits": 4.001674877252018e-06}