{"SMBHMASS": 400000.0, "SecondaryMass": 10, "PROCAMASS": 1e-17, "p0": 17.0, "e0": 0.5, "BHSpin": 1, "Trajectory Exit Reason": "Separatrix reached!", "mismatch": 5.316913576081106e-11, "faithfulness": 0.9999999999341083, "DeltaNOrbits": 2.7327056225183934e-07}