{"SMBHMASS": 600000.0, "SecondaryMass": 10, "PROCAMASS": 9e-18, "p0": 14.599999999999998, "e0": 0.3, "BHSpin": 1, "Trajectory Exit Reason": "Separatrix reached!", "mismatch": 4.041722312386753e-08, "faithfulness": 0.9999999249668424, "DeltaNOrbits": 9.907943113150578e-06}