{"SMBHMASS": 300000.0, "SecondaryMass": 10, "PROCAMASS": 2e-17, "p0": 20.1, "e0": 0.1, "BHSpin": 1, "Trajectory Exit Reason": "Separatrix reached!", "mismatch": 1.1038059215651153e-05, "faithfulness": 0.9999863674999317, "DeltaNOrbits": 0.00014247733105761016}