{"SMBHMASS": 600000.0, "SecondaryMass": 10, "PROCAMASS": 2e-17, "p0": 14.041, "e0": 0.6, "BHSpin": 1, "Trajectory Exit Reason": "Separatrix reached!", "mismatch": 0.8368076923287563, "faithfulness": 0.05580602463611241, "DeltaNOrbits": 0.3406004098847066}