{"SMBHMASS": 800000.0, "SecondaryMass": 10, "PROCAMASS": 7e-18, "p0": 12.899999999999999, "e0": 0.1, "BHSpin": 1, "Trajectory Exit Reason": "Separatrix reached!", "mismatch": 1.4968322359365516e-08, "faithfulness": 0.9999999649833298, "DeltaNOrbits": 6.091901008506951e-06}