{"SMBHMASS": 100000.0, "SecondaryMass": 10, "PROCAMASS": 3e-17, "p0": 33.35, "e0": 0.6, "BHSpin": 1, "Trajectory Exit Reason": "Separatrix reached!", "mismatch": 4.64406291200703e-12, "faithfulness": 0.9999999999976901, "DeltaNOrbits": 4.2318120834171884e-08}