{"SMBHMASS": 400000.0, "SecondaryMass": 10, "PROCAMASS": 1e-17, "p0": 17.0, "e0": 0.5, "BHSpin": 1, "Trajectory Exit Reason": "Separatrix reached!", "mismatch": 1.7387202788654577e-11, "faithfulness": 0.9999999999787611, "DeltaNOrbits": 1.5945260415888058e-07}