{"SMBHMASS": 20000000.0, "SecondaryMass": 10, "PROCAMASS": 7e-19, "p0": 4.83, "e0": 0.1, "BHSpin": 1, "Trajectory Exit Reason": "Integration reached time boundary. Boundary location t = 2562842.94", "mismatch": 0.10994756995276933, "faithfulness": 0.8644886155069005, "DeltaNOrbits": -0.03683329340441546}