{"SMBHMASS": 500000.0, "SecondaryMass": 10, "PROCAMASS": 6e-18, "p0": 15.6, "e0": 0.1, "BHSpin": 1, "Trajectory Exit Reason": "Separatrix reached!", "mismatch": 3.042011087472929e-13, "faithfulness": 0.9999999999998047, "DeltaNOrbits": 4.2985131495305945e-09}