{"SMBHMASS": 30000000.0, "SecondaryMass": 10, "PROCAMASS": 2e-19, "p0": 4.83, "e0": 0.1, "BHSpin": 1, "Trajectory Exit Reason": "Integration reached time boundary. Boundary location t = 1708561.96", "mismatch": 6.6910921248108934e-12, "faithfulness": 0.9999994254443181, "DeltaNOrbits": -1.547418413646213e-07}