{"SMBHMASS": 400000.0, "SecondaryMass": 10, "PROCAMASS": 2e-17, "p0": 17.3, "e0": 0.3, "BHSpin": 1, "Trajectory Exit Reason": "Separatrix reached!", "mismatch": 0.005975673439234441, "faithfulness": 0.9913979614263231, "DeltaNOrbits": 0.0036077006946838895}