{"SMBHMASS": 1000000.0, "SecondaryMass": 10, "PROCAMASS": 3e-18, "p0": 10.685, "e0": 0.6, "BHSpin": 1, "Trajectory Exit Reason": "Separatrix reached!", "mismatch": 1.2434497875801753e-14, "faithfulness": 0.9999999999999928, "DeltaNOrbits": 8.152352524971817e-10}