{"SMBHMASS": 300000.0, "SecondaryMass": 10, "PROCAMASS": 3e-17, "p0": 19.15, "e0": 0.6, "BHSpin": 1, "Trajectory Exit Reason": "Separatrix reached!", "mismatch": 0.22614666175960896, "faithfulness": 0.7250660480772227, "DeltaNOrbits": 0.01986771849456537}