{"SMBHMASS": 500000.0, "SecondaryMass": 10, "PROCAMASS": 7e-18, "p0": 15.350000000000001, "e0": 0.4, "BHSpin": 1, "Trajectory Exit Reason": "Separatrix reached!", "mismatch": 2.937650123158164e-13, "faithfulness": 0.9999999999997395, "DeltaNOrbits": 1.4155448475178335e-08}