{"SMBHMASS": 700000.0, "SecondaryMass": 10, "PROCAMASS": 7e-18, "p0": 13.479999999999999, "e0": 0.5, "BHSpin": 1, "Trajectory Exit Reason": "Separatrix reached!", "mismatch": 5.171403305581634e-10, "faithfulness": 0.9999999990476909, "DeltaNOrbits": 1.0696442354980636e-06}