{"SMBHMASS": 80000000.0, "SecondaryMass": 10, "PROCAMASS": 5e-19, "p0": 4.795, "e0": 0.4, "BHSpin": 1, "Trajectory Exit Reason": "Integration reached time boundary. Boundary location t = 640710.74", "mismatch": 0.9732061649398845, "faithfulness": 0.7837999174579415, "DeltaNOrbits": -16.882998872355373}