{"SMBHMASS": 400000.0, "SecondaryMass": 10, "PROCAMASS": 9e-18, "p0": 17.4, "e0": 0.1, "BHSpin": 1, "Trajectory Exit Reason": "Separatrix reached!", "mismatch": 4.669264974666021e-12, "faithfulness": 0.9999999999946712, "DeltaNOrbits": 8.585909454708954e-08}