{"SMBHMASS": 600000.0, "SecondaryMass": 10, "PROCAMASS": 6e-18, "p0": 13.741999999999999, "e0": 0.7, "BHSpin": 1, "Trajectory Exit Reason": "Separatrix reached!", "mismatch": 1.3233858453531866e-12, "faithfulness": 0.999999999998688, "DeltaNOrbits": 2.6773066814964262e-08}