{"SMBHMASS": 40000000.0, "SecondaryMass": 10, "PROCAMASS": 1e-19, "p0": 4.76, "e0": 0.5, "BHSpin": 1, "Trajectory Exit Reason": "Integration reached time boundary. Boundary location t = 1281421.47", "mismatch": 4.440892098500626e-14, "faithfulness": 0.999999987758441, "DeltaNOrbits": 3.8040451767801725e-09}