{"SMBHMASS": 600000.0, "SecondaryMass": 10, "PROCAMASS": 1e-17, "p0": 14.7, "e0": 0.1, "BHSpin": 1, "Trajectory Exit Reason": "Separatrix reached!", "mismatch": 3.4243525115496e-07, "faithfulness": 0.9999993200834988, "DeltaNOrbits": 3.061671574974927e-05}