{"SMBHMASS": 200000.0, "SecondaryMass": 10, "PROCAMASS": 2e-17, "p0": 27.150000000000002, "e0": 0.4, "BHSpin": 1, "Trajectory Exit Reason": "Separatrix reached!", "mismatch": 1.3024923362081609e-09, "faithfulness": 0.9999999986100848, "DeltaNOrbits": 1.14729539329842e-06}