{"SMBHMASS": 1000000.0, "SecondaryMass": 10, "PROCAMASS": 9e-18, "p0": 11.0, "e0": 0.3, "BHSpin": 1, "Trajectory Exit Reason": "Separatrix reached!", "mismatch": 0.006190004860955334, "faithfulness": 0.9858927869353937, "DeltaNOrbits": 0.00421193514718732}