{"SMBHMASS": 900000.0, "SecondaryMass": 10, "PROCAMASS": 9e-18, "p0": 11.95, "e0": 0.2, "BHSpin": 1, "Trajectory Exit Reason": "Separatrix reached!", "mismatch": 0.001336334308869147, "faithfulness": 0.99682184295379, "DeltaNOrbits": 0.0019446341939151574}