{"SMBHMASS": 700000.0, "SecondaryMass": 10, "PROCAMASS": 7e-18, "p0": 13.7, "e0": 0.3, "BHSpin": 1, "Trajectory Exit Reason": "Separatrix reached!", "mismatch": 3.253646574385982e-09, "faithfulness": 0.9999999933922735, "DeltaNOrbits": 2.859122670877218e-06}