{"SMBHMASS": 500000.0, "SecondaryMass": 10, "PROCAMASS": 7e-18, "p0": 14.879999999999999, "e0": 0.6, "BHSpin": 1, "Trajectory Exit Reason": "Separatrix reached!", "mismatch": 4.516387264175137e-13, "faithfulness": 0.9999999999996012, "DeltaNOrbits": 1.7453445633007842e-08}