{"SMBHMASS": 900000.0, "SecondaryMass": 10, "PROCAMASS": 6e-18, "p0": 11.523999999999997, "e0": 0.6, "BHSpin": 1, "Trajectory Exit Reason": "Separatrix reached!", "mismatch": 1.4998691622025717e-08, "faithfulness": 0.9999999716373046, "DeltaNOrbits": 5.7069895368477986e-06}