{"SMBHMASS": 700000.0, "SecondaryMass": 10, "PROCAMASS": 6e-18, "p0": 13.749999999999996, "e0": 0.2, "BHSpin": 1, "Trajectory Exit Reason": "Separatrix reached!", "mismatch": 1.4295786776585828e-11, "faithfulness": 0.9999999999736173, "DeltaNOrbits": 1.7546086002609797e-07}