{"SMBHMASS": 600000.0, "SecondaryMass": 10, "PROCAMASS": 1e-17, "p0": 14.469999999999999, "e0": 0.4, "BHSpin": 1, "Trajectory Exit Reason": "Separatrix reached!", "mismatch": 6.870611110043612e-07, "faithfulness": 0.9999987831876798, "DeltaNOrbits": 4.280900362461871e-05}