{"SMBHMASS": 1000000.0, "SecondaryMass": 10, "PROCAMASS": 4e-18, "p0": 10.9, "e0": 0.5, "BHSpin": 1, "Trajectory Exit Reason": "Separatrix reached!", "mismatch": 3.3185676429070554e-12, "faithfulness": 0.9999999999964714, "DeltaNOrbits": 6.84056489140817e-08}