{"SMBHMASS": 700000.0, "SecondaryMass": 10, "PROCAMASS": 7e-18, "p0": 13.7, "e0": 0.3, "BHSpin": 1, "Trajectory Exit Reason": "Separatrix reached!", "mismatch": 5.529670055182123e-10, "faithfulness": 0.999999998893783, "DeltaNOrbits": 1.2584267806729222e-06}