{"SMBHMASS": 60000000.0, "SecondaryMass": 10, "PROCAMASS": 7e-19, "p0": 4.83, "e0": 0.1, "BHSpin": 1, "Trajectory Exit Reason": "Integration reached time boundary. Boundary location t = 854280.98", "mismatch": 0.9954651931525893, "faithfulness": 0.6399702373051561, "DeltaNOrbits": -1831.6378652201001}