{"SMBHMASS": 30000000.0, "SecondaryMass": 10, "PROCAMASS": 3e-19, "p0": 4.83, "e0": 0.1, "BHSpin": 1, "Trajectory Exit Reason": "Integration reached time boundary. Boundary location t = 1708561.96", "mismatch": 3.822072233150564e-07, "faithfulness": 0.9999546723374616, "DeltaNOrbits": -7.279424555901324e-05}