{"SMBHMASS": 500000.0, "SecondaryMass": 10, "PROCAMASS": 8e-18, "p0": 14.879999999999999, "e0": 0.6, "BHSpin": 1, "Trajectory Exit Reason": "Separatrix reached!", "mismatch": 3.0648150683987296e-11, "faithfulness": 0.999999999961367, "DeltaNOrbits": 2.0369764468077307e-07}