{"SMBHMASS": 100000.0, "SecondaryMass": 10, "PROCAMASS": 8e-17, "p0": 32.5, "e0": 0.7, "BHSpin": 1, "Trajectory Exit Reason": "Separatrix reached!", "mismatch": 0.4955023684304565, "faithfulness": 0.4899686492479239, "DeltaNOrbits": 0.03446023426542195}