{"SMBHMASS": 600000.0, "SecondaryMass": 10, "PROCAMASS": 1e-17, "p0": 14.599999999999998, "e0": 0.3, "BHSpin": 1, "Trajectory Exit Reason": "Separatrix reached!", "mismatch": 2.673184545942675e-07, "faithfulness": 0.9999994956286622, "DeltaNOrbits": 2.579141240251413e-05}