{"SMBHMASS": 100000.0, "SecondaryMass": 10, "PROCAMASS": 7e-17, "p0": 34.95, "e0": 0.2, "BHSpin": 1, "Trajectory Exit Reason": "Separatrix reached!", "mismatch": 0.1111208884130378, "faithfulness": 0.9314991075506944, "DeltaNOrbits": 0.012547952930069849}