{"SMBHMASS": 300000.0, "SecondaryMass": 10, "PROCAMASS": 6e-17, "p0": 20.05, "e0": 0.2, "BHSpin": 1, "Trajectory Exit Reason": "Separatrix reached!", "mismatch": 0.9888482384794866, "faithfulness": 0.003550208795056383, "DeltaNOrbits": 135.1955478108642}