{"SMBHMASS": 600000.0, "SecondaryMass": 10, "PROCAMASS": 8e-18, "p0": 14.339999999999998, "e0": 0.5, "BHSpin": 1, "Trajectory Exit Reason": "Separatrix reached!", "mismatch": 6.012020881129843e-10, "faithfulness": 0.999999998987815, "DeltaNOrbits": 1.1542804771664072e-06}