{"SMBHMASS": 50000000.0, "SecondaryMass": 10, "PROCAMASS": 2e-19, "p0": 4.83, "e0": 0.3, "BHSpin": 1, "Trajectory Exit Reason": "Integration reached time boundary. Boundary location t = 1025137.18", "mismatch": 3.7814596016705337e-06, "faithfulness": 0.9995719263915627, "DeltaNOrbits": -0.0001876920383281263}