{"SMBHMASS": 3000000.0, "SecondaryMass": 10, "PROCAMASS": 9e-18, "p0": 6.984999999999999, "e0": 0.2, "BHSpin": 1, "Trajectory Exit Reason": "Separatrix reached!", "mismatch": 0.9981781967397377, "faithfulness": -0.0003840336971737117, "DeltaNOrbits": -566.0098725420531}