{"SMBHMASS": 800000.0, "SecondaryMass": 10, "PROCAMASS": 6e-18, "p0": 12.899999999999999, "e0": 0.1, "BHSpin": 1, "Trajectory Exit Reason": "Separatrix reached!", "mismatch": 7.582939831607405e-10, "faithfulness": 0.9999999982599787, "DeltaNOrbits": 1.6336758617825908e-06}