{"SMBHMASS": 600000.0, "SecondaryMass": 10, "PROCAMASS": 4e-17, "p0": 14.339999999999998, "e0": 0.5, "BHSpin": 1, "Trajectory Exit Reason": "Separatrix reached!", "mismatch": 0.9991132329542262, "faithfulness": -0.0002647101045303019, "DeltaNOrbits": 4884.973943783638}