{"SMBHMASS": 900000.0, "SecondaryMass": 10, "PROCAMASS": 3e-17, "p0": 11.288, "e0": 0.7, "BHSpin": 1, "Trajectory Exit Reason": "Separatrix reached!", "mismatch": 0.9973871606339834, "faithfulness": 0.0008824767613501731, "DeltaNOrbits": 725.7138443725173}