{"SMBHMASS": 600000.0, "SecondaryMass": 10, "PROCAMASS": 6e-18, "p0": 13.741999999999999, "e0": 0.7, "BHSpin": 1, "Trajectory Exit Reason": "Separatrix reached!", "mismatch": 1.960986928395414e-12, "faithfulness": 0.99999999999804, "DeltaNOrbits": 3.4480745565846706e-08}