{"SMBHMASS": 700000.0, "SecondaryMass": 10, "PROCAMASS": 7e-18, "p0": 13.590000000000002, "e0": 0.4, "BHSpin": 1, "Trajectory Exit Reason": "Separatrix reached!", "mismatch": 4.218658089527594e-09, "faithfulness": 0.999999991838258, "DeltaNOrbits": 3.164632081750537e-06}