{"SMBHMASS": 800000.0, "SecondaryMass": 10, "PROCAMASS": 4e-18, "p0": 12.106, "e0": 0.7, "BHSpin": 1, "Trajectory Exit Reason": "Separatrix reached!", "mismatch": 4.0745185003743245e-14, "faithfulness": 0.9999999999999706, "DeltaNOrbits": 1.1950607678651868e-09}