{"SMBHMASS": 800000.0, "SecondaryMass": 10, "PROCAMASS": 8e-18, "p0": 12.799999999999999, "e0": 0.3, "BHSpin": 1, "Trajectory Exit Reason": "Separatrix reached!", "mismatch": 6.775982011042458e-07, "faithfulness": 0.9999985137240128, "DeltaNOrbits": 4.059780769873755e-05}