{"SMBHMASS": 300000.0, "SecondaryMass": 10, "PROCAMASS": 2e-17, "p0": 20.1, "e0": 0.1, "BHSpin": 1, "Trajectory Exit Reason": "Separatrix reached!", "mismatch": 1.4515997743380638e-05, "faithfulness": 0.9999822381935902, "DeltaNOrbits": 0.0001642955462324879}