{"SMBHMASS": 300000.0, "SecondaryMass": 10, "PROCAMASS": 9e-18, "p0": 19.15, "e0": 0.6, "BHSpin": 1, "Trajectory Exit Reason": "Separatrix reached!", "mismatch": 7.949196856316121e-14, "faithfulness": 0.9999999999999676, "DeltaNOrbits": 2.334537313969202e-09}