{"SMBHMASS": 600000.0, "SecondaryMass": 10, "PROCAMASS": 6e-18, "p0": 14.7, "e0": 0.1, "BHSpin": 1, "Trajectory Exit Reason": "Separatrix reached!", "mismatch": 7.015499292606364e-13, "faithfulness": 0.999999999999213, "DeltaNOrbits": 2.4994371718606772e-08}