{"SMBHMASS": 400000.0, "SecondaryMass": 10, "PROCAMASS": 1e-17, "p0": 16.625, "e0": 0.6, "BHSpin": 1, "Trajectory Exit Reason": "Separatrix reached!", "mismatch": 7.820577518913296e-11, "faithfulness": 0.9999999999063588, "DeltaNOrbits": 3.328568479798152e-07}