{"SMBHMASS": 500000.0, "SecondaryMass": 10, "PROCAMASS": 8e-18, "p0": 15.350000000000001, "e0": 0.4, "BHSpin": 1, "Trajectory Exit Reason": "Separatrix reached!", "mismatch": 4.841127498877995e-12, "faithfulness": 0.9999999999938011, "DeltaNOrbits": 8.915709170491905e-08}