{"SMBHMASS": 600000.0, "SecondaryMass": 10, "PROCAMASS": 8e-18, "p0": 14.649999999999997, "e0": 0.2, "BHSpin": 1, "Trajectory Exit Reason": "Separatrix reached!", "mismatch": 6.433472643507798e-10, "faithfulness": 0.9999999987777772, "DeltaNOrbits": 1.2942971317827981e-06}