{"SMBHMASS": 600000.0, "SecondaryMass": 10, "PROCAMASS": 7e-17, "p0": 14.7, "e0": 0.1, "BHSpin": 1, "Trajectory Exit Reason": "Separatrix reached!", "mismatch": 0.9999007163987926, "faithfulness": -0.0003782088912947317, "DeltaNOrbits": 7405.804719821898}