{"SMBHMASS": 900000.0, "SecondaryMass": 10, "PROCAMASS": 8e-18, "p0": 11.523999999999997, "e0": 0.6, "BHSpin": 1, "Trajectory Exit Reason": "Separatrix reached!", "mismatch": 4.435590501683517e-05, "faithfulness": 0.999915884073047, "DeltaNOrbits": 0.0003071342210517305}