{"SMBHMASS": 700000.0, "SecondaryMass": 10, "PROCAMASS": 4e-18, "p0": 12.924, "e0": 0.7, "BHSpin": 1, "Trajectory Exit Reason": "Separatrix reached!", "mismatch": 3.630429290524262e-14, "faithfulness": 0.9999999999999905, "DeltaNOrbits": 2.223368870446859e-10}