{"SMBHMASS": 500000.0, "SecondaryMass": 10, "PROCAMASS": 9e-18, "p0": 14.56, "e0": 0.7, "BHSpin": 1, "Trajectory Exit Reason": "Separatrix reached!", "mismatch": 3.1231639496809294e-10, "faithfulness": 0.9999999995868235, "DeltaNOrbits": 6.352164862866677e-07}