{"SMBHMASS": 60000000.0, "SecondaryMass": 10, "PROCAMASS": 1e-19, "p0": 4.83, "e0": 0.3, "BHSpin": 1, "Trajectory Exit Reason": "Integration reached time boundary. Boundary location t = 854280.98", "mismatch": 4.591438340639797e-12, "faithfulness": 0.9999996264277683, "DeltaNOrbits": -2.1439992337903864e-07}