{"SMBHMASS": 300000.0, "SecondaryMass": 10, "PROCAMASS": 5e-17, "p0": 20.05, "e0": 0.2, "BHSpin": 1, "Trajectory Exit Reason": "Separatrix reached!", "mismatch": 0.981488116203392, "faithfulness": 0.005798382278203607, "DeltaNOrbits": 46.69667261172677}