{"SMBHMASS": 2000000.0, "SecondaryMass": 10, "PROCAMASS": 2e-17, "p0": 8.985, "e0": 0.3, "BHSpin": 1, "Trajectory Exit Reason": "Separatrix reached!", "mismatch": 0.9968570632220305, "faithfulness": 0.0009661850529506764, "DeltaNOrbits": 152.50391064523777}