{"SMBHMASS": 500000.0, "SecondaryMass": 10, "PROCAMASS": 2e-17, "p0": 14.56, "e0": 0.7, "BHSpin": 1, "Trajectory Exit Reason": "Separatrix reached!", "mismatch": 0.5999365152918807, "faithfulness": 0.18280214691123617, "DeltaNOrbits": 0.06227216042080755}