{"SMBHMASS": 1000000.0, "SecondaryMass": 10, "PROCAMASS": 1e-17, "p0": 11.1, "e0": 0.1, "BHSpin": 1, "Trajectory Exit Reason": "Separatrix reached!", "mismatch": 0.15024067143925424, "faithfulness": 0.6396553438950263, "DeltaNOrbits": 0.023155059786521784}