{"SMBHMASS": 800000.0, "SecondaryMass": 10, "PROCAMASS": 8e-18, "p0": 12.106, "e0": 0.7, "BHSpin": 1, "Trajectory Exit Reason": "Separatrix reached!", "mismatch": 8.162606845996123e-07, "faithfulness": 0.999998598446065, "DeltaNOrbits": 3.3106277458210376e-05}