{"SMBHMASS": 1000000.0, "SecondaryMass": 10, "PROCAMASS": 5e-18, "p0": 10.9, "e0": 0.5, "BHSpin": 1, "Trajectory Exit Reason": "Separatrix reached!", "mismatch": 3.356320776859434e-10, "faithfulness": 0.9999999993378186, "DeltaNOrbits": 8.950541949462239e-07}