{"SMBHMASS": 600000.0, "SecondaryMass": 10, "PROCAMASS": 5e-18, "p0": 14.469999999999999, "e0": 0.4, "BHSpin": 1, "Trajectory Exit Reason": "Separatrix reached!", "mismatch": 7.915890165577366e-14, "faithfulness": 0.999999999999948, "DeltaNOrbits": 4.150288558167471e-09}