{"SMBHMASS": 600000.0, "SecondaryMass": 10, "PROCAMASS": 8e-18, "p0": 14.041, "e0": 0.6, "BHSpin": 1, "Trajectory Exit Reason": "Separatrix reached!", "mismatch": 4.364009043023032e-09, "faithfulness": 0.9999999931315321, "DeltaNOrbits": 2.7777658982927834e-06}