{"SMBHMASS": 80000000.0, "SecondaryMass": 10, "PROCAMASS": 3e-19, "p0": 4.46, "e0": 0.7, "BHSpin": 1, "Trajectory Exit Reason": "Integration reached time boundary. Boundary location t = 640710.74", "mismatch": 0.9579159118846459, "faithfulness": 0.5523399041252726, "DeltaNOrbits": -3.1308479448261166}