{"SMBHMASS": 800000.0, "SecondaryMass": 10, "PROCAMASS": 7e-18, "p0": 12.849999999999998, "e0": 0.2, "BHSpin": 1, "Trajectory Exit Reason": "Separatrix reached!", "mismatch": 5.747095732644425e-08, "faithfulness": 0.9999998692301012, "DeltaNOrbits": 1.1833714060288124e-05}