{"SMBHMASS": 600000.0, "SecondaryMass": 10, "PROCAMASS": 1e-17, "p0": 14.469999999999999, "e0": 0.4, "BHSpin": 1, "Trajectory Exit Reason": "Separatrix reached!", "mismatch": 3.7747462144910315e-07, "faithfulness": 0.9999993228197603, "DeltaNOrbits": 2.9948296954997263e-05}