{"SMBHMASS": 1000000.0, "SecondaryMass": 10, "PROCAMASS": 7e-18, "p0": 11.1, "e0": 0.1, "BHSpin": 1, "Trajectory Exit Reason": "Separatrix reached!", "mismatch": 3.1221676362047646e-06, "faithfulness": 0.9999924148979358, "DeltaNOrbits": 0.00010480119680730507}