{"SMBHMASS": 600000.0, "SecondaryMass": 10, "PROCAMASS": 9e-18, "p0": 14.599999999999998, "e0": 0.3, "BHSpin": 1, "Trajectory Exit Reason": "Separatrix reached!", "mismatch": 1.784760694789611e-08, "faithfulness": 0.9999999665798088, "DeltaNOrbits": 7.042502369066506e-06}