{"SMBHMASS": 600000.0, "SecondaryMass": 10, "PROCAMASS": 8e-18, "p0": 13.741999999999999, "e0": 0.7, "BHSpin": 1, "Trajectory Exit Reason": "Separatrix reached!", "mismatch": 2.3192630038693096e-09, "faithfulness": 0.9999999965380733, "DeltaNOrbits": 1.712068142539763e-06}