{"SMBHMASS": 6000000.0, "SecondaryMass": 10, "PROCAMASS": 2e-18, "p0": 5.465999999999999, "e0": 0.2, "BHSpin": 1, "Trajectory Exit Reason": "Separatrix reached!", "mismatch": 0.0022981600069869046, "faithfulness": 0.9953135824711582, "DeltaNOrbits": -0.036257681018599844}