{"SMBHMASS": 600000.0, "SecondaryMass": 10, "PROCAMASS": 9e-18, "p0": 13.741999999999999, "e0": 0.7, "BHSpin": 1, "Trajectory Exit Reason": "Separatrix reached!", "mismatch": 9.844116743984443e-08, "faithfulness": 0.9999998520612002, "DeltaNOrbits": 1.1267848154685477e-05}