{"SMBHMASS": 1000000.0, "SecondaryMass": 10, "PROCAMASS": 3e-18, "p0": 10.685, "e0": 0.6, "BHSpin": 1, "Trajectory Exit Reason": "Separatrix reached!", "mismatch": 4.107825191113079e-15, "faithfulness": 0.9999999999999977, "DeltaNOrbits": 6.299545132932767e-10}