{"SMBHMASS": 600000.0, "SecondaryMass": 10, "PROCAMASS": 8e-18, "p0": 14.041, "e0": 0.6, "BHSpin": 1, "Trajectory Exit Reason": "Separatrix reached!", "mismatch": 1.1499270424764063e-09, "faithfulness": 0.9999999981832735, "DeltaNOrbits": 1.3982581545501092e-06}