{"SMBHMASS": 200000.0, "SecondaryMass": 10, "PROCAMASS": 8e-17, "p0": 26.900000000000002, "e0": 0.5, "BHSpin": 1, "Trajectory Exit Reason": "Separatrix reached!", "mismatch": 0.9902925109539665, "faithfulness": 0.0038540981470532826, "DeltaNOrbits": 138.0518683866663}