{"SMBHMASS": 800000.0, "SecondaryMass": 10, "PROCAMASS": 1e-17, "p0": 12.363, "e0": 0.6, "BHSpin": 1, "Trajectory Exit Reason": "Separatrix reached!", "mismatch": 0.001081331730544699, "faithfulness": 0.9980169970015272, "DeltaNOrbits": 0.001462492226149089}