{"SMBHMASS": 500000.0, "SecondaryMass": 10, "PROCAMASS": 6e-18, "p0": 14.879999999999999, "e0": 0.6, "BHSpin": 1, "Trajectory Exit Reason": "Separatrix reached!", "mismatch": 3.952393967665557e-14, "faithfulness": 0.9999999999999775, "DeltaNOrbits": 1.8342793181186586e-09}