{"SMBHMASS": 500000.0, "SecondaryMass": 10, "PROCAMASS": 1e-17, "p0": 14.56, "e0": 0.7, "BHSpin": 1, "Trajectory Exit Reason": "Separatrix reached!", "mismatch": 2.3872759324916615e-09, "faithfulness": 0.9999999967317077, "DeltaNOrbits": 1.8914291621261032e-06}