{"SMBHMASS": 900000.0, "SecondaryMass": 10, "PROCAMASS": 2e-17, "p0": 11.288, "e0": 0.7, "BHSpin": 1, "Trajectory Exit Reason": "Separatrix reached!", "mismatch": 0.9865834839688821, "faithfulness": 0.005103691886641771, "DeltaNOrbits": 41.81119364956299}