{"SMBHMASS": 1000000.0, "SecondaryMass": 10, "PROCAMASS": 1e-17, "p0": 11.1, "e0": 0.1, "BHSpin": 1, "Trajectory Exit Reason": "Separatrix reached!", "mismatch": 0.059600884501109896, "faithfulness": 0.8565464495772729, "DeltaNOrbits": 0.014816823137090773}