{"SMBHMASS": 500000.0, "SecondaryMass": 10, "PROCAMASS": 1e-17, "p0": 15.5, "e0": 0.3, "BHSpin": 1, "Trajectory Exit Reason": "Separatrix reached!", "mismatch": 8.46661785125491e-09, "faithfulness": 0.9999999864914485, "DeltaNOrbits": 4.513049717454795e-06}