{"SMBHMASS": 900000.0, "SecondaryMass": 10, "PROCAMASS": 4e-18, "p0": 11.899999999999999, "e0": 0.3, "BHSpin": 1, "Trajectory Exit Reason": "Separatrix reached!", "mismatch": 2.1871393585115584e-13, "faithfulness": 0.9999999999997666, "DeltaNOrbits": 9.189924664513684e-09}