{"SMBHMASS": 400000.0, "SecondaryMass": 10, "PROCAMASS": 2e-17, "p0": 17.4, "e0": 0.1, "BHSpin": 1, "Trajectory Exit Reason": "Separatrix reached!", "mismatch": 0.005497991881545317, "faithfulness": 0.991834046625981, "DeltaNOrbits": 0.0035550430748388135}