{"SMBHMASS": 800000.0, "SecondaryMass": 10, "PROCAMASS": 7e-18, "p0": 12.363, "e0": 0.6, "BHSpin": 1, "Trajectory Exit Reason": "Separatrix reached!", "mismatch": 1.116697057046423e-08, "faithfulness": 0.9999999795297648, "DeltaNOrbits": 4.624320065383701e-06}