{"SMBHMASS": 300000.0, "SecondaryMass": 10, "PROCAMASS": 9e-18, "p0": 19.15, "e0": 0.6, "BHSpin": 1, "Trajectory Exit Reason": "Separatrix reached!", "mismatch": 4.5441428397907657e-13, "faithfulness": 0.999999999999805, "DeltaNOrbits": 2.9089076055013075e-09}