{"SMBHMASS": 700000.0, "SecondaryMass": 10, "PROCAMASS": 6e-17, "p0": 13.799999999999999, "e0": 0.1, "BHSpin": 1, "Trajectory Exit Reason": "Separatrix reached!", "mismatch": 0.9996170954398922, "faithfulness": 0.0002019592073348304, "DeltaNOrbits": 7295.762495307389}