{"SMBHMASS": 100000.0, "SecondaryMass": 10, "PROCAMASS": 3e-17, "p0": 34.8, "e0": 0.3, "BHSpin": 1, "Trajectory Exit Reason": "Separatrix reached!", "mismatch": 2.2804313992708103e-11, "faithfulness": 0.9999999999893474, "DeltaNOrbits": 2.6235752671272936e-07}