{"SMBHMASS": 500000.0, "SecondaryMass": 10, "PROCAMASS": 9e-18, "p0": 15.549999999999999, "e0": 0.2, "BHSpin": 1, "Trajectory Exit Reason": "Separatrix reached!", "mismatch": 8.1601392309949e-11, "faithfulness": 0.9999999998691181, "DeltaNOrbits": 4.7052043720831653e-07}