{"SMBHMASS": 800000.0, "SecondaryMass": 10, "PROCAMASS": 5e-18, "p0": 12.62, "e0": 0.5, "BHSpin": 1, "Trajectory Exit Reason": "Separatrix reached!", "mismatch": 7.877587471227798e-12, "faithfulness": 0.9999999999876328, "DeltaNOrbits": 1.1215043144012365e-07}