{"SMBHMASS": 100000.0, "SecondaryMass": 10, "PROCAMASS": 4e-17, "p0": 34.8, "e0": 0.3, "BHSpin": 1, "Trajectory Exit Reason": "Separatrix reached!", "mismatch": 6.2232011766027995e-09, "faithfulness": 0.9999999971104453, "DeltaNOrbits": 2.2418969443672494e-06}