{"SMBHMASS": 900000.0, "SecondaryMass": 10, "PROCAMASS": 1e-17, "p0": 11.95, "e0": 0.2, "BHSpin": 1, "Trajectory Exit Reason": "Separatrix reached!", "mismatch": 0.019773209075653497, "faithfulness": 0.9532604059783741, "DeltaNOrbits": 0.007519534275517256}