{"SMBHMASS": 800000.0, "SecondaryMass": 10, "PROCAMASS": 6e-18, "p0": 12.899999999999999, "e0": 0.1, "BHSpin": 1, "Trajectory Exit Reason": "Separatrix reached!", "mismatch": 1.1448586523243875e-10, "faithfulness": 0.9999999997435562, "DeltaNOrbits": 5.438545537852221e-07}