{"SMBHMASS": 20000000.0, "SecondaryMass": 10, "PROCAMASS": 5e-19, "p0": 4.609999999999999, "e0": 0.6, "BHSpin": 1, "Trajectory Exit Reason": "Integration reached time boundary. Boundary location t = 2562842.94", "mismatch": 1.3463273716873836e-05, "faithfulness": 0.9999536360292968, "DeltaNOrbits": -4.28977484666789e-05}