{"SMBHMASS": 600000.0, "SecondaryMass": 10, "PROCAMASS": 9e-18, "p0": 14.7, "e0": 0.1, "BHSpin": 1, "Trajectory Exit Reason": "Separatrix reached!", "mismatch": 2.362005147027446e-08, "faithfulness": 0.9999999534340072, "DeltaNOrbits": 8.009426962749924e-06}