{"SMBHMASS": 400000.0, "SecondaryMass": 10, "PROCAMASS": 1e-17, "p0": 17.35, "e0": 0.2, "BHSpin": 1, "Trajectory Exit Reason": "Separatrix reached!", "mismatch": 6.137501618042052e-11, "faithfulness": 0.9999999999178651, "DeltaNOrbits": 3.6033398160375427e-07}