{"SMBHMASS": 700000.0, "SecondaryMass": 10, "PROCAMASS": 8e-18, "p0": 13.590000000000002, "e0": 0.4, "BHSpin": 1, "Trajectory Exit Reason": "Separatrix reached!", "mismatch": 1.775490643396438e-08, "faithfulness": 0.9999999649786961, "DeltaNOrbits": 6.403950829474168e-06}