{"SMBHMASS": 800000.0, "SecondaryMass": 10, "PROCAMASS": 4e-18, "p0": 12.899999999999999, "e0": 0.1, "BHSpin": 1, "Trajectory Exit Reason": "Separatrix reached!", "mismatch": 2.5979218776228663e-14, "faithfulness": 0.9999999999999666, "DeltaNOrbits": 1.7231108745963157e-09}