{"SMBHMASS": 800000.0, "SecondaryMass": 10, "PROCAMASS": 7e-18, "p0": 12.71, "e0": 0.4, "BHSpin": 1, "Trajectory Exit Reason": "Separatrix reached!", "mismatch": 7.898109999349145e-08, "faithfulness": 0.9999998355577661, "DeltaNOrbits": 1.4151650220024655e-05}