{"SMBHMASS": 30000000.0, "SecondaryMass": 10, "PROCAMASS": 4e-19, "p0": 4.46, "e0": 0.7, "BHSpin": 1, "Trajectory Exit Reason": "Integration reached time boundary. Boundary location t = 1708561.96", "mismatch": 0.001004185585536499, "faithfulness": 0.9965549852689928, "DeltaNOrbits": 0.0003876316129315434}