{"SMBHMASS": 100000.0, "SecondaryMass": 10, "PROCAMASS": 3e-17, "p0": 35.1, "e0": 0.1, "BHSpin": 1, "Trajectory Exit Reason": "Separatrix reached!", "mismatch": 7.482903185973555e-12, "faithfulness": 0.9999999999963588, "DeltaNOrbits": 7.259299362008995e-08}