{"SMBHMASS": 20000000.0, "SecondaryMass": 10, "PROCAMASS": 3e-19, "p0": 4.83, "e0": 0.2, "BHSpin": 1, "Trajectory Exit Reason": "Integration reached time boundary. Boundary location t = 2562842.94", "mismatch": 1.4050649532748594e-11, "faithfulness": 0.9999999165546865, "DeltaNOrbits": -2.804455588775106e-07}