{"SMBHMASS": 60000000.0, "SecondaryMass": 10, "PROCAMASS": 1e-19, "p0": 4.83, "e0": 0.2, "BHSpin": 1, "Trajectory Exit Reason": "Integration reached time boundary. Boundary location t = 854280.98", "mismatch": 6.756817327868703e-12, "faithfulness": 0.9999919482350856, "DeltaNOrbits": 1.4725186748230344e-07}