{"SMBHMASS": 100000.0, "SecondaryMass": 10, "PROCAMASS": 3e-17, "p0": 34.5, "e0": 0.4, "BHSpin": 1, "Trajectory Exit Reason": "Separatrix reached!", "mismatch": 2.6439961331448103e-12, "faithfulness": 0.9999999999988024, "DeltaNOrbits": 3.9687134337476435e-08}