{"SMBHMASS": 500000.0, "SecondaryMass": 10, "PROCAMASS": 8e-18, "p0": 14.56, "e0": 0.7, "BHSpin": 1, "Trajectory Exit Reason": "Separatrix reached!", "mismatch": 1.1588840997944772e-11, "faithfulness": 0.9999999999863729, "DeltaNOrbits": 1.1181692610955662e-07}