{"SMBHMASS": 900000.0, "SecondaryMass": 10, "PROCAMASS": 7e-18, "p0": 11.523999999999997, "e0": 0.6, "BHSpin": 1, "Trajectory Exit Reason": "Separatrix reached!", "mismatch": 1.5619738388261695e-06, "faithfulness": 0.9999970264555113, "DeltaNOrbits": 5.884294866632672e-05}