{"SMBHMASS": 800000.0, "SecondaryMass": 10, "PROCAMASS": 6e-18, "p0": 12.71, "e0": 0.4, "BHSpin": 1, "Trajectory Exit Reason": "Separatrix reached!", "mismatch": 4.1297187891586873e-10, "faithfulness": 0.9999999991666091, "DeltaNOrbits": 9.929194813937264e-07}