{"SMBHMASS": 600000.0, "SecondaryMass": 10, "PROCAMASS": 7e-18, "p0": 14.599999999999998, "e0": 0.3, "BHSpin": 1, "Trajectory Exit Reason": "Separatrix reached!", "mismatch": 2.3675172933224076e-11, "faithfulness": 0.9999999999605944, "DeltaNOrbits": 2.2207749400980044e-07}