{"SMBHMASS": 70000000.0, "SecondaryMass": 10, "PROCAMASS": 1e-19, "p0": 4.609999999999999, "e0": 0.6, "BHSpin": 1, "Trajectory Exit Reason": "Integration reached time boundary. Boundary location t = 732240.84", "mismatch": 7.564293635908825e-11, "faithfulness": 0.9999930790181413, "DeltaNOrbits": -1.7027531533762867e-07}