{"SMBHMASS": 700000.0, "SecondaryMass": 10, "PROCAMASS": 9e-18, "p0": 13.7, "e0": 0.3, "BHSpin": 1, "Trajectory Exit Reason": "Separatrix reached!", "mismatch": 1.2497051388171698e-06, "faithfulness": 0.999997422836411, "DeltaNOrbits": 5.561766493459778e-05}