{"SMBHMASS": 90000000.0, "SecondaryMass": 10, "PROCAMASS": 4e-19, "p0": 4.83, "e0": 0.1, "BHSpin": 1, "Trajectory Exit Reason": "Integration reached time boundary. Boundary location t = 569520.65", "mismatch": 0.9877617966118566, "faithfulness": 0.8953088393318424, "DeltaNOrbits": -92.49227190157714}