{"SMBHMASS": 900000.0, "SecondaryMass": 10, "PROCAMASS": 6e-18, "p0": 11.830000000000002, "e0": 0.4, "BHSpin": 1, "Trajectory Exit Reason": "Separatrix reached!", "mismatch": 1.2239493640819887e-08, "faithfulness": 0.9999999736910826, "DeltaNOrbits": 5.711704931660538e-06}