{"SMBHMASS": 400000.0, "SecondaryMass": 10, "PROCAMASS": 7e-18, "p0": 17.0, "e0": 0.5, "BHSpin": 1, "Trajectory Exit Reason": "Separatrix reached!", "mismatch": 5.062616992290714e-14, "faithfulness": 0.9999999999999855, "DeltaNOrbits": 9.44931769939915e-10}