{"SMBHMASS": 700000.0, "SecondaryMass": 10, "PROCAMASS": 8e-18, "p0": 12.924, "e0": 0.7, "BHSpin": 1, "Trajectory Exit Reason": "Separatrix reached!", "mismatch": 2.9591386119243168e-08, "faithfulness": 0.9999999513974143, "DeltaNOrbits": 6.462175301768995e-06}