{"SMBHMASS": 600000.0, "SecondaryMass": 10, "PROCAMASS": 1e-17, "p0": 14.649999999999997, "e0": 0.2, "BHSpin": 1, "Trajectory Exit Reason": "Separatrix reached!", "mismatch": 2.5233836797866616e-07, "faithfulness": 0.9999995085307772, "DeltaNOrbits": 2.6106167322273726e-05}