{"SMBHMASS": 400000.0, "SecondaryMass": 10, "PROCAMASS": 2e-17, "p0": 16.25, "e0": 0.7, "BHSpin": 1, "Trajectory Exit Reason": "Separatrix reached!", "mismatch": 0.03451248441400245, "faithfulness": 0.9572000254131496, "DeltaNOrbits": 0.0061545776102121825}