{"SMBHMASS": 800000.0, "SecondaryMass": 10, "PROCAMASS": 8e-18, "p0": 12.849999999999998, "e0": 0.2, "BHSpin": 1, "Trajectory Exit Reason": "Separatrix reached!", "mismatch": 1.2064687279211839e-06, "faithfulness": 0.9999972513107312, "DeltaNOrbits": 5.75289654560035e-05}