{"SMBHMASS": 700000.0, "SecondaryMass": 10, "PROCAMASS": 5e-18, "p0": 13.749999999999996, "e0": 0.2, "BHSpin": 1, "Trajectory Exit Reason": "Separatrix reached!", "mismatch": 2.5600632724831485e-12, "faithfulness": 0.9999999999979119, "DeltaNOrbits": 2.975608671614713e-08}