{"SMBHMASS": 800000.0, "SecondaryMass": 10, "PROCAMASS": 7e-18, "p0": 12.62, "e0": 0.5, "BHSpin": 1, "Trajectory Exit Reason": "Separatrix reached!", "mismatch": 3.601748654880055e-08, "faithfulness": 0.9999999291197444, "DeltaNOrbits": 8.901942811569055e-06}