{"SMBHMASS": 100000.0, "SecondaryMass": 10, "PROCAMASS": 9e-17, "p0": 34.95, "e0": 0.2, "BHSpin": 1, "Trajectory Exit Reason": "Separatrix reached!", "mismatch": 0.7763556478314404, "faithfulness": 0.15717342636863046, "DeltaNOrbits": 1.3134425529368075}