{"SMBHMASS": 700000.0, "SecondaryMass": 10, "PROCAMASS": 4e-18, "p0": 13.749999999999996, "e0": 0.2, "BHSpin": 1, "Trajectory Exit Reason": "Separatrix reached!", "mismatch": 3.26405569239796e-14, "faithfulness": 0.9999999999999888, "DeltaNOrbits": 5.373141436913243e-10}