{"SMBHMASS": 400000.0, "SecondaryMass": 10, "PROCAMASS": 7e-18, "p0": 17.0, "e0": 0.5, "BHSpin": 1, "Trajectory Exit Reason": "Separatrix reached!", "mismatch": 2.609024107869118e-14, "faithfulness": 0.9999999999999912, "DeltaNOrbits": 1.0746282873826486e-09}