{"SMBHMASS": 600000.0, "SecondaryMass": 10, "PROCAMASS": 8e-18, "p0": 14.649999999999997, "e0": 0.2, "BHSpin": 1, "Trajectory Exit Reason": "Separatrix reached!", "mismatch": 2.776870289267208e-09, "faithfulness": 0.9999999947503513, "DeltaNOrbits": 2.678807455483978e-06}