{"SMBHMASS": 500000.0, "SecondaryMass": 10, "PROCAMASS": 8e-18, "p0": 14.56, "e0": 0.7, "BHSpin": 1, "Trajectory Exit Reason": "Separatrix reached!", "mismatch": 6.093459070655172e-12, "faithfulness": 0.9999999999929527, "DeltaNOrbits": 8.805467130665581e-08}