{"SMBHMASS": 500000.0, "SecondaryMass": 10, "PROCAMASS": 1e-17, "p0": 14.56, "e0": 0.7, "BHSpin": 1, "Trajectory Exit Reason": "Separatrix reached!", "mismatch": 1.2448915787111048e-08, "faithfulness": 0.9999999832377627, "DeltaNOrbits": 5.421907327471711e-06}