{"SMBHMASS": 900000.0, "SecondaryMass": 10, "PROCAMASS": 5e-18, "p0": 11.759999999999998, "e0": 0.5, "BHSpin": 1, "Trajectory Exit Reason": "Separatrix reached!", "mismatch": 6.45181685854368e-11, "faithfulness": 0.9999999998794635, "DeltaNOrbits": 3.6739317776742307e-07}