{"SMBHMASS": 600000.0, "SecondaryMass": 10, "PROCAMASS": 2e-17, "p0": 14.041, "e0": 0.6, "BHSpin": 1, "Trajectory Exit Reason": "Separatrix reached!", "mismatch": 0.8562889841865022, "faithfulness": 0.048537400241762944, "DeltaNOrbits": 0.43801122578345014}