{"SMBHMASS": 700000.0, "SecondaryMass": 10, "PROCAMASS": 6e-18, "p0": 13.7, "e0": 0.3, "BHSpin": 1, "Trajectory Exit Reason": "Separatrix reached!", "mismatch": 3.1580182913160115e-11, "faithfulness": 0.9999999999431293, "DeltaNOrbits": 2.5166682806066403e-07}