{"SMBHMASS": 1000000.0, "SecondaryMass": 10, "PROCAMASS": 3e-18, "p0": 10.950000000000003, "e0": 0.4, "BHSpin": 1, "Trajectory Exit Reason": "Separatrix reached!", "mismatch": 1.925903880817259e-12, "faithfulness": 0.9999999999983936, "DeltaNOrbits": 7.2352128659124875e-09}