{"SMBHMASS": 300000.0, "SecondaryMass": 10, "PROCAMASS": 9e-18, "p0": 19.15, "e0": 0.6, "BHSpin": 1, "Trajectory Exit Reason": "Separatrix reached!", "mismatch": 1.241229341530925e-13, "faithfulness": 0.9999999999999394, "DeltaNOrbits": 4.761714997540356e-09}