{"SMBHMASS": 2000000.0, "SecondaryMass": 10, "PROCAMASS": 8e-18, "p0": 8.727500000000001, "e0": 0.6, "BHSpin": 1, "Trajectory Exit Reason": "Separatrix reached!", "mismatch": 0.9769498288461628, "faithfulness": 0.0055324883549721275, "DeltaNOrbits": 12.726137793758419}