{"SMBHMASS": 500000.0, "SecondaryMass": 10, "PROCAMASS": 6e-18, "p0": 15.549999999999999, "e0": 0.2, "BHSpin": 1, "Trajectory Exit Reason": "Separatrix reached!", "mismatch": 2.5346391652192324e-13, "faithfulness": 0.9999999999998372, "DeltaNOrbits": 1.278437100506944e-09}