{"SMBHMASS": 400000.0, "SecondaryMass": 10, "PROCAMASS": 9e-18, "p0": 16.25, "e0": 0.7, "BHSpin": 1, "Trajectory Exit Reason": "Separatrix reached!", "mismatch": 2.370104112969784e-12, "faithfulness": 0.9999999999978356, "DeltaNOrbits": 4.022444848116776e-08}