{"SMBHMASS": 200000.0, "SecondaryMass": 10, "PROCAMASS": 8e-17, "p0": 27.150000000000002, "e0": 0.4, "BHSpin": 1, "Trajectory Exit Reason": "Separatrix reached!", "mismatch": 0.994563021937396, "faithfulness": 0.0019472329886555128, "DeltaNOrbits": 516.4254852253703}