{"SMBHMASS": 700000.0, "SecondaryMass": 10, "PROCAMASS": 1e-17, "p0": 12.924, "e0": 0.7, "BHSpin": 1, "Trajectory Exit Reason": "Separatrix reached!", "mismatch": 2.619744411580527e-05, "faithfulness": 0.999957075011041, "DeltaNOrbits": 0.0001959378835141004}