{"SMBHMASS": 400000.0, "SecondaryMass": 10, "PROCAMASS": 9e-18, "p0": 16.625, "e0": 0.6, "BHSpin": 1, "Trajectory Exit Reason": "Separatrix reached!", "mismatch": 3.008482352129249e-12, "faithfulness": 0.9999999999971543, "DeltaNOrbits": 4.8617665967104653e-08}