{"SMBHMASS": 500000.0, "SecondaryMass": 10, "PROCAMASS": 6e-18, "p0": 14.56, "e0": 0.7, "BHSpin": 1, "Trajectory Exit Reason": "Separatrix reached!", "mismatch": 6.061817714453355e-14, "faithfulness": 0.9999999999999697, "DeltaNOrbits": 3.084924307745017e-09}