{"SMBHMASS": 1000000.0, "SecondaryMass": 10, "PROCAMASS": 9e-18, "p0": 10.47, "e0": 0.7, "BHSpin": 1, "Trajectory Exit Reason": "Separatrix reached!", "mismatch": 0.013890753932117583, "faithfulness": 0.9751143915057702, "DeltaNOrbits": 0.005179796381327598}