{"SMBHMASS": 300000.0, "SecondaryMass": 10, "PROCAMASS": 2e-17, "p0": 20.0, "e0": 0.3, "BHSpin": 1, "Trajectory Exit Reason": "Separatrix reached!", "mismatch": 1.9189954481024785e-05, "faithfulness": 0.9999771138670153, "DeltaNOrbits": 0.00018018690848134157}