{"SMBHMASS": 400000.0, "SecondaryMass": 10, "PROCAMASS": 8e-18, "p0": 16.25, "e0": 0.7, "BHSpin": 1, "Trajectory Exit Reason": "Separatrix reached!", "mismatch": 5.754285936632186e-13, "faithfulness": 0.9999999999996421, "DeltaNOrbits": 1.2617618339785925e-08}