{"SMBHMASS": 800000.0, "SecondaryMass": 10, "PROCAMASS": 1e-17, "p0": 12.363, "e0": 0.6, "BHSpin": 1, "Trajectory Exit Reason": "Separatrix reached!", "mismatch": 0.0022142500001764986, "faithfulness": 0.9959357456141228, "DeltaNOrbits": 0.0021016645673862036}