{"SMBHMASS": 100000.0, "SecondaryMass": 10, "PROCAMASS": 8e-17, "p0": 33.35, "e0": 0.6, "BHSpin": 1, "Trajectory Exit Reason": "Separatrix reached!", "mismatch": 0.5593791859295073, "faithfulness": 0.3881948102510458, "DeltaNOrbits": 0.05808009917124598}