{"SMBHMASS": 400000.0, "SecondaryMass": 10, "PROCAMASS": 2e-17, "p0": 17.4, "e0": 0.1, "BHSpin": 1, "Trajectory Exit Reason": "Separatrix reached!", "mismatch": 0.007075583542415331, "faithfulness": 0.9895410122540755, "DeltaNOrbits": 0.0040321372541460105}