{"SMBHMASS": 800000.0, "SecondaryMass": 10, "PROCAMASS": 6e-18, "p0": 12.363, "e0": 0.6, "BHSpin": 1, "Trajectory Exit Reason": "Separatrix reached!", "mismatch": 6.314750944369507e-10, "faithfulness": 0.999999998871246, "DeltaNOrbits": 1.101790443749941e-06}