{"SMBHMASS": 80000000.0, "SecondaryMass": 10, "PROCAMASS": 3e-19, "p0": 4.83, "e0": 0.1, "BHSpin": 1, "Trajectory Exit Reason": "Integration reached time boundary. Boundary location t = 640710.74", "mismatch": 0.9506879276650664, "faithfulness": 0.8612247295639751, "DeltaNOrbits": -6.264303030561218}