{"SMBHMASS": 300000.0, "SecondaryMass": 10, "PROCAMASS": 3e-17, "p0": 20.0, "e0": 0.3, "BHSpin": 1, "Trajectory Exit Reason": "Separatrix reached!", "mismatch": 0.4416562937458517, "faithfulness": 0.3808043279934779, "DeltaNOrbits": 0.058264269671204426}