{"SMBHMASS": 400000.0, "SecondaryMass": 10, "PROCAMASS": 9e-18, "p0": 17.35, "e0": 0.2, "BHSpin": 1, "Trajectory Exit Reason": "Separatrix reached!", "mismatch": 2.6963986599071177e-12, "faithfulness": 0.999999999997, "DeltaNOrbits": 6.242108103779557e-08}