{"SMBHMASS": 800000.0, "SecondaryMass": 10, "PROCAMASS": 5e-18, "p0": 12.363, "e0": 0.6, "BHSpin": 1, "Trajectory Exit Reason": "Separatrix reached!", "mismatch": 4.759082017358196e-12, "faithfulness": 0.9999999999934803, "DeltaNOrbits": 7.711384365666523e-08}