{"SMBHMASS": 400000.0, "SecondaryMass": 10, "PROCAMASS": 9e-18, "p0": 17.3, "e0": 0.3, "BHSpin": 1, "Trajectory Exit Reason": "Separatrix reached!", "mismatch": 1.0408340855860843e-12, "faithfulness": 0.9999999999989616, "DeltaNOrbits": 3.39063752743146e-08}