{"SMBHMASS": 1000000.0, "SecondaryMass": 10, "PROCAMASS": 4e-17, "p0": 11.0, "e0": 0.3, "BHSpin": 1, "Trajectory Exit Reason": "Separatrix reached!", "mismatch": 0.9962449673349385, "faithfulness": 0.0009066238414811482, "DeltaNOrbits": 311.16713422739093}