{"SMBHMASS": 400000.0, "SecondaryMass": 10, "PROCAMASS": 8e-18, "p0": 16.25, "e0": 0.7, "BHSpin": 1, "Trajectory Exit Reason": "Separatrix reached!", "mismatch": 2.1616042289451798e-13, "faithfulness": 0.9999999999998519, "DeltaNOrbits": 9.004643925309779e-09}