{"SMBHMASS": 600000.0, "SecondaryMass": 10, "PROCAMASS": 6e-18, "p0": 14.041, "e0": 0.6, "BHSpin": 1, "Trajectory Exit Reason": "Separatrix reached!", "mismatch": 1.5122347818419257e-12, "faithfulness": 0.9999999999983923, "DeltaNOrbits": 3.5981519553398335e-08}