{"SMBHMASS": 300000.0, "SecondaryMass": 10, "PROCAMASS": 3e-17, "p0": 20.0, "e0": 0.3, "BHSpin": 1, "Trajectory Exit Reason": "Separatrix reached!", "mismatch": 0.19568601957031018, "faithfulness": 0.7410187954536236, "DeltaNOrbits": 0.023120724245471253}