{"SMBHMASS": 600000.0, "SecondaryMass": 10, "PROCAMASS": 5e-17, "p0": 14.649999999999997, "e0": 0.2, "BHSpin": 1, "Trajectory Exit Reason": "Separatrix reached!", "mismatch": 0.9990305994396182, "faithfulness": 0.0012555267389153936, "DeltaNOrbits": 16107.58531422683}