{"SMBHMASS": 300000.0, "SecondaryMass": 10, "PROCAMASS": 9e-18, "p0": 19.15, "e0": 0.6, "BHSpin": 1, "Trajectory Exit Reason": "Separatrix reached!", "mismatch": 3.186340080674199e-14, "faithfulness": 0.9999999999999896, "DeltaNOrbits": 1.2599090265865535e-09}