{"SMBHMASS": 50000000.0, "SecondaryMass": 10, "PROCAMASS": 8e-19, "p0": 4.46, "e0": 0.7, "BHSpin": 1, "Trajectory Exit Reason": "Integration reached time boundary. Boundary location t = 1025137.18", "mismatch": 1.001326737813796, "faithfulness": 0.11976670302817696, "DeltaNOrbits": -1253.1755548542678}