{"SMBHMASS": 5000000.0, "SecondaryMass": 10, "PROCAMASS": 5e-18, "p0": 5.55, "e0": 0.3, "BHSpin": 1, "Trajectory Exit Reason": "Separatrix reached!", "mismatch": 1.0043941226277482, "faithfulness": -0.010103541356456993, "DeltaNOrbits": -202.02199338630604}