{"SMBHMASS": 1000000.0, "SecondaryMass": 10, "PROCAMASS": 3e-18, "p0": 11.05, "e0": 0.2, "BHSpin": 1, "Trajectory Exit Reason": "Separatrix reached!", "mismatch": -2.6645352591003757e-14, "faithfulness": 0.9999999999999937, "DeltaNOrbits": 6.299545132932767e-10}