{"SMBHMASS": 800000.0, "SecondaryMass": 10, "PROCAMASS": 6e-18, "p0": 12.799999999999999, "e0": 0.3, "BHSpin": 1, "Trajectory Exit Reason": "Separatrix reached!", "mismatch": 1.206833522005013e-10, "faithfulness": 0.9999999997473442, "DeltaNOrbits": 5.60214843056927e-07}