{"SMBHMASS": 400000.0, "SecondaryMass": 10, "PROCAMASS": 9e-18, "p0": 17.3, "e0": 0.3, "BHSpin": 1, "Trajectory Exit Reason": "Separatrix reached!", "mismatch": 7.788214517745473e-13, "faithfulness": 0.9999999999992103, "DeltaNOrbits": 2.9644918272624786e-08}