{"SMBHMASS": 800000.0, "SecondaryMass": 10, "PROCAMASS": 1e-17, "p0": 12.849999999999998, "e0": 0.2, "BHSpin": 1, "Trajectory Exit Reason": "Separatrix reached!", "mismatch": 0.0007960127199641009, "faithfulness": 0.9981866746983158, "DeltaNOrbits": 0.0014538183083432582}