{"SMBHMASS": 300000.0, "SecondaryMass": 10, "PROCAMASS": 4e-17, "p0": 19.15, "e0": 0.6, "BHSpin": 1, "Trajectory Exit Reason": "Separatrix reached!", "mismatch": 0.919361234065289, "faithfulness": 0.04358656824240207, "DeltaNOrbits": 1.7920622094901775}