{"SMBHMASS": 700000.0, "SecondaryMass": 10, "PROCAMASS": 9e-18, "p0": 13.590000000000002, "e0": 0.4, "BHSpin": 1, "Trajectory Exit Reason": "Separatrix reached!", "mismatch": 6.684021335301438e-07, "faithfulness": 0.9999986810226432, "DeltaNOrbits": 4.0059937712828614e-05}