{"SMBHMASS": 800000.0, "SecondaryMass": 10, "PROCAMASS": 6e-18, "p0": 12.849999999999998, "e0": 0.2, "BHSpin": 1, "Trajectory Exit Reason": "Separatrix reached!", "mismatch": 4.687552568327646e-10, "faithfulness": 0.9999999989629859, "DeltaNOrbits": 1.0991038730314844e-06}