{"SMBHMASS": 700000.0, "SecondaryMass": 10, "PROCAMASS": 1e-17, "p0": 13.799999999999999, "e0": 0.1, "BHSpin": 1, "Trajectory Exit Reason": "Separatrix reached!", "mismatch": 5.053805456411986e-05, "faithfulness": 0.9998893191059298, "DeltaNOrbits": 0.0003645304421221314}