{"SMBHMASS": 700000.0, "SecondaryMass": 10, "PROCAMASS": 8e-18, "p0": 13.202, "e0": 0.6, "BHSpin": 1, "Trajectory Exit Reason": "Separatrix reached!", "mismatch": 3.869807507772549e-08, "faithfulness": 0.9999999326049694, "DeltaNOrbits": 8.532381849152947e-06}