{"SMBHMASS": 1000000.0, "SecondaryMass": 10, "PROCAMASS": 8e-18, "p0": 10.685, "e0": 0.6, "BHSpin": 1, "Trajectory Exit Reason": "Separatrix reached!", "mismatch": 0.00014377785718044933, "faithfulness": 0.9997268028369822, "DeltaNOrbits": 0.0005787182097907445}