{"SMBHMASS": 900000.0, "SecondaryMass": 10, "PROCAMASS": 7e-18, "p0": 11.759999999999998, "e0": 0.5, "BHSpin": 1, "Trajectory Exit Reason": "Separatrix reached!", "mismatch": 9.757950180100394e-07, "faithfulness": 0.999998006407858, "DeltaNOrbits": 4.878369603750527e-05}