{"SMBHMASS": 1000000.0, "SecondaryMass": 10, "PROCAMASS": 3e-18, "p0": 10.950000000000003, "e0": 0.4, "BHSpin": 1, "Trajectory Exit Reason": "Separatrix reached!", "mismatch": 1.028066520802895e-13, "faithfulness": 0.9999999999999126, "DeltaNOrbits": -1.2969651744273346e-10}