{"SMBHMASS": 600000.0, "SecondaryMass": 10, "PROCAMASS": 6e-18, "p0": 14.599999999999998, "e0": 0.3, "BHSpin": 1, "Trajectory Exit Reason": "Separatrix reached!", "mismatch": 8.621992009238966e-13, "faithfulness": 0.9999999999990313, "DeltaNOrbits": 2.6976875628088556e-08}