{"SMBHMASS": 600000.0, "SecondaryMass": 10, "PROCAMASS": 5e-18, "p0": 14.041, "e0": 0.6, "BHSpin": 1, "Trajectory Exit Reason": "Separatrix reached!", "mismatch": 2.370326157574709e-13, "faithfulness": 0.9999999999998688, "DeltaNOrbits": 1.204324804825382e-09}