{"SMBHMASS": 200000.0, "SecondaryMass": 10, "PROCAMASS": 2e-17, "p0": 27.5, "e0": 0.2, "BHSpin": 1, "Trajectory Exit Reason": "Separatrix reached!", "mismatch": 1.1957456136357791e-09, "faithfulness": 0.9999999986609642, "DeltaNOrbits": 1.2245574615464483e-06}