{"SMBHMASS": 800000.0, "SecondaryMass": 10, "PROCAMASS": 7e-18, "p0": 12.899999999999999, "e0": 0.1, "BHSpin": 1, "Trajectory Exit Reason": "Separatrix reached!", "mismatch": 8.078854807358482e-09, "faithfulness": 0.9999999810821343, "DeltaNOrbits": 4.731328956310916e-06}