{"SMBHMASS": 400000.0, "SecondaryMass": 10, "PROCAMASS": 9e-18, "p0": 17.35, "e0": 0.2, "BHSpin": 1, "Trajectory Exit Reason": "Separatrix reached!", "mismatch": 4.689582056016661e-12, "faithfulness": 0.999999999994698, "DeltaNOrbits": 8.576645417748758e-08}