{"SMBHMASS": 400000.0, "SecondaryMass": 10, "PROCAMASS": 3e-17, "p0": 17.0, "e0": 0.5, "BHSpin": 1, "Trajectory Exit Reason": "Separatrix reached!", "mismatch": 0.8466937549940735, "faithfulness": 0.057547786401087896, "DeltaNOrbits": 0.5504536493854781}