{"SMBHMASS": 600000.0, "SecondaryMass": 10, "PROCAMASS": 5e-18, "p0": 13.741999999999999, "e0": 0.7, "BHSpin": 1, "Trajectory Exit Reason": "Separatrix reached!", "mismatch": 3.0819791163594346e-13, "faithfulness": 0.99999999999983, "DeltaNOrbits": -4.446737740893718e-10}