{"SMBHMASS": 500000.0, "SecondaryMass": 10, "PROCAMASS": 9e-18, "p0": 14.56, "e0": 0.7, "BHSpin": 1, "Trajectory Exit Reason": "Separatrix reached!", "mismatch": 4.93223351050176e-10, "faithfulness": 0.9999999993461817, "DeltaNOrbits": 8.539126068059968e-07}