{"SMBHMASS": 900000.0, "SecondaryMass": 10, "PROCAMASS": 5e-18, "p0": 11.899999999999999, "e0": 0.3, "BHSpin": 1, "Trajectory Exit Reason": "Separatrix reached!", "mismatch": 3.8787972833631557e-11, "faithfulness": 0.9999999999220532, "DeltaNOrbits": 2.2205896593588006e-07}