{"SMBHMASS": 700000.0, "SecondaryMass": 10, "PROCAMASS": 9e-18, "p0": 13.590000000000002, "e0": 0.4, "BHSpin": 1, "Trajectory Exit Reason": "Separatrix reached!", "mismatch": 4.2530446150435e-06, "faithfulness": 0.9999916936465915, "DeltaNOrbits": 0.0001001814809682906}