{"SMBHMASS": 700000.0, "SecondaryMass": 10, "PROCAMASS": 1e-17, "p0": 13.799999999999999, "e0": 0.1, "BHSpin": 1, "Trajectory Exit Reason": "Separatrix reached!", "mismatch": 8.135032136147302e-06, "faithfulness": 0.9999819657912026, "DeltaNOrbits": 0.0001721208226685431}