{"SMBHMASS": 300000.0, "SecondaryMass": 10, "PROCAMASS": 1e-17, "p0": 18.7, "e0": 0.7, "BHSpin": 1, "Trajectory Exit Reason": "Separatrix reached!", "mismatch": 2.6711965972481266e-13, "faithfulness": 0.9999999999998402, "DeltaNOrbits": 7.652094529121274e-09}