{"SMBHMASS": 2000000.0, "SecondaryMass": 10, "PROCAMASS": 1e-17, "p0": 8.727500000000001, "e0": 0.6, "BHSpin": 1, "Trajectory Exit Reason": "Separatrix reached!", "mismatch": 0.9941659265744747, "faithfulness": 0.0010728215056531227, "DeltaNOrbits": 121.45028102606572}