{"SMBHMASS": 800000.0, "SecondaryMass": 10, "PROCAMASS": 4e-18, "p0": 12.62, "e0": 0.5, "BHSpin": 1, "Trajectory Exit Reason": "Separatrix reached!", "mismatch": 5.1958437552457326e-14, "faithfulness": 0.9999999999999574, "DeltaNOrbits": 2.093672353004126e-09}