{"SMBHMASS": 900000.0, "SecondaryMass": 10, "PROCAMASS": 8e-18, "p0": 11.830000000000002, "e0": 0.4, "BHSpin": 1, "Trajectory Exit Reason": "Separatrix reached!", "mismatch": 2.9273299782639484e-05, "faithfulness": 0.99993698780227, "DeltaNOrbits": 0.000276468693091238}