{"SMBHMASS": 400000.0, "SecondaryMass": 10, "PROCAMASS": 8e-18, "p0": 17.4, "e0": 0.1, "BHSpin": 1, "Trajectory Exit Reason": "Separatrix reached!", "mismatch": 1.4144241333724494e-13, "faithfulness": 0.9999999999999138, "DeltaNOrbits": 7.077724237589168e-09}