{"SMBHMASS": 1000000.0, "SecondaryMass": 10, "PROCAMASS": 7e-18, "p0": 11.0, "e0": 0.3, "BHSpin": 1, "Trajectory Exit Reason": "Separatrix reached!", "mismatch": 5.447415614145967e-06, "faithfulness": 0.9999875704497148, "DeltaNOrbits": 0.00012511226433720258}