{"SMBHMASS": 100000.0, "SecondaryMass": 10, "PROCAMASS": 5e-17, "p0": 34.2, "e0": 0.5, "BHSpin": 1, "Trajectory Exit Reason": "Separatrix reached!", "mismatch": 1.1512503750865655e-05, "faithfulness": 0.9999941378031868, "DeltaNOrbits": 8.091204322612351e-05}