{"SMBHMASS": 900000.0, "SecondaryMass": 10, "PROCAMASS": 5e-18, "p0": 11.759999999999998, "e0": 0.5, "BHSpin": 1, "Trajectory Exit Reason": "Separatrix reached!", "mismatch": 3.093381106822335e-11, "faithfulness": 0.9999999999440061, "DeltaNOrbits": 2.463307427715916e-07}