{"SMBHMASS": 1000000.0, "SecondaryMass": 10, "PROCAMASS": 5e-18, "p0": 10.47, "e0": 0.7, "BHSpin": 1, "Trajectory Exit Reason": "Separatrix reached!", "mismatch": 4.4688175382390227e-10, "faithfulness": 0.9999999992313355, "DeltaNOrbits": 7.588635875943936e-07}