{"SMBHMASS": 500000.0, "SecondaryMass": 10, "PROCAMASS": 2e-17, "p0": 15.2, "e0": 0.5, "BHSpin": 1, "Trajectory Exit Reason": "Separatrix reached!", "mismatch": 0.6404712544801534, "faithfulness": 0.10747897069143761, "DeltaNOrbits": 0.10203646883670897}