{"SMBHMASS": 100000.0, "SecondaryMass": 10, "PROCAMASS": 8e-17, "p0": 34.8, "e0": 0.3, "BHSpin": 1, "Trajectory Exit Reason": "Separatrix reached!", "mismatch": 0.5591815562154197, "faithfulness": 0.3699409961544639, "DeltaNOrbits": 0.1007239587009028}