{"SMBHMASS": 400000.0, "SecondaryMass": 10, "PROCAMASS": 8e-18, "p0": 16.25, "e0": 0.7, "BHSpin": 1, "Trajectory Exit Reason": "Separatrix reached!", "mismatch": 5.552225346150408e-13, "faithfulness": 0.9999999999996111, "DeltaNOrbits": 1.3247572853079202e-08}