{"SMBHMASS": 700000.0, "SecondaryMass": 10, "PROCAMASS": 9e-18, "p0": 13.590000000000002, "e0": 0.4, "BHSpin": 1, "Trajectory Exit Reason": "Separatrix reached!", "mismatch": 5.29581848618399e-06, "faithfulness": 0.9999896568488971, "DeltaNOrbits": 0.00011250663366124316}