{"SMBHMASS": 700000.0, "SecondaryMass": 10, "PROCAMASS": 8e-18, "p0": 13.7, "e0": 0.3, "BHSpin": 1, "Trajectory Exit Reason": "Separatrix reached!", "mismatch": 1.6529899671269277e-08, "faithfulness": 0.999999965759675, "DeltaNOrbits": 6.71198005840066e-06}