{"SMBHMASS": 700000.0, "SecondaryMass": 10, "PROCAMASS": 1e-17, "p0": 13.7, "e0": 0.3, "BHSpin": 1, "Trajectory Exit Reason": "Separatrix reached!", "mismatch": 5.337925984083558e-05, "faithfulness": 0.9998903754656582, "DeltaNOrbits": 0.00036702787826200866}