{"SMBHMASS": 800000.0, "SecondaryMass": 10, "PROCAMASS": 3e-17, "p0": 12.849999999999998, "e0": 0.2, "BHSpin": 1, "Trajectory Exit Reason": "Separatrix reached!", "mismatch": 0.9983986665981688, "faithfulness": 5.330951430942268e-05, "DeltaNOrbits": 2692.0122349545995}