{"SMBHMASS": 1000000.0, "SecondaryMass": 10, "PROCAMASS": 8e-18, "p0": 11.05, "e0": 0.2, "BHSpin": 1, "Trajectory Exit Reason": "Separatrix reached!", "mismatch": 0.00021821619241657597, "faithfulness": 0.9994809900351638, "DeltaNOrbits": 0.0007873932455135283}