{"SMBHMASS": 70000000.0, "SecondaryMass": 10, "PROCAMASS": 1e-19, "p0": 4.83, "e0": 0.2, "BHSpin": 1, "Trajectory Exit Reason": "Integration reached time boundary. Boundary location t = 732240.84", "mismatch": 8.866285483577485e-11, "faithfulness": 0.9996995613422704, "DeltaNOrbits": -9.813110640802919e-07}