{"SMBHMASS": 70000000.0, "SecondaryMass": 10, "PROCAMASS": 6e-19, "p0": 4.76, "e0": 0.5, "BHSpin": 1, "Trajectory Exit Reason": "Integration reached time boundary. Boundary location t = 732240.84", "mismatch": 0.9942645889499844, "faithfulness": 0.6120212554219058, "DeltaNOrbits": -1212.4415383283724}