{"SMBHMASS": 800000.0, "SecondaryMass": 10, "PROCAMASS": 6e-18, "p0": 12.799999999999999, "e0": 0.3, "BHSpin": 1, "Trajectory Exit Reason": "Separatrix reached!", "mismatch": 1.4914991464110017e-10, "faithfulness": 0.999999999690882, "DeltaNOrbits": 7.213720300164834e-07}