{"SMBHMASS": 200000.0, "SecondaryMass": 10, "PROCAMASS": 5e-17, "p0": 26.900000000000002, "e0": 0.5, "BHSpin": 1, "Trajectory Exit Reason": "Separatrix reached!", "mismatch": 0.8309114938841313, "faithfulness": 0.06391042402725375, "DeltaNOrbits": 0.486304646454884}