{"SMBHMASS": 300000.0, "SecondaryMass": 10, "PROCAMASS": 2e-17, "p0": 20.05, "e0": 0.2, "BHSpin": 1, "Trajectory Exit Reason": "Separatrix reached!", "mismatch": 9.083718285674003e-06, "faithfulness": 0.9999888394569285, "DeltaNOrbits": 0.00012657968779169752}