{"SMBHMASS": 600000.0, "SecondaryMass": 10, "PROCAMASS": 1e-17, "p0": 14.339999999999998, "e0": 0.5, "BHSpin": 1, "Trajectory Exit Reason": "Separatrix reached!", "mismatch": 2.3332953680288426e-07, "faithfulness": 0.9999995976152424, "DeltaNOrbits": 2.245048569741108e-05}