{"SMBHMASS": 700000.0, "SecondaryMass": 10, "PROCAMASS": 5e-18, "p0": 13.479999999999999, "e0": 0.5, "BHSpin": 1, "Trajectory Exit Reason": "Separatrix reached!", "mismatch": 1.5265566588595902e-13, "faithfulness": 0.9999999999998318, "DeltaNOrbits": 8.541442077300017e-09}