{"SMBHMASS": 700000.0, "SecondaryMass": 10, "PROCAMASS": 7e-18, "p0": 12.924, "e0": 0.7, "BHSpin": 1, "Trajectory Exit Reason": "Separatrix reached!", "mismatch": 5.0807903440031055e-09, "faithfulness": 0.9999999918065623, "DeltaNOrbits": 2.6944636779467076e-06}