{"SMBHMASS": 600000.0, "SecondaryMass": 10, "PROCAMASS": 8e-18, "p0": 13.741999999999999, "e0": 0.7, "BHSpin": 1, "Trajectory Exit Reason": "Separatrix reached!", "mismatch": 1.4473233722611667e-09, "faithfulness": 0.9999999978345653, "DeltaNOrbits": 1.3824722355699366e-06}