{"SMBHMASS": 50000000.0, "SecondaryMass": 10, "PROCAMASS": 2e-19, "p0": 4.76, "e0": 0.5, "BHSpin": 1, "Trajectory Exit Reason": "Integration reached time boundary. Boundary location t = 1025137.18", "mismatch": 1.5590504942597505e-06, "faithfulness": 0.9998089300319023, "DeltaNOrbits": -3.100416904154938e-05}