{"SMBHMASS": 800000.0, "SecondaryMass": 10, "PROCAMASS": 8e-18, "p0": 12.71, "e0": 0.4, "BHSpin": 1, "Trajectory Exit Reason": "Separatrix reached!", "mismatch": 5.359866178666906e-07, "faithfulness": 0.9999988804210558, "DeltaNOrbits": 3.7882444353408636e-05}