{"SMBHMASS": 50000000.0, "SecondaryMass": 10, "PROCAMASS": 1e-19, "p0": 4.83, "e0": 0.1, "BHSpin": 1, "Trajectory Exit Reason": "Integration reached time boundary. Boundary location t = 1025137.18", "mismatch": 1.4099832412739488e-13, "faithfulness": 0.999999720973573, "DeltaNOrbits": -1.1785013017988378e-08}