{"SMBHMASS": 1000000.0, "SecondaryMass": 10, "PROCAMASS": 3e-18, "p0": 10.685, "e0": 0.6, "BHSpin": 1, "Trajectory Exit Reason": "Separatrix reached!", "mismatch": -6.439293542825908e-15, "faithfulness": 0.9999999999999921, "DeltaNOrbits": 1.0561002134622581e-09}