{"SMBHMASS": 20000000.0, "SecondaryMass": 10, "PROCAMASS": 2e-19, "p0": 4.76, "e0": 0.5, "BHSpin": 1, "Trajectory Exit Reason": "Integration reached time boundary. Boundary location t = 2562842.94", "mismatch": 1.3655743202889425e-14, "faithfulness": 0.9999999999944325, "DeltaNOrbits": -1.0746282873826486e-09}