{"SMBHMASS": 300000.0, "SecondaryMass": 10, "PROCAMASS": 9e-18, "p0": 18.7, "e0": 0.7, "BHSpin": 1, "Trajectory Exit Reason": "Separatrix reached!", "mismatch": 1.1879386363489175e-14, "faithfulness": 0.9999999999999921, "DeltaNOrbits": 6.299545132932767e-10}