{"SMBHMASS": 100000.0, "SecondaryMass": 10, "PROCAMASS": 6e-17, "p0": 34.8, "e0": 0.3, "BHSpin": 1, "Trajectory Exit Reason": "Separatrix reached!", "mismatch": 0.0024339606889408616, "faithfulness": 0.998771807965875, "DeltaNOrbits": 0.0013429016428174194}