{"SMBHMASS": 700000.0, "SecondaryMass": 10, "PROCAMASS": 5e-18, "p0": 13.7, "e0": 0.3, "BHSpin": 1, "Trajectory Exit Reason": "Separatrix reached!", "mismatch": 1.7011947406331274e-12, "faithfulness": 0.9999999999985013, "DeltaNOrbits": 1.5230076762560984e-08}