{"SMBHMASS": 100000.0, "SecondaryMass": 10, "PROCAMASS": 7e-17, "p0": 34.5, "e0": 0.4, "BHSpin": 1, "Trajectory Exit Reason": "Separatrix reached!", "mismatch": 0.06858569087340816, "faithfulness": 0.9628199348807297, "DeltaNOrbits": 0.007779095063583998}