{"SMBHMASS": 500000.0, "SecondaryMass": 10, "PROCAMASS": 1e-17, "p0": 15.2, "e0": 0.5, "BHSpin": 1, "Trajectory Exit Reason": "Separatrix reached!", "mismatch": 5.763445609652251e-09, "faithfulness": 0.9999999914279861, "DeltaNOrbits": 3.3458366446919558e-06}