{"SMBHMASS": 600000.0, "SecondaryMass": 10, "PROCAMASS": 5e-18, "p0": 14.7, "e0": 0.1, "BHSpin": 1, "Trajectory Exit Reason": "Separatrix reached!", "mismatch": 2.731148640577885e-14, "faithfulness": 0.999999999999987, "DeltaNOrbits": 1.13021250914382e-09}