{"SMBHMASS": 600000.0, "SecondaryMass": 10, "PROCAMASS": 1e-17, "p0": 14.041, "e0": 0.6, "BHSpin": 1, "Trajectory Exit Reason": "Separatrix reached!", "mismatch": 1.3574104633651274e-06, "faithfulness": 0.9999978409799113, "DeltaNOrbits": 4.800846289660221e-05}