{"SMBHMASS": 700000.0, "SecondaryMass": 10, "PROCAMASS": 9e-18, "p0": 13.202, "e0": 0.6, "BHSpin": 1, "Trajectory Exit Reason": "Separatrix reached!", "mismatch": 1.556812644687433e-06, "faithfulness": 0.999997290483257, "DeltaNOrbits": 5.416612003945263e-05}