{"SMBHMASS": 100000.0, "SecondaryMass": 10, "PROCAMASS": 5e-17, "p0": 33.35, "e0": 0.6, "BHSpin": 1, "Trajectory Exit Reason": "Separatrix reached!", "mismatch": 8.089693786406116e-06, "faithfulness": 0.9999959675491595, "DeltaNOrbits": 6.231376643364867e-05}