{"SMBHMASS": 800000.0, "SecondaryMass": 10, "PROCAMASS": 6e-18, "p0": 12.363, "e0": 0.6, "BHSpin": 1, "Trajectory Exit Reason": "Separatrix reached!", "mismatch": 2.0960744251397045e-10, "faithfulness": 0.999999999629042, "DeltaNOrbits": 5.816425605458585e-07}