{"SMBHMASS": 700000.0, "SecondaryMass": 10, "PROCAMASS": 5e-18, "p0": 13.479999999999999, "e0": 0.5, "BHSpin": 1, "Trajectory Exit Reason": "Separatrix reached!", "mismatch": 3.2529534621517087e-13, "faithfulness": 0.9999999999996788, "DeltaNOrbits": 1.2506449896263583e-08}