{"SMBHMASS": 700000.0, "SecondaryMass": 10, "PROCAMASS": 1e-17, "p0": 13.479999999999999, "e0": 0.5, "BHSpin": 1, "Trajectory Exit Reason": "Separatrix reached!", "mismatch": 1.8510093948820305e-05, "faithfulness": 0.9999655691808104, "DeltaNOrbits": 0.00022425428330241144}