{"SMBHMASS": 400000.0, "SecondaryMass": 10, "PROCAMASS": 8e-18, "p0": 17.35, "e0": 0.2, "BHSpin": 1, "Trajectory Exit Reason": "Separatrix reached!", "mismatch": 1.454392162258955e-13, "faithfulness": 0.9999999999998914, "DeltaNOrbits": 6.948027720146435e-09}