{"SMBHMASS": 800000.0, "SecondaryMass": 10, "PROCAMASS": 7e-18, "p0": 12.899999999999999, "e0": 0.1, "BHSpin": 1, "Trajectory Exit Reason": "Separatrix reached!", "mismatch": 2.737394066976151e-08, "faithfulness": 0.9999999363255971, "DeltaNOrbits": 8.735282786655143e-06}