{"SMBHMASS": 100000.0, "SecondaryMass": 10, "PROCAMASS": 8e-17, "p0": 34.2, "e0": 0.5, "BHSpin": 1, "Trajectory Exit Reason": "Separatrix reached!", "mismatch": 0.6306231940579007, "faithfulness": 0.29239149603376674, "DeltaNOrbits": 0.10322859844475187}