{"SMBHMASS": 900000.0, "SecondaryMass": 10, "PROCAMASS": 8e-18, "p0": 11.95, "e0": 0.2, "BHSpin": 1, "Trajectory Exit Reason": "Separatrix reached!", "mismatch": 1.4504952176475072e-05, "faithfulness": 0.9999659326695735, "DeltaNOrbits": 0.00019999497586044833}