{"SMBHMASS": 1000000.0, "SecondaryMass": 10, "PROCAMASS": 1e-17, "p0": 10.47, "e0": 0.7, "BHSpin": 1, "Trajectory Exit Reason": "Separatrix reached!", "mismatch": 0.17315743220270396, "faithfulness": 0.6956607411722531, "DeltaNOrbits": 0.019342540637645494}