{"SMBHMASS": 300000.0, "SecondaryMass": 10, "PROCAMASS": 2e-17, "p0": 19.800000000000004, "e0": 0.4, "BHSpin": 1, "Trajectory Exit Reason": "Separatrix reached!", "mismatch": 9.859461249983603e-06, "faithfulness": 0.9999883001875118, "DeltaNOrbits": 0.00012309016593375292}