{"SMBHMASS": 20000000.0, "SecondaryMass": 10, "PROCAMASS": 2e-19, "p0": 4.609999999999999, "e0": 0.6, "BHSpin": 1, "Trajectory Exit Reason": "Integration reached time boundary. Boundary location t = 2562842.94", "mismatch": 4.440892098500626e-16, "faithfulness": 0.9999999999955634, "DeltaNOrbits": -6.114264393728862e-10}