{"SMBHMASS": 200000.0, "SecondaryMass": 10, "PROCAMASS": 9e-17, "p0": 27.5, "e0": 0.2, "BHSpin": 1, "Trajectory Exit Reason": "Separatrix reached!", "mismatch": 0.9971217056577834, "faithfulness": 0.000811914953284057, "DeltaNOrbits": 2088.5094175318077}