{"SMBHMASS": 600000.0, "SecondaryMass": 10, "PROCAMASS": 7e-18, "p0": 14.469999999999999, "e0": 0.4, "BHSpin": 1, "Trajectory Exit Reason": "Separatrix reached!", "mismatch": 5.7582605350603444e-11, "faithfulness": 0.9999999999060137, "DeltaNOrbits": 3.458635558719293e-07}