{"SMBHMASS": 400000.0, "SecondaryMass": 10, "PROCAMASS": 1e-17, "p0": 17.150000000000002, "e0": 0.4, "BHSpin": 1, "Trajectory Exit Reason": "Separatrix reached!", "mismatch": 1.5270118502996866e-11, "faithfulness": 0.9999999999808351, "DeltaNOrbits": 1.5974905334160682e-07}