{"SMBHMASS": 400000.0, "SecondaryMass": 10, "PROCAMASS": 9e-18, "p0": 16.25, "e0": 0.7, "BHSpin": 1, "Trajectory Exit Reason": "Separatrix reached!", "mismatch": 6.9393379931170784e-12, "faithfulness": 0.9999999999929932, "DeltaNOrbits": 7.381584649883572e-08}