{"SMBHMASS": 900000.0, "SecondaryMass": 10, "PROCAMASS": 6e-18, "p0": 11.759999999999998, "e0": 0.5, "BHSpin": 1, "Trajectory Exit Reason": "Separatrix reached!", "mismatch": 4.392147867626761e-09, "faithfulness": 0.9999999911548692, "DeltaNOrbits": 3.1986866816162146e-06}