{"SMBHMASS": 100000.0, "SecondaryMass": 10, "PROCAMASS": 8e-17, "p0": 32.5, "e0": 0.7, "BHSpin": 1, "Trajectory Exit Reason": "Separatrix reached!", "mismatch": 0.6108317040365439, "faithfulness": 0.3320681793684537, "DeltaNOrbits": 0.0550299582651543}