{"SMBHMASS": 60000000.0, "SecondaryMass": 10, "PROCAMASS": 1e-19, "p0": 4.83, "e0": 0.3, "BHSpin": 1, "Trajectory Exit Reason": "Integration reached time boundary. Boundary location t = 854280.98", "mismatch": 2.8596014445270157e-12, "faithfulness": 0.9999977312358899, "DeltaNOrbits": -1.2214401131093428e-07}