{"SMBHMASS": 800000.0, "SecondaryMass": 10, "PROCAMASS": 7e-18, "p0": 12.799999999999999, "e0": 0.3, "BHSpin": 1, "Trajectory Exit Reason": "Separatrix reached!", "mismatch": 6.066226243550688e-08, "faithfulness": 0.9999998671105963, "DeltaNOrbits": 1.2624084637584142e-05}