{"SMBHMASS": 100000.0, "SecondaryMass": 10, "PROCAMASS": 5e-17, "p0": 32.5, "e0": 0.7, "BHSpin": 1, "Trajectory Exit Reason": "Separatrix reached!", "mismatch": 4.3830453696491745e-05, "faithfulness": 0.9999775302930506, "DeltaNOrbits": 0.00012266672533237634}