{"SMBHMASS": 600000.0, "SecondaryMass": 10, "PROCAMASS": 8e-18, "p0": 14.469999999999999, "e0": 0.4, "BHSpin": 1, "Trajectory Exit Reason": "Separatrix reached!", "mismatch": 3.7443380618285005e-09, "faithfulness": 0.9999999934444355, "DeltaNOrbits": 2.9671413418330945e-06}