{"SMBHMASS": 400000.0, "SecondaryMass": 10, "PROCAMASS": 8e-18, "p0": 16.625, "e0": 0.6, "BHSpin": 1, "Trajectory Exit Reason": "Separatrix reached!", "mismatch": 4.0389913635863195e-13, "faithfulness": 0.9999999999997397, "DeltaNOrbits": 1.132065316535859e-08}