{"SMBHMASS": 60000000.0, "SecondaryMass": 10, "PROCAMASS": 5e-19, "p0": 4.609999999999999, "e0": 0.6, "BHSpin": 1, "Trajectory Exit Reason": "Integration reached time boundary. Boundary location t = 854280.98", "mismatch": 0.9918592672605759, "faithfulness": 0.22256862906290042, "DeltaNOrbits": -114.92965145192447}