{"SMBHMASS": 800000.0, "SecondaryMass": 10, "PROCAMASS": 8e-18, "p0": 12.849999999999998, "e0": 0.2, "BHSpin": 1, "Trajectory Exit Reason": "Separatrix reached!", "mismatch": 3.130527439720865e-06, "faithfulness": 0.9999928434818146, "DeltaNOrbits": 9.227134595368005e-05}