{"SMBHMASS": 500000.0, "SecondaryMass": 10, "PROCAMASS": 8e-18, "p0": 15.350000000000001, "e0": 0.4, "BHSpin": 1, "Trajectory Exit Reason": "Separatrix reached!", "mismatch": 1.0421108420644032e-11, "faithfulness": 0.9999999999863575, "DeltaNOrbits": 1.315307967608521e-07}