{"SMBHMASS": 500000.0, "SecondaryMass": 10, "PROCAMASS": 2e-17, "p0": 15.5, "e0": 0.3, "BHSpin": 1, "Trajectory Exit Reason": "Separatrix reached!", "mismatch": 0.6063786141880088, "faithfulness": 0.09706177278294978, "DeltaNOrbits": 0.10598277464019418}