{"SMBHMASS": 600000.0, "SecondaryMass": 10, "PROCAMASS": 9e-18, "p0": 14.7, "e0": 0.1, "BHSpin": 1, "Trajectory Exit Reason": "Separatrix reached!", "mismatch": 1.2411822902791414e-08, "faithfulness": 0.9999999753454369, "DeltaNOrbits": 5.818963951585679e-06}