{"SMBHMASS": 900000.0, "SecondaryMass": 10, "PROCAMASS": 6e-18, "p0": 11.95, "e0": 0.2, "BHSpin": 1, "Trajectory Exit Reason": "Separatrix reached!", "mismatch": 4.1564648389780245e-09, "faithfulness": 0.9999999903279431, "DeltaNOrbits": 3.375555675260262e-06}