{"SMBHMASS": 400000.0, "SecondaryMass": 10, "PROCAMASS": 9e-18, "p0": 17.150000000000002, "e0": 0.4, "BHSpin": 1, "Trajectory Exit Reason": "Separatrix reached!", "mismatch": 3.706479567711085e-12, "faithfulness": 0.999999999996126, "DeltaNOrbits": 6.601552737835132e-08}