{"SMBHMASS": 900000.0, "SecondaryMass": 10, "PROCAMASS": 8e-18, "p0": 11.999999999999998, "e0": 0.1, "BHSpin": 1, "Trajectory Exit Reason": "Separatrix reached!", "mismatch": 3.212362403959279e-05, "faithfulness": 0.99992164619644, "DeltaNOrbits": 0.0002974579807669914}