{"SMBHMASS": 800000.0, "SecondaryMass": 10, "PROCAMASS": 3e-17, "p0": 12.899999999999999, "e0": 0.1, "BHSpin": 1, "Trajectory Exit Reason": "Separatrix reached!", "mismatch": 0.9967077934200346, "faithfulness": 0.0003350609919434577, "DeltaNOrbits": 734.6334235202444}