{"SMBHMASS": 500000.0, "SecondaryMass": 10, "PROCAMASS": 1e-17, "p0": 14.56, "e0": 0.7, "BHSpin": 1, "Trajectory Exit Reason": "Separatrix reached!", "mismatch": 4.301877853940539e-09, "faithfulness": 0.999999994124001, "DeltaNOrbits": 2.3276819266186577e-06}