{"SMBHMASS": 100000.0, "SecondaryMass": 10, "PROCAMASS": 9e-17, "p0": 34.2, "e0": 0.5, "BHSpin": 1, "Trajectory Exit Reason": "Separatrix reached!", "mismatch": 0.7519592318978716, "faithfulness": 0.1656446389533015, "DeltaNOrbits": 0.2476799777547488}