{"SMBHMASS": 700000.0, "SecondaryMass": 10, "PROCAMASS": 4e-18, "p0": 13.590000000000002, "e0": 0.4, "BHSpin": 1, "Trajectory Exit Reason": "Separatrix reached!", "mismatch": -5.773159728050814e-15, "faithfulness": 0.999999999999996, "DeltaNOrbits": 3.8908955232820035e-10}