{"SMBHMASS": 900000.0, "SecondaryMass": 10, "PROCAMASS": 6e-18, "p0": 11.95, "e0": 0.2, "BHSpin": 1, "Trajectory Exit Reason": "Separatrix reached!", "mismatch": 1.0853241194652696e-08, "faithfulness": 0.9999999744111321, "DeltaNOrbits": 5.528981066657647e-06}