{"SMBHMASS": 100000.0, "SecondaryMass": 10, "PROCAMASS": 9e-17, "p0": 34.2, "e0": 0.5, "BHSpin": 1, "Trajectory Exit Reason": "Separatrix reached!", "mismatch": 0.7715454141787579, "faithfulness": 0.1492077472196908, "DeltaNOrbits": 0.28512192000402353}