{"SMBHMASS": 700000.0, "SecondaryMass": 10, "PROCAMASS": 8e-18, "p0": 13.202, "e0": 0.6, "BHSpin": 1, "Trajectory Exit Reason": "Separatrix reached!", "mismatch": 7.044189820337721e-08, "faithfulness": 0.9999998778218122, "DeltaNOrbits": 1.1386279603184614e-05}