{"SMBHMASS": 700000.0, "SecondaryMass": 10, "PROCAMASS": 9e-18, "p0": 13.590000000000002, "e0": 0.4, "BHSpin": 1, "Trajectory Exit Reason": "Separatrix reached!", "mismatch": 1.6682347949714682e-06, "faithfulness": 0.9999967374505753, "DeltaNOrbits": 6.465208347469763e-05}