{"SMBHMASS": 800000.0, "SecondaryMass": 10, "PROCAMASS": 6e-18, "p0": 12.363, "e0": 0.6, "BHSpin": 1, "Trajectory Exit Reason": "Separatrix reached!", "mismatch": 2.792619469005331e-10, "faithfulness": 0.9999999995046166, "DeltaNOrbits": 6.734399027844332e-07}