{"SMBHMASS": 700000.0, "SecondaryMass": 10, "PROCAMASS": 6e-18, "p0": 13.202, "e0": 0.6, "BHSpin": 1, "Trajectory Exit Reason": "Separatrix reached!", "mismatch": 6.648204209369624e-11, "faithfulness": 0.9999999998942789, "DeltaNOrbits": 3.3313476908862104e-07}