{"SMBHMASS": 100000.0, "SecondaryMass": 10, "PROCAMASS": 6e-17, "p0": 35.1, "e0": 0.1, "BHSpin": 1, "Trajectory Exit Reason": "Separatrix reached!", "mismatch": 0.0010641673524037776, "faithfulness": 0.9995097918988836, "DeltaNOrbits": 0.0009600248501239087}