{"SMBHMASS": 100000.0, "SecondaryMass": 10, "PROCAMASS": 6e-17, "p0": 33.35, "e0": 0.6, "BHSpin": 1, "Trajectory Exit Reason": "Separatrix reached!", "mismatch": 0.0060543202044875954, "faithfulness": 0.9968935637744394, "DeltaNOrbits": 0.0016768670254598916}