{"SMBHMASS": 700000.0, "SecondaryMass": 10, "PROCAMASS": 3e-17, "p0": 13.202, "e0": 0.6, "BHSpin": 1, "Trajectory Exit Reason": "Separatrix reached!", "mismatch": 0.9963124862587743, "faithfulness": 0.001468200515162314, "DeltaNOrbits": 602.2090400991987}