{"SMBHMASS": 700000.0, "SecondaryMass": 10, "PROCAMASS": 1e-17, "p0": 12.924, "e0": 0.7, "BHSpin": 1, "Trajectory Exit Reason": "Separatrix reached!", "mismatch": 6.246354052164005e-05, "faithfulness": 0.999898150615338, "DeltaNOrbits": 0.0002999382691744553}