{"SMBHMASS": 800000.0, "SecondaryMass": 10, "PROCAMASS": 8e-18, "p0": 12.62, "e0": 0.5, "BHSpin": 1, "Trajectory Exit Reason": "Separatrix reached!", "mismatch": 7.010393839879114e-07, "faithfulness": 0.999998560163814, "DeltaNOrbits": 3.384299073343295e-05}