{"SMBHMASS": 400000.0, "SecondaryMass": 10, "PROCAMASS": 1e-17, "p0": 17.3, "e0": 0.3, "BHSpin": 1, "Trajectory Exit Reason": "Separatrix reached!", "mismatch": 2.0073387396735143e-11, "faithfulness": 0.9999999999739909, "DeltaNOrbits": 1.94489191942339e-07}