{"SMBHMASS": 3000000.0, "SecondaryMass": 10, "PROCAMASS": 9e-18, "p0": 6.9350000000000005, "e0": 0.4, "BHSpin": 1, "Trajectory Exit Reason": "Separatrix reached!", "mismatch": 0.9981233332736158, "faithfulness": 0.0007521002427087483, "DeltaNOrbits": 161.0254512556383}