{"SMBHMASS": 400000.0, "SecondaryMass": 10, "PROCAMASS": 7e-17, "p0": 17.4, "e0": 0.1, "BHSpin": 1, "Trajectory Exit Reason": "Separatrix reached!", "mismatch": 0.9993305201187599, "faithfulness": 1.2288809675102006e-05, "DeltaNOrbits": 9608.788130637875}