{"SMBHMASS": 30000000.0, "SecondaryMass": 10, "PROCAMASS": 1e-18, "p0": 4.76, "e0": 0.5, "BHSpin": 1, "Trajectory Exit Reason": "Integration reached time boundary. Boundary location t = 1708561.96", "mismatch": 0.9922750275385267, "faithfulness": 0.011134155619649878, "DeltaNOrbits": -140.4954884511133}