{"SMBHMASS": 100000.0, "SecondaryMass": 10, "PROCAMASS": 7e-17, "p0": 34.5, "e0": 0.4, "BHSpin": 1, "Trajectory Exit Reason": "Separatrix reached!", "mismatch": 0.052966846319782546, "faithfulness": 0.9727412621627325, "DeltaNOrbits": 0.006941624973641765}