{"SMBHMASS": 800000.0, "SecondaryMass": 10, "PROCAMASS": 7e-18, "p0": 12.799999999999999, "e0": 0.3, "BHSpin": 1, "Trajectory Exit Reason": "Separatrix reached!", "mismatch": 7.461743611880678e-08, "faithfulness": 0.9999998363750316, "DeltaNOrbits": 1.4676791419150283e-05}