{"SMBHMASS": 400000.0, "SecondaryMass": 10, "PROCAMASS": 7e-18, "p0": 17.0, "e0": 0.5, "BHSpin": 1, "Trajectory Exit Reason": "Separatrix reached!", "mismatch": 5.639932965095795e-14, "faithfulness": 0.9999999999999702, "DeltaNOrbits": 9.634598438603055e-10}