{"SMBHMASS": 30000000.0, "SecondaryMass": 10, "PROCAMASS": 5e-19, "p0": 4.83, "e0": 0.3, "BHSpin": 1, "Trajectory Exit Reason": "Integration reached time boundary. Boundary location t = 1708561.96", "mismatch": 0.10119265482103423, "faithfulness": 0.766014036278013, "DeltaNOrbits": -0.020882099169045584}