{"SMBHMASS": 400000.0, "SecondaryMass": 10, "PROCAMASS": 7e-18, "p0": 16.625, "e0": 0.6, "BHSpin": 1, "Trajectory Exit Reason": "Separatrix reached!", "mismatch": 1.2012613126444194e-13, "faithfulness": 0.9999999999999277, "DeltaNOrbits": 1.3340213222681154e-09}