{"SMBHMASS": 50000000.0, "SecondaryMass": 10, "PROCAMASS": 5e-19, "p0": 4.46, "e0": 0.7, "BHSpin": 1, "Trajectory Exit Reason": "Integration reached time boundary. Boundary location t = 1025137.18", "mismatch": 0.9736330344495028, "faithfulness": 0.09593987574401633, "DeltaNOrbits": -8.26564727520821}