{"SMBHMASS": 300000.0, "SecondaryMass": 10, "PROCAMASS": 9e-17, "p0": 19.800000000000004, "e0": 0.4, "BHSpin": 1, "Trajectory Exit Reason": "Separatrix reached!", "mismatch": 0.9988822350366958, "faithfulness": 0.00022691264418278972, "DeltaNOrbits": 4806.893430802494}