{"SMBHMASS": 800000.0, "SecondaryMass": 10, "PROCAMASS": 9e-18, "p0": 12.71, "e0": 0.4, "BHSpin": 1, "Trajectory Exit Reason": "Separatrix reached!", "mismatch": 2.891314771857889e-05, "faithfulness": 0.9999397971081828, "DeltaNOrbits": 0.0002644597405078108}