{"SMBHMASS": 800000.0, "SecondaryMass": 10, "PROCAMASS": 5e-18, "p0": 12.71, "e0": 0.4, "BHSpin": 1, "Trajectory Exit Reason": "Separatrix reached!", "mismatch": 4.098277273101303e-12, "faithfulness": 0.999999999993733, "DeltaNOrbits": 7.75585174307546e-08}