{"SMBHMASS": 100000.0, "SecondaryMass": 10, "PROCAMASS": 4e-17, "p0": 34.95, "e0": 0.2, "BHSpin": 1, "Trajectory Exit Reason": "Separatrix reached!", "mismatch": 9.953724622313587e-09, "faithfulness": 0.9999999951475657, "DeltaNOrbits": 2.867627056806677e-06}