{"SMBHMASS": 700000.0, "SecondaryMass": 10, "PROCAMASS": 1e-17, "p0": 13.202, "e0": 0.6, "BHSpin": 1, "Trajectory Exit Reason": "Separatrix reached!", "mismatch": 1.5075668000963383e-05, "faithfulness": 0.9999736288959772, "DeltaNOrbits": 0.00016448267977908385}