{"SMBHMASS": 800000.0, "SecondaryMass": 10, "PROCAMASS": 9e-18, "p0": 12.62, "e0": 0.5, "BHSpin": 1, "Trajectory Exit Reason": "Separatrix reached!", "mismatch": 9.32496610261957e-05, "faithfulness": 0.9998159518084869, "DeltaNOrbits": 0.0004601937410964912}