{"SMBHMASS": 100000.0, "SecondaryMass": 10, "PROCAMASS": 4e-17, "p0": 33.35, "e0": 0.6, "BHSpin": 1, "Trajectory Exit Reason": "Separatrix reached!", "mismatch": 4.963279254255326e-08, "faithfulness": 0.9999999747966302, "DeltaNOrbits": 4.824302831243436e-06}