{"SMBHMASS": 900000.0, "SecondaryMass": 10, "PROCAMASS": 6e-18, "p0": 11.999999999999998, "e0": 0.1, "BHSpin": 1, "Trajectory Exit Reason": "Separatrix reached!", "mismatch": 1.3769682172259934e-08, "faithfulness": 0.9999999663379412, "DeltaNOrbits": 6.314089670960274e-06}