{"SMBHMASS": 500000.0, "SecondaryMass": 10, "PROCAMASS": 8e-18, "p0": 14.879999999999999, "e0": 0.6, "BHSpin": 1, "Trajectory Exit Reason": "Separatrix reached!", "mismatch": 2.5517699064891985e-11, "faithfulness": 0.9999999999681464, "DeltaNOrbits": 1.8676298511753616e-07}