{"SMBHMASS": 700000.0, "SecondaryMass": 10, "PROCAMASS": 8e-18, "p0": 13.799999999999999, "e0": 0.1, "BHSpin": 1, "Trajectory Exit Reason": "Separatrix reached!", "mismatch": 2.1717144194077775e-08, "faithfulness": 0.9999999521204285, "DeltaNOrbits": 8.109015360072023e-06}