{"SMBHMASS": 800000.0, "SecondaryMass": 10, "PROCAMASS": 7e-18, "p0": 12.62, "e0": 0.5, "BHSpin": 1, "Trajectory Exit Reason": "Separatrix reached!", "mismatch": 9.174729498351297e-08, "faithfulness": 0.9999998188829428, "DeltaNOrbits": 1.4515374839155841e-05}