{"SMBHMASS": 500000.0, "SecondaryMass": 10, "PROCAMASS": 1e-17, "p0": 15.549999999999999, "e0": 0.2, "BHSpin": 1, "Trajectory Exit Reason": "Separatrix reached!", "mismatch": 4.80424555693304e-09, "faithfulness": 0.9999999921120943, "DeltaNOrbits": 3.468492494044941e-06}