{"SMBHMASS": 300000.0, "SecondaryMass": 10, "PROCAMASS": 2e-17, "p0": 19.6, "e0": 0.5, "BHSpin": 1, "Trajectory Exit Reason": "Separatrix reached!", "mismatch": 1.0906315495162744e-05, "faithfulness": 0.9999873473088186, "DeltaNOrbits": 0.00012151987461285199}