{"SMBHMASS": 700000.0, "SecondaryMass": 10, "PROCAMASS": 4e-17, "p0": 13.479999999999999, "e0": 0.5, "BHSpin": 1, "Trajectory Exit Reason": "Separatrix reached!", "mismatch": 0.9972328563301908, "faithfulness": 0.0006064520459642863, "DeltaNOrbits": 787.7643569456725}