{"SMBHMASS": 100000.0, "SecondaryMass": 10, "PROCAMASS": 7e-17, "p0": 34.2, "e0": 0.5, "BHSpin": 1, "Trajectory Exit Reason": "Separatrix reached!", "mismatch": 0.13321527649594966, "faithfulness": 0.9144839150436797, "DeltaNOrbits": 0.011239448804710225}