{"SMBHMASS": 200000.0, "SecondaryMass": 10, "PROCAMASS": 3e-17, "p0": 27.4, "e0": 0.3, "BHSpin": 1, "Trajectory Exit Reason": "Separatrix reached!", "mismatch": 0.00014530107353794008, "faithfulness": 0.9998393743411911, "DeltaNOrbits": 0.0003997225175019297}