{"SMBHMASS": 100000.0, "SecondaryMass": 10, "PROCAMASS": 7e-17, "p0": 34.8, "e0": 0.3, "BHSpin": 1, "Trajectory Exit Reason": "Separatrix reached!", "mismatch": 0.17309655022527093, "faithfulness": 0.8697316368850774, "DeltaNOrbits": -0.025120393563148876}