{"SMBHMASS": 100000.0, "SecondaryMass": 10, "PROCAMASS": 4e-17, "p0": 32.5, "e0": 0.7, "BHSpin": 1, "Trajectory Exit Reason": "Separatrix reached!", "mismatch": 1.3319120473198609e-08, "faithfulness": 0.9999999932238067, "DeltaNOrbits": 2.2194409187757364e-06}