{"SMBHMASS": 900000.0, "SecondaryMass": 10, "PROCAMASS": 1e-17, "p0": 11.830000000000002, "e0": 0.4, "BHSpin": 1, "Trajectory Exit Reason": "Separatrix reached!", "mismatch": 0.018013977453305685, "faithfulness": 0.9612425671955865, "DeltaNOrbits": 0.006926711022876434}