{"SMBHMASS": 100000.0, "SecondaryMass": 10, "PROCAMASS": 8e-17, "p0": 34.5, "e0": 0.4, "BHSpin": 1, "Trajectory Exit Reason": "Separatrix reached!", "mismatch": 0.5976586439182885, "faithfulness": 0.32886571668083897, "DeltaNOrbits": 0.10590837010120267}