{"SMBHMASS": 700000.0, "SecondaryMass": 10, "PROCAMASS": 9e-18, "p0": 13.749999999999996, "e0": 0.2, "BHSpin": 1, "Trajectory Exit Reason": "Separatrix reached!", "mismatch": 1.1782643565272366e-06, "faithfulness": 0.9999974770577336, "DeltaNOrbits": 5.644370205419055e-05}