{"SMBHMASS": 1000000.0, "SecondaryMass": 10, "PROCAMASS": 9e-18, "p0": 10.950000000000003, "e0": 0.4, "BHSpin": 1, "Trajectory Exit Reason": "Separatrix reached!", "mismatch": 0.0029849126965459938, "faithfulness": 0.9935858780749353, "DeltaNOrbits": 0.0028576265103800727}