{"SMBHMASS": 400000.0, "SecondaryMass": 10, "PROCAMASS": 9e-18, "p0": 17.0, "e0": 0.5, "BHSpin": 1, "Trajectory Exit Reason": "Separatrix reached!", "mismatch": 1.1336487304447473e-12, "faithfulness": 0.9999999999989063, "DeltaNOrbits": 3.3257892687100935e-08}