{"SMBHMASS": 700000.0, "SecondaryMass": 10, "PROCAMASS": 8e-18, "p0": 13.799999999999999, "e0": 0.1, "BHSpin": 1, "Trajectory Exit Reason": "Separatrix reached!", "mismatch": 1.3479408311756202e-07, "faithfulness": 0.9999997051116334, "DeltaNOrbits": 1.9194473155085177e-05}