{"SMBHMASS": 100000.0, "SecondaryMass": 10, "PROCAMASS": 5e-17, "p0": 34.5, "e0": 0.4, "BHSpin": 1, "Trajectory Exit Reason": "Separatrix reached!", "mismatch": 7.537091593068368e-06, "faithfulness": 0.9999962786712813, "DeltaNOrbits": 7.159292230216295e-05}