{"SMBHMASS": 600000.0, "SecondaryMass": 10, "PROCAMASS": 8e-18, "p0": 14.7, "e0": 0.1, "BHSpin": 1, "Trajectory Exit Reason": "Separatrix reached!", "mismatch": 3.6068159570135094e-10, "faithfulness": 0.9999999992960993, "DeltaNOrbits": 9.751695865779924e-07}