{"SMBHMASS": 900000.0, "SecondaryMass": 10, "PROCAMASS": 6e-18, "p0": 11.523999999999997, "e0": 0.6, "BHSpin": 1, "Trajectory Exit Reason": "Separatrix reached!", "mismatch": 7.482137576175774e-09, "faithfulness": 0.999999985947461, "DeltaNOrbits": 4.049143802636058e-06}