{"SMBHMASS": 30000000.0, "SecondaryMass": 10, "PROCAMASS": 7e-19, "p0": 4.83, "e0": 0.2, "BHSpin": 1, "Trajectory Exit Reason": "Integration reached time boundary. Boundary location t = 1708561.96", "mismatch": 0.9696460652131751, "faithfulness": 0.034479357377323716, "DeltaNOrbits": -14.511116755180746}