{"SMBHMASS": 100000.0, "SecondaryMass": 10, "PROCAMASS": 7e-17, "p0": 34.5, "e0": 0.4, "BHSpin": 1, "Trajectory Exit Reason": "Separatrix reached!", "mismatch": 0.10554892212135925, "faithfulness": 0.9367945882130523, "DeltaNOrbits": 0.010337154023756652}