{"SMBHMASS": 800000.0, "SecondaryMass": 10, "PROCAMASS": 5e-18, "p0": 12.899999999999999, "e0": 0.1, "BHSpin": 1, "Trajectory Exit Reason": "Separatrix reached!", "mismatch": 3.0326852140660776e-12, "faithfulness": 0.9999999999949324, "DeltaNOrbits": 6.857240157936521e-08}