{"SMBHMASS": 900000.0, "SecondaryMass": 10, "PROCAMASS": 8e-18, "p0": 11.288, "e0": 0.7, "BHSpin": 1, "Trajectory Exit Reason": "Separatrix reached!", "mismatch": 1.271228620192133e-05, "faithfulness": 0.9999783903299497, "DeltaNOrbits": 0.00016753007547310313}