{"SMBHMASS": 700000.0, "SecondaryMass": 10, "PROCAMASS": 8e-18, "p0": 13.799999999999999, "e0": 0.1, "BHSpin": 1, "Trajectory Exit Reason": "Separatrix reached!", "mismatch": 2.9221489894482033e-08, "faithfulness": 0.999999935734632, "DeltaNOrbits": 8.952783846406606e-06}