{"SMBHMASS": 70000000.0, "SecondaryMass": 10, "PROCAMASS": 2e-19, "p0": 4.76, "e0": 0.5, "BHSpin": 1, "Trajectory Exit Reason": "Integration reached time boundary. Boundary location t = 732240.84", "mismatch": 0.007134965871517185, "faithfulness": 0.9857627467650656, "DeltaNOrbits": -0.0022018861292104025}