{"SMBHMASS": 50000000.0, "SecondaryMass": 10, "PROCAMASS": 4e-19, "p0": 4.83, "e0": 0.1, "BHSpin": 1, "Trajectory Exit Reason": "Integration reached time boundary. Boundary location t = 1025137.18", "mismatch": 0.8827883998937089, "faithfulness": 0.06437785202529359, "DeltaNOrbits": -0.6681230700216034}