{"SMBHMASS": 400000.0, "SecondaryMass": 10, "PROCAMASS": 1e-17, "p0": 16.25, "e0": 0.7, "BHSpin": 1, "Trajectory Exit Reason": "Separatrix reached!", "mismatch": 7.976075355742296e-11, "faithfulness": 0.9999999999077158, "DeltaNOrbits": 2.780693333972205e-07}