{"SMBHMASS": 100000.0, "SecondaryMass": 10, "PROCAMASS": 5e-17, "p0": 35.1, "e0": 0.1, "BHSpin": 1, "Trajectory Exit Reason": "Separatrix reached!", "mismatch": 9.891715179954907e-06, "faithfulness": 0.9999950649682443, "DeltaNOrbits": 9.066850080690099e-05}