{"SMBHMASS": 200000.0, "SecondaryMass": 10, "PROCAMASS": 4e-17, "p0": 27.6, "e0": 0.1, "BHSpin": 1, "Trajectory Exit Reason": "Separatrix reached!", "mismatch": 0.2558912057872912, "faithfulness": 0.630760060448875, "DeltaNOrbits": 0.029351601260794783}