{"SMBHMASS": 600000.0, "SecondaryMass": 10, "PROCAMASS": 6e-18, "p0": 14.649999999999997, "e0": 0.2, "BHSpin": 1, "Trajectory Exit Reason": "Separatrix reached!", "mismatch": 4.787281682183675e-13, "faithfulness": 0.999999999999447, "DeltaNOrbits": 2.0881139308280084e-08}