{"SMBHMASS": 400000.0, "SecondaryMass": 10, "PROCAMASS": 1e-17, "p0": 17.150000000000002, "e0": 0.4, "BHSpin": 1, "Trajectory Exit Reason": "Separatrix reached!", "mismatch": 3.056399577872071e-11, "faithfulness": 0.9999999999611071, "DeltaNOrbits": 2.2922933054307118e-07}