{"SMBHMASS": 200000.0, "SecondaryMass": 10, "PROCAMASS": 2e-16, "p0": 27.6, "e0": 0.1, "BHSpin": 1, "Trajectory Exit Reason": "Separatrix reached!", "mismatch": 0.9987351349994551, "faithfulness": 0.0002502666333854025, "DeltaNOrbits": 1247.0205591418046}