{"SMBHMASS": 1000000.0, "SecondaryMass": 10, "PROCAMASS": 3e-18, "p0": 11.05, "e0": 0.2, "BHSpin": 1, "Trajectory Exit Reason": "Separatrix reached!", "mismatch": -5.329070518200751e-15, "faithfulness": 0.9999999999999843, "DeltaNOrbits": 6.484825872136672e-10}