{"SMBHMASS": 600000.0, "SecondaryMass": 10, "PROCAMASS": 1e-17, "p0": 14.599999999999998, "e0": 0.3, "BHSpin": 1, "Trajectory Exit Reason": "Separatrix reached!", "mismatch": 3.6784021373303943e-07, "faithfulness": 0.9999993091482796, "DeltaNOrbits": 3.199453743876519e-05}