{"SMBHMASS": 900000.0, "SecondaryMass": 10, "PROCAMASS": 7e-18, "p0": 11.523999999999997, "e0": 0.6, "BHSpin": 1, "Trajectory Exit Reason": "Separatrix reached!", "mismatch": 8.241926047203307e-07, "faithfulness": 0.9999984473314291, "DeltaNOrbits": 4.391269319594549e-05}