{"SMBHMASS": 1000000.0, "SecondaryMass": 10, "PROCAMASS": 9e-18, "p0": 10.9, "e0": 0.5, "BHSpin": 1, "Trajectory Exit Reason": "Separatrix reached!", "mismatch": 0.010409921093735508, "faithfulness": 0.9784764430606513, "DeltaNOrbits": 0.005282835576833149}