{"SMBHMASS": 800000.0, "SecondaryMass": 10, "PROCAMASS": 1e-17, "p0": 12.106, "e0": 0.7, "BHSpin": 1, "Trajectory Exit Reason": "Separatrix reached!", "mismatch": 0.0010599929312864464, "faithfulness": 0.9981824435197688, "DeltaNOrbits": 0.0012789499853851712}