{"SMBHMASS": 800000.0, "SecondaryMass": 10, "PROCAMASS": 8e-18, "p0": 12.899999999999999, "e0": 0.1, "BHSpin": 1, "Trajectory Exit Reason": "Separatrix reached!", "mismatch": 1.5486453456281524e-06, "faithfulness": 0.9999963881642651, "DeltaNOrbits": 6.730976892591236e-05}