{"SMBHMASS": 100000.0, "SecondaryMass": 10, "PROCAMASS": 3e-17, "p0": 34.2, "e0": 0.5, "BHSpin": 1, "Trajectory Exit Reason": "Separatrix reached!", "mismatch": 1.2281509143008407e-11, "faithfulness": 0.9999999999939053, "DeltaNOrbits": 7.965218978375873e-08}