{"SMBHMASS": 400000.0, "SecondaryMass": 10, "PROCAMASS": 1e-17, "p0": 17.35, "e0": 0.2, "BHSpin": 1, "Trajectory Exit Reason": "Separatrix reached!", "mismatch": 1.1027734281299217e-11, "faithfulness": 0.999999999985691, "DeltaNOrbits": 1.4540832412722457e-07}