{"SMBHMASS": 100000.0, "SecondaryMass": 10, "PROCAMASS": 5e-17, "p0": 34.95, "e0": 0.2, "BHSpin": 1, "Trajectory Exit Reason": "Separatrix reached!", "mismatch": 1.1840884907576843e-05, "faithfulness": 0.999994139057829, "DeltaNOrbits": 9.966439948132034e-05}