{"SMBHMASS": 1000000.0, "SecondaryMass": 10, "PROCAMASS": 4e-18, "p0": 10.950000000000003, "e0": 0.4, "BHSpin": 1, "Trajectory Exit Reason": "Separatrix reached!", "mismatch": 2.156275158426979e-12, "faithfulness": 0.9999999999969057, "DeltaNOrbits": 5.43798969563461e-08}