{"SMBHMASS": 300000.0, "SecondaryMass": 10, "PROCAMASS": 1e-17, "p0": 19.6, "e0": 0.5, "BHSpin": 1, "Trajectory Exit Reason": "Separatrix reached!", "mismatch": 1.1068923555512811e-13, "faithfulness": 0.9999999999999438, "DeltaNOrbits": 3.816783227600441e-09}