{"SMBHMASS": 600000.0, "SecondaryMass": 10, "PROCAMASS": 8e-18, "p0": 14.7, "e0": 0.1, "BHSpin": 1, "Trajectory Exit Reason": "Separatrix reached!", "mismatch": 1.1379862607796554e-09, "faithfulness": 0.9999999977946954, "DeltaNOrbits": 1.7154587800671944e-06}