{"SMBHMASS": 100000.0, "SecondaryMass": 10, "PROCAMASS": 5e-17, "p0": 35.1, "e0": 0.1, "BHSpin": 1, "Trajectory Exit Reason": "Separatrix reached!", "mismatch": 4.252435503615537e-06, "faithfulness": 0.9999980401853003, "DeltaNOrbits": 6.175848005825457e-05}