{"SMBHMASS": 200000.0, "SecondaryMass": 10, "PROCAMASS": 3e-17, "p0": 26.900000000000002, "e0": 0.5, "BHSpin": 1, "Trajectory Exit Reason": "Separatrix reached!", "mismatch": 0.00021824894547861629, "faithfulness": 0.9997757438270447, "DeltaNOrbits": 0.0004391777174100707}