{"SMBHMASS": 700000.0, "SecondaryMass": 10, "PROCAMASS": 8e-18, "p0": 13.799999999999999, "e0": 0.1, "BHSpin": 1, "Trajectory Exit Reason": "Separatrix reached!", "mismatch": 9.083429020062539e-08, "faithfulness": 0.9999998012796769, "DeltaNOrbits": 1.5501902135047034e-05}