{"SMBHMASS": 100000.0, "SecondaryMass": 10, "PROCAMASS": 6e-17, "p0": 35.1, "e0": 0.1, "BHSpin": 1, "Trajectory Exit Reason": "Separatrix reached!", "mismatch": 0.0019242937000251148, "faithfulness": 0.9990376365606735, "DeltaNOrbits": 0.001263048979273842}