{"SMBHMASS": 30000000.0, "SecondaryMass": 10, "PROCAMASS": 3e-19, "p0": 4.83, "e0": 0.3, "BHSpin": 1, "Trajectory Exit Reason": "Integration reached time boundary. Boundary location t = 1708561.96", "mismatch": 7.425111981929078e-07, "faithfulness": 0.9999732361980247, "DeltaNOrbits": -8.464430369650838e-05}