{"SMBHMASS": 800000.0, "SecondaryMass": 10, "PROCAMASS": 5e-18, "p0": 12.62, "e0": 0.5, "BHSpin": 1, "Trajectory Exit Reason": "Separatrix reached!", "mismatch": 1.970867913314578e-12, "faithfulness": 0.9999999999971227, "DeltaNOrbits": 4.254045772121657e-08}