{"SMBHMASS": 800000.0, "SecondaryMass": 10, "PROCAMASS": 4e-18, "p0": 12.106, "e0": 0.7, "BHSpin": 1, "Trajectory Exit Reason": "Separatrix reached!", "mismatch": 7.416289804496046e-14, "faithfulness": 0.9999999999999594, "DeltaNOrbits": 2.6402505336556452e-09}