{"SMBHMASS": 700000.0, "SecondaryMass": 10, "PROCAMASS": 7e-18, "p0": 13.799999999999999, "e0": 0.1, "BHSpin": 1, "Trajectory Exit Reason": "Separatrix reached!", "mismatch": 3.886363453275976e-10, "faithfulness": 0.9999999991605, "DeltaNOrbits": 1.1704184295510674e-06}