{"SMBHMASS": 300000.0, "SecondaryMass": 10, "PROCAMASS": 1e-17, "p0": 19.800000000000004, "e0": 0.4, "BHSpin": 1, "Trajectory Exit Reason": "Separatrix reached!", "mismatch": 1.0705880626460385e-12, "faithfulness": 0.9999999999994387, "DeltaNOrbits": 8.522914003379626e-10}