{"SMBHMASS": 800000.0, "SecondaryMass": 10, "PROCAMASS": 7e-18, "p0": 12.363, "e0": 0.6, "BHSpin": 1, "Trajectory Exit Reason": "Separatrix reached!", "mismatch": 7.768456478096653e-08, "faithfulness": 0.9999998576499972, "DeltaNOrbits": 1.226241663465812e-05}