{"SMBHMASS": 700000.0, "SecondaryMass": 10, "PROCAMASS": 5e-18, "p0": 13.590000000000002, "e0": 0.4, "BHSpin": 1, "Trajectory Exit Reason": "Separatrix reached!", "mismatch": 8.386624728018433e-13, "faithfulness": 0.9999999999992562, "DeltaNOrbits": 2.1992823743503515e-08}