{"SMBHMASS": 400000.0, "SecondaryMass": 10, "PROCAMASS": 9e-18, "p0": 16.625, "e0": 0.6, "BHSpin": 1, "Trajectory Exit Reason": "Separatrix reached!", "mismatch": 1.89726012678193e-12, "faithfulness": 0.9999999999981731, "DeltaNOrbits": 4.020592040724737e-08}