{"SMBHMASS": 100000.0, "SecondaryMass": 10, "PROCAMASS": 6e-17, "p0": 34.5, "e0": 0.4, "BHSpin": 1, "Trajectory Exit Reason": "Separatrix reached!", "mismatch": 0.006939522619974103, "faithfulness": 0.9964849156055053, "DeltaNOrbits": 0.0021726475640229813}