{"SMBHMASS": 800000.0, "SecondaryMass": 10, "PROCAMASS": 9e-18, "p0": 12.849999999999998, "e0": 0.2, "BHSpin": 1, "Trajectory Exit Reason": "Separatrix reached!", "mismatch": 4.317463830372237e-05, "faithfulness": 0.9999016257702878, "DeltaNOrbits": 0.0003391838887744458}