{"SMBHMASS": 800000.0, "SecondaryMass": 10, "PROCAMASS": 1e-17, "p0": 12.106, "e0": 0.7, "BHSpin": 1, "Trajectory Exit Reason": "Separatrix reached!", "mismatch": 0.0022942959244584005, "faithfulness": 0.9960646535694052, "DeltaNOrbits": 0.0018671122972225064}