{"SMBHMASS": 200000.0, "SecondaryMass": 10, "PROCAMASS": 2e-16, "p0": 26.250000000000004, "e0": 0.6, "BHSpin": 1, "Trajectory Exit Reason": "Separatrix reached!", "mismatch": 0.9991286975199819, "faithfulness": 0.00028544458950813164, "DeltaNOrbits": 1039.4963050693825}