{"SMBHMASS": 600000.0, "SecondaryMass": 10, "PROCAMASS": 9e-18, "p0": 14.339999999999998, "e0": 0.5, "BHSpin": 1, "Trajectory Exit Reason": "Separatrix reached!", "mismatch": 1.151888939787682e-08, "faithfulness": 0.9999999802061234, "DeltaNOrbits": 4.981624706901471e-06}