{"SMBHMASS": 600000.0, "SecondaryMass": 10, "PROCAMASS": 9e-18, "p0": 14.649999999999997, "e0": 0.2, "BHSpin": 1, "Trajectory Exit Reason": "Separatrix reached!", "mismatch": 7.44057501167461e-08, "faithfulness": 0.9999998579116912, "DeltaNOrbits": 1.3955345276838119e-05}