{"SMBHMASS": 600000.0, "SecondaryMass": 10, "PROCAMASS": 7e-17, "p0": 14.469999999999999, "e0": 0.4, "BHSpin": 1, "Trajectory Exit Reason": "Separatrix reached!", "mismatch": 0.9999779517405786, "faithfulness": -0.0003748526891410602, "DeltaNOrbits": 7517.60615024447}