{"SMBHMASS": 800000.0, "SecondaryMass": 10, "PROCAMASS": 2e-17, "p0": 12.849999999999998, "e0": 0.2, "BHSpin": 1, "Trajectory Exit Reason": "Separatrix reached!", "mismatch": 0.9780759820761968, "faithfulness": 0.002708345768348887, "DeltaNOrbits": 19.289711935735685}