{"SMBHMASS": 800000.0, "SecondaryMass": 10, "PROCAMASS": 1e-17, "p0": 12.62, "e0": 0.5, "BHSpin": 1, "Trajectory Exit Reason": "Separatrix reached!", "mismatch": 0.0010363944636329059, "faithfulness": 0.9979563906471802, "DeltaNOrbits": 0.0015132058990065117}