{"SMBHMASS": 400000.0, "SecondaryMass": 10, "PROCAMASS": 1e-17, "p0": 17.0, "e0": 0.5, "BHSpin": 1, "Trajectory Exit Reason": "Separatrix reached!", "mismatch": 6.414779818442184e-11, "faithfulness": 0.9999999999204067, "DeltaNOrbits": 3.018964364588427e-07}