{"SMBHMASS": 300000.0, "SecondaryMass": 10, "PROCAMASS": 3e-17, "p0": 19.15, "e0": 0.6, "BHSpin": 1, "Trajectory Exit Reason": "Separatrix reached!", "mismatch": 0.36450458831090915, "faithfulness": 0.5356815199413594, "DeltaNOrbits": 0.03141428164896805}