{"SMBHMASS": 600000.0, "SecondaryMass": 10, "PROCAMASS": 7e-18, "p0": 14.041, "e0": 0.6, "BHSpin": 1, "Trajectory Exit Reason": "Separatrix reached!", "mismatch": 1.1888268147686176e-11, "faithfulness": 0.9999999999831113, "DeltaNOrbits": 1.3451381666203497e-07}