{"SMBHMASS": 600000.0, "SecondaryMass": 10, "PROCAMASS": 8e-18, "p0": 14.469999999999999, "e0": 0.4, "BHSpin": 1, "Trajectory Exit Reason": "Separatrix reached!", "mismatch": 2.4922056640619417e-09, "faithfulness": 0.9999999956430153, "DeltaNOrbits": 2.3762810645118416e-06}