{"SMBHMASS": 300000.0, "SecondaryMass": 10, "PROCAMASS": 1e-17, "p0": 20.1, "e0": 0.1, "BHSpin": 1, "Trajectory Exit Reason": "Separatrix reached!", "mismatch": 2.952083022478291e-13, "faithfulness": 0.9999999999998269, "DeltaNOrbits": 1.0357193321498285e-08}