{"SMBHMASS": 600000.0, "SecondaryMass": 10, "PROCAMASS": 8e-18, "p0": 14.041, "e0": 0.6, "BHSpin": 1, "Trajectory Exit Reason": "Separatrix reached!", "mismatch": 6.160186805104217e-10, "faithfulness": 0.9999999990240167, "DeltaNOrbits": 1.1260436925117322e-06}