{"SMBHMASS": 600000.0, "SecondaryMass": 10, "PROCAMASS": 6e-17, "p0": 14.649999999999997, "e0": 0.2, "BHSpin": 1, "Trajectory Exit Reason": "Separatrix reached!", "mismatch": 0.9998252049579773, "faithfulness": -0.00038949790452781104, "DeltaNOrbits": 8533.734765767296}