{"SMBHMASS": 600000.0, "SecondaryMass": 10, "PROCAMASS": 5e-18, "p0": 14.041, "e0": 0.6, "BHSpin": 1, "Trajectory Exit Reason": "Separatrix reached!", "mismatch": 5.96189764223709e-14, "faithfulness": 0.9999999999999784, "DeltaNOrbits": 1.241380952666163e-09}