{"SMBHMASS": 70000000.0, "SecondaryMass": 10, "PROCAMASS": 4e-19, "p0": 4.83, "e0": 0.3, "BHSpin": 1, "Trajectory Exit Reason": "Integration reached time boundary. Boundary location t = 732240.84", "mismatch": 0.9908339803298271, "faithfulness": 0.06511768457484593, "DeltaNOrbits": -148.6225659963911}