{"SMBHMASS": 500000.0, "SecondaryMass": 10, "PROCAMASS": 7e-18, "p0": 15.6, "e0": 0.1, "BHSpin": 1, "Trajectory Exit Reason": "Separatrix reached!", "mismatch": 5.435651928564766e-13, "faithfulness": 0.9999999999994879, "DeltaNOrbits": 2.2696890552478354e-08}