{"SMBHMASS": 600000.0, "SecondaryMass": 10, "PROCAMASS": 7e-18, "p0": 14.649999999999997, "e0": 0.2, "BHSpin": 1, "Trajectory Exit Reason": "Separatrix reached!", "mismatch": 3.451960939315768e-11, "faithfulness": 0.9999999999401162, "DeltaNOrbits": 2.7567921186149015e-07}