{"SMBHMASS": 300000.0, "SecondaryMass": 10, "PROCAMASS": 2e-17, "p0": 18.7, "e0": 0.7, "BHSpin": 1, "Trajectory Exit Reason": "Separatrix reached!", "mismatch": 3.9659346845355437e-05, "faithfulness": 0.9999577152798894, "DeltaNOrbits": 0.00018308327258079876}