{"SMBHMASS": 3000000.0, "SecondaryMass": 10, "PROCAMASS": 8e-18, "p0": 7.0, "e0": 0.1, "BHSpin": 1, "Trajectory Exit Reason": "Separatrix reached!", "mismatch": 0.9958198657536952, "faithfulness": 0.000387699051087743, "DeltaNOrbits": -236.58599237574973}