{"SMBHMASS": 700000.0, "SecondaryMass": 10, "PROCAMASS": 7e-18, "p0": 12.924, "e0": 0.7, "BHSpin": 1, "Trajectory Exit Reason": "Separatrix reached!", "mismatch": 4.173223322467834e-09, "faithfulness": 0.9999999932709208, "DeltaNOrbits": 2.4273259081625177e-06}