{"SMBHMASS": 800000.0, "SecondaryMass": 10, "PROCAMASS": 5e-18, "p0": 12.62, "e0": 0.5, "BHSpin": 1, "Trajectory Exit Reason": "Separatrix reached!", "mismatch": 5.7418514387563846e-12, "faithfulness": 0.9999999999912674, "DeltaNOrbits": 8.995379888349584e-08}