{"SMBHMASS": 3000000.0, "SecondaryMass": 10, "PROCAMASS": 3e-18, "p0": 6.9350000000000005, "e0": 0.4, "BHSpin": 1, "Trajectory Exit Reason": "Separatrix reached!", "mismatch": 8.910722000643467e-05, "faithfulness": 0.9996904652262351, "DeltaNOrbits": 2.2352916860146305e-06}