{"SMBHMASS": 1000000.0, "SecondaryMass": 10, "PROCAMASS": 5e-18, "p0": 10.685, "e0": 0.6, "BHSpin": 1, "Trajectory Exit Reason": "Separatrix reached!", "mismatch": 8.658473937828148e-10, "faithfulness": 0.9999999983699954, "DeltaNOrbits": 1.4268191804983912e-06}