{"SMBHMASS": 500000.0, "SecondaryMass": 10, "PROCAMASS": 9e-18, "p0": 15.5, "e0": 0.3, "BHSpin": 1, "Trajectory Exit Reason": "Separatrix reached!", "mismatch": 6.321698720057611e-10, "faithfulness": 0.9999999990147055, "DeltaNOrbits": 1.2308384786054608e-06}