{"SMBHMASS": 400000.0, "SecondaryMass": 10, "PROCAMASS": 8e-18, "p0": 17.0, "e0": 0.5, "BHSpin": 1, "Trajectory Exit Reason": "Separatrix reached!", "mismatch": 2.1371793224034263e-13, "faithfulness": 0.9999999999998725, "DeltaNOrbits": 6.929499646226044e-09}