{"SMBHMASS": 100000.0, "SecondaryMass": 10, "PROCAMASS": 1e-16, "p0": 34.2, "e0": 0.5, "BHSpin": 1, "Trajectory Exit Reason": "Separatrix reached!", "mismatch": 0.8618114673281451, "faithfulness": 0.08705508651359581, "DeltaNOrbits": 0.8644863983697887}