{"SMBHMASS": 900000.0, "SecondaryMass": 10, "PROCAMASS": 8e-18, "p0": 11.899999999999999, "e0": 0.3, "BHSpin": 1, "Trajectory Exit Reason": "Separatrix reached!", "mismatch": 7.812080773605956e-06, "faithfulness": 0.9999824258476953, "DeltaNOrbits": 0.0001253847752484237}