{"SMBHMASS": 700000.0, "SecondaryMass": 10, "PROCAMASS": 7e-18, "p0": 13.202, "e0": 0.6, "BHSpin": 1, "Trajectory Exit Reason": "Separatrix reached!", "mismatch": 2.022726430794819e-09, "faithfulness": 0.9999999965375695, "DeltaNOrbits": 1.808525295369316e-06}