{"SMBHMASS": 800000.0, "SecondaryMass": 10, "PROCAMASS": 5e-18, "p0": 12.899999999999999, "e0": 0.1, "BHSpin": 1, "Trajectory Exit Reason": "Separatrix reached!", "mismatch": 6.5565330942263245e-12, "faithfulness": 0.9999999999881494, "DeltaNOrbits": 1.0888949043013492e-07}