{"SMBHMASS": 2000000.0, "SecondaryMass": 10, "PROCAMASS": 6e-18, "p0": 9.0175, "e0": 0.2, "BHSpin": 1, "Trajectory Exit Reason": "Separatrix reached!", "mismatch": 0.5902199506475423, "faithfulness": -0.5191565568176537, "DeltaNOrbits": 0.010930410018091958}