{"SMBHMASS": 50000000.0, "SecondaryMass": 10, "PROCAMASS": 1e-19, "p0": 4.83, "e0": 0.2, "BHSpin": 1, "Trajectory Exit Reason": "Integration reached time boundary. Boundary location t = 1025137.18", "mismatch": 5.5844218138645374e-14, "faithfulness": 0.9999999577826407, "DeltaNOrbits": -1.7016877891258642e-08}