{"SMBHMASS": 800000.0, "SecondaryMass": 10, "PROCAMASS": 3e-17, "p0": 12.62, "e0": 0.5, "BHSpin": 1, "Trajectory Exit Reason": "Separatrix reached!", "mismatch": 0.9981672265887138, "faithfulness": -1.0408556959985304e-05, "DeltaNOrbits": 1816.5692019498463}