{"SMBHMASS": 1000000.0, "SecondaryMass": 10, "PROCAMASS": 8e-18, "p0": 10.47, "e0": 0.7, "BHSpin": 1, "Trajectory Exit Reason": "Separatrix reached!", "mismatch": 0.000506912137157034, "faithfulness": 0.999090786999251, "DeltaNOrbits": 0.0009843609101120871}