{"SMBHMASS": 3000000.0, "SecondaryMass": 10, "PROCAMASS": 2e-18, "p0": 7.0, "e0": 0.1, "BHSpin": 1, "Trajectory Exit Reason": "Separatrix reached!", "mismatch": 1.2631484747060995e-10, "faithfulness": 0.9999999997230488, "DeltaNOrbits": -1.558424089554925e-06}