{"SMBHMASS": 400000.0, "SecondaryMass": 10, "PROCAMASS": 7e-18, "p0": 17.0, "e0": 0.5, "BHSpin": 1, "Trajectory Exit Reason": "Separatrix reached!", "mismatch": 5.1181281435219717e-14, "faithfulness": 0.999999999999968, "DeltaNOrbits": 1.278437100506944e-09}