{"SMBHMASS": 300000.0, "SecondaryMass": 10, "PROCAMASS": 9e-18, "p0": 20.1, "e0": 0.1, "BHSpin": 1, "Trajectory Exit Reason": "Separatrix reached!", "mismatch": 7.249756350802272e-14, "faithfulness": 0.9999999999999738, "DeltaNOrbits": 1.167268656984601e-09}