{"SMBHMASS": 600000.0, "SecondaryMass": 10, "PROCAMASS": 9e-18, "p0": 14.469999999999999, "e0": 0.4, "BHSpin": 1, "Trajectory Exit Reason": "Separatrix reached!", "mismatch": 1.3534722342889438e-08, "faithfulness": 0.9999999756908868, "DeltaNOrbits": 5.693528891144635e-06}