{"SMBHMASS": 900000.0, "SecondaryMass": 10, "PROCAMASS": 2e-17, "p0": 11.288, "e0": 0.7, "BHSpin": 1, "Trajectory Exit Reason": "Separatrix reached!", "mismatch": 0.9848892874822244, "faithfulness": 0.00557755613450622, "DeltaNOrbits": 28.43347840468483}