{"SMBHMASS": 100000.0, "SecondaryMass": 10, "PROCAMASS": 6e-17, "p0": 33.35, "e0": 0.6, "BHSpin": 1, "Trajectory Exit Reason": "Separatrix reached!", "mismatch": 0.0073876721620881325, "faithfulness": 0.9962096991457725, "DeltaNOrbits": 0.0018640730909371599}