{"SMBHMASS": 600000.0, "SecondaryMass": 10, "PROCAMASS": 1e-17, "p0": 14.469999999999999, "e0": 0.4, "BHSpin": 1, "Trajectory Exit Reason": "Separatrix reached!", "mismatch": 8.753376887771225e-07, "faithfulness": 0.9999984451039028, "DeltaNOrbits": 4.444838613316878e-05}