{"SMBHMASS": 100000.0, "SecondaryMass": 10, "PROCAMASS": 4e-17, "p0": 33.35, "e0": 0.6, "BHSpin": 1, "Trajectory Exit Reason": "Separatrix reached!", "mismatch": 2.3089728573566504e-08, "faithfulness": 0.9999999881168951, "DeltaNOrbits": 3.269593620509549e-06}