{"SMBHMASS": 800000.0, "SecondaryMass": 10, "PROCAMASS": 5e-18, "p0": 12.71, "e0": 0.4, "BHSpin": 1, "Trajectory Exit Reason": "Separatrix reached!", "mismatch": 6.431633003955994e-12, "faithfulness": 0.9999999999891711, "DeltaNOrbits": 1.132065316535859e-07}