{"SMBHMASS": 400000.0, "SecondaryMass": 10, "PROCAMASS": 2e-17, "p0": 17.0, "e0": 0.5, "BHSpin": 1, "Trajectory Exit Reason": "Separatrix reached!", "mismatch": 0.0048747428434148254, "faithfulness": 0.9933464507831379, "DeltaNOrbits": 0.002895067801293437}