{"SMBHMASS": 500000.0, "SecondaryMass": 10, "PROCAMASS": 8e-18, "p0": 14.56, "e0": 0.7, "BHSpin": 1, "Trajectory Exit Reason": "Separatrix reached!", "mismatch": 1.4343415344342247e-11, "faithfulness": 0.9999999999829603, "DeltaNOrbits": 1.194690206386779e-07}