{"SMBHMASS": 500000.0, "SecondaryMass": 10, "PROCAMASS": 8e-18, "p0": 15.350000000000001, "e0": 0.4, "BHSpin": 1, "Trajectory Exit Reason": "Separatrix reached!", "mismatch": 2.1973756147986023e-11, "faithfulness": 0.9999999999701503, "DeltaNOrbits": 2.0592101355121993e-07}