{"SMBHMASS": 700000.0, "SecondaryMass": 10, "PROCAMASS": 9e-18, "p0": 13.799999999999999, "e0": 0.1, "BHSpin": 1, "Trajectory Exit Reason": "Separatrix reached!", "mismatch": 3.1419506978380696e-06, "faithfulness": 0.9999931279169286, "DeltaNOrbits": 9.292138489910303e-05}