{"SMBHMASS": 1000000.0, "SecondaryMass": 10, "PROCAMASS": 7e-18, "p0": 10.47, "e0": 0.7, "BHSpin": 1, "Trajectory Exit Reason": "Separatrix reached!", "mismatch": 7.998382107299307e-06, "faithfulness": 0.9999857266501311, "DeltaNOrbits": 0.00012134603495929394}