{"SMBHMASS": 1000000.0, "SecondaryMass": 10, "PROCAMASS": 9e-18, "p0": 10.685, "e0": 0.6, "BHSpin": 1, "Trajectory Exit Reason": "Separatrix reached!", "mismatch": 0.008737764737532627, "faithfulness": 0.9832581409344803, "DeltaNOrbits": 0.004534073550724374}