{"SMBHMASS": 1000000.0, "SecondaryMass": 10, "PROCAMASS": 3e-18, "p0": 10.685, "e0": 0.6, "BHSpin": 1, "Trajectory Exit Reason": "Separatrix reached!", "mismatch": 3.042011087472929e-14, "faithfulness": 0.9999999999999765, "DeltaNOrbits": 1.463717839710849e-09}