{"SMBHMASS": 100000.0, "SecondaryMass": 10, "PROCAMASS": 8e-17, "p0": 34.8, "e0": 0.3, "BHSpin": 1, "Trajectory Exit Reason": "Separatrix reached!", "mismatch": 0.41023540988964957, "faithfulness": 0.5629871559641764, "DeltaNOrbits": 0.05214373960166176}