{"SMBHMASS": 70000000.0, "SecondaryMass": 10, "PROCAMASS": 1e-19, "p0": 4.46, "e0": 0.7, "BHSpin": 1, "Trajectory Exit Reason": "Integration reached time boundary. Boundary location t = 732240.84", "mismatch": 6.945455321982763e-11, "faithfulness": 0.999989587840577, "DeltaNOrbits": 1.413709410195095e-07}