{"SMBHMASS": 500000.0, "SecondaryMass": 10, "PROCAMASS": 8e-18, "p0": 15.5, "e0": 0.3, "BHSpin": 1, "Trajectory Exit Reason": "Separatrix reached!", "mismatch": 6.1315397203998145e-12, "faithfulness": 0.9999999999919652, "DeltaNOrbits": 1.0523945986781799e-07}