{"SMBHMASS": 400000.0, "SecondaryMass": 10, "PROCAMASS": 4e-17, "p0": 16.625, "e0": 0.6, "BHSpin": 1, "Trajectory Exit Reason": "Separatrix reached!", "mismatch": 0.9734275167075757, "faithfulness": 0.011901595568276727, "DeltaNOrbits": 16.30702083919986}