{"SMBHMASS": 30000000.0, "SecondaryMass": 10, "PROCAMASS": 3e-19, "p0": 4.83, "e0": 0.1, "BHSpin": 1, "Trajectory Exit Reason": "Integration reached time boundary. Boundary location t = 1708561.96", "mismatch": 5.952853704416228e-07, "faithfulness": 0.9999519615133656, "DeltaNOrbits": -9.189803074028581e-05}