{"SMBHMASS": 400000.0, "SecondaryMass": 10, "PROCAMASS": 7e-18, "p0": 16.25, "e0": 0.7, "BHSpin": 1, "Trajectory Exit Reason": "Separatrix reached!", "mismatch": 4.618527782440651e-14, "faithfulness": 0.9999999999999744, "DeltaNOrbits": 1.9083916138002206e-09}