{"SMBHMASS": 900000.0, "SecondaryMass": 10, "PROCAMASS": 7e-18, "p0": 11.899999999999999, "e0": 0.3, "BHSpin": 1, "Trajectory Exit Reason": "Separatrix reached!", "mismatch": 9.348837585188008e-07, "faithfulness": 0.9999978769942665, "DeltaNOrbits": 5.1328916080023234e-05}