{"SMBHMASS": 300000.0, "SecondaryMass": 10, "PROCAMASS": 4e-17, "p0": 19.6, "e0": 0.5, "BHSpin": 1, "Trajectory Exit Reason": "Separatrix reached!", "mismatch": 0.9019631937310049, "faithfulness": 0.04253486950640391, "DeltaNOrbits": 1.439091957624368}