{"SMBHMASS": 200000.0, "SecondaryMass": 10, "PROCAMASS": 4e-17, "p0": 27.6, "e0": 0.1, "BHSpin": 1, "Trajectory Exit Reason": "Separatrix reached!", "mismatch": 0.3850804318188775, "faithfulness": 0.4261621931248774, "DeltaNOrbits": 0.04959223083440603}