{"SMBHMASS": 50000000.0, "SecondaryMass": 10, "PROCAMASS": 3e-19, "p0": 4.46, "e0": 0.7, "BHSpin": 1, "Trajectory Exit Reason": "Integration reached time boundary. Boundary location t = 1025137.18", "mismatch": 0.5838441568872988, "faithfulness": 0.5701570270899956, "DeltaNOrbits": 0.2886545986595423}