{"SMBHMASS": 700000.0, "SecondaryMass": 10, "PROCAMASS": 9e-18, "p0": 13.749999999999996, "e0": 0.2, "BHSpin": 1, "Trajectory Exit Reason": "Separatrix reached!", "mismatch": 4.4639105700738924e-07, "faithfulness": 0.9999990349882385, "DeltaNOrbits": 3.470408296888309e-05}