{"SMBHMASS": 3000000.0, "SecondaryMass": 10, "PROCAMASS": 5e-18, "p0": 6.984999999999999, "e0": 0.2, "BHSpin": 1, "Trajectory Exit Reason": "Separatrix reached!", "mismatch": 1.0076729443424528, "faithfulness": -0.5702667428568815, "DeltaNOrbits": -0.2572177767714127}