{"SMBHMASS": 800000.0, "SecondaryMass": 10, "PROCAMASS": 6e-18, "p0": 12.71, "e0": 0.4, "BHSpin": 1, "Trajectory Exit Reason": "Separatrix reached!", "mismatch": 2.296351997443935e-10, "faithfulness": 0.9999999995390576, "DeltaNOrbits": 7.698970556139862e-07}