{"SMBHMASS": 600000.0, "SecondaryMass": 10, "PROCAMASS": 7e-18, "p0": 14.041, "e0": 0.6, "BHSpin": 1, "Trajectory Exit Reason": "Separatrix reached!", "mismatch": 4.29921653832821e-11, "faithfulness": 0.9999999999374856, "DeltaNOrbits": 2.5442751107480223e-07}