{"SMBHMASS": 600000.0, "SecondaryMass": 10, "PROCAMASS": 3e-17, "p0": 14.599999999999998, "e0": 0.3, "BHSpin": 1, "Trajectory Exit Reason": "Separatrix reached!", "mismatch": 0.9898182851169264, "faithfulness": 0.0020664843349250477, "DeltaNOrbits": 121.80336228751536}