{"SMBHMASS": 800000.0, "SecondaryMass": 10, "PROCAMASS": 9e-18, "p0": 12.799999999999999, "e0": 0.3, "BHSpin": 1, "Trajectory Exit Reason": "Separatrix reached!", "mismatch": 4.5334231131510805e-05, "faithfulness": 0.999900704451277, "DeltaNOrbits": 0.0003466547972686996}