{"SMBHMASS": 90000000.0, "SecondaryMass": 10, "PROCAMASS": 1e-19, "p0": 4.83, "e0": 0.2, "BHSpin": 1, "Trajectory Exit Reason": "Integration reached time boundary. Boundary location t = 569520.65", "mismatch": 5.5091306960797226e-08, "faithfulness": 0.990530313324996, "DeltaNOrbits": -2.6080443407644502e-05}