{"SMBHMASS": 2000000.0, "SecondaryMass": 10, "PROCAMASS": 8e-18, "p0": 9.0175, "e0": 0.2, "BHSpin": 1, "Trajectory Exit Reason": "Separatrix reached!", "mismatch": 0.976476490401796, "faithfulness": 0.0014651083800766899, "DeltaNOrbits": 3.0574953722558673}