{"SMBHMASS": 100000.0, "SecondaryMass": 10, "PROCAMASS": 7e-17, "p0": 34.2, "e0": 0.5, "BHSpin": 1, "Trajectory Exit Reason": "Separatrix reached!", "mismatch": 0.07511540357503665, "faithfulness": 0.9587431086446799, "DeltaNOrbits": 0.007587447911428382}