{"SMBHMASS": 300000.0, "SecondaryMass": 10, "PROCAMASS": 7e-17, "p0": 20.05, "e0": 0.2, "BHSpin": 1, "Trajectory Exit Reason": "Separatrix reached!", "mismatch": 0.9978433188064557, "faithfulness": 0.0008202030012516448, "DeltaNOrbits": 3348.3056272843883}