{"SMBHMASS": 1000000.0, "SecondaryMass": 10, "PROCAMASS": 9e-18, "p0": 10.9, "e0": 0.5, "BHSpin": 1, "Trajectory Exit Reason": "Separatrix reached!", "mismatch": 0.0017893517668062797, "faithfulness": 0.9963603209568067, "DeltaNOrbits": 0.0019447393499986926}