{"SMBHMASS": 100000.0, "SecondaryMass": 10, "PROCAMASS": 9e-17, "p0": 35.1, "e0": 0.1, "BHSpin": 1, "Trajectory Exit Reason": "Separatrix reached!", "mismatch": 0.7537409947849647, "faithfulness": 0.16782866609731661, "DeltaNOrbits": 1.3463416851204542}