{"SMBHMASS": 800000.0, "SecondaryMass": 10, "PROCAMASS": 8e-18, "p0": 12.363, "e0": 0.6, "BHSpin": 1, "Trajectory Exit Reason": "Separatrix reached!", "mismatch": 1.2774349599231627e-06, "faithfulness": 0.9999976558389684, "DeltaNOrbits": 4.991005470727365e-05}