{"SMBHMASS": 700000.0, "SecondaryMass": 10, "PROCAMASS": 1e-17, "p0": 13.749999999999996, "e0": 0.2, "BHSpin": 1, "Trajectory Exit Reason": "Separatrix reached!", "mismatch": 3.7505988067620954e-05, "faithfulness": 0.999919983648781, "DeltaNOrbits": 0.00031552783689125667}