{"SMBHMASS": 80000000.0, "SecondaryMass": 10, "PROCAMASS": 4e-19, "p0": 4.83, "e0": 0.3, "BHSpin": 1, "Trajectory Exit Reason": "Integration reached time boundary. Boundary location t = 640710.74", "mismatch": 0.9927668948202736, "faithfulness": 0.009769442743822094, "DeltaNOrbits": -208.8312527340273}