{"SMBHMASS": 1000000.0, "SecondaryMass": 10, "PROCAMASS": 1e-17, "p0": 11.05, "e0": 0.2, "BHSpin": 1, "Trajectory Exit Reason": "Separatrix reached!", "mismatch": 0.12145191618516071, "faithfulness": 0.7163389059064809, "DeltaNOrbits": 0.01994602191468002}