{"SMBHMASS": 400000.0, "SecondaryMass": 10, "PROCAMASS": 1e-17, "p0": 16.25, "e0": 0.7, "BHSpin": 1, "Trajectory Exit Reason": "Separatrix reached!", "mismatch": 4.403466480340512e-11, "faithfulness": 0.9999999999492228, "DeltaNOrbits": 2.0762559635189587e-07}