{"SMBHMASS": 2000000.0, "SecondaryMass": 10, "PROCAMASS": 8e-18, "p0": 8.985, "e0": 0.3, "BHSpin": 1, "Trajectory Exit Reason": "Separatrix reached!", "mismatch": 0.9764893464019732, "faithfulness": 0.0019574074912435393, "DeltaNOrbits": 4.5892592794725005}