{"SMBHMASS": 200000.0, "SecondaryMass": 10, "PROCAMASS": 4e-17, "p0": 27.5, "e0": 0.2, "BHSpin": 1, "Trajectory Exit Reason": "Separatrix reached!", "mismatch": 0.22633150281702408, "faithfulness": 0.6818033884508478, "DeltaNOrbits": 0.024723456222774807}