{"SMBHMASS": 800000.0, "SecondaryMass": 10, "PROCAMASS": 1e-17, "p0": 12.106, "e0": 0.7, "BHSpin": 1, "Trajectory Exit Reason": "Separatrix reached!", "mismatch": 0.0005539445218388783, "faithfulness": 0.9990487582990407, "DeltaNOrbits": 0.0009400858170542956}