{"SMBHMASS": 800000.0, "SecondaryMass": 10, "PROCAMASS": 7e-18, "p0": 12.62, "e0": 0.5, "BHSpin": 1, "Trajectory Exit Reason": "Separatrix reached!", "mismatch": 1.6592552665173343e-08, "faithfulness": 0.9999999660195318, "DeltaNOrbits": 5.204739773050813e-06}