{"SMBHMASS": 100000.0, "SecondaryMass": 10, "PROCAMASS": 7e-17, "p0": 34.8, "e0": 0.3, "BHSpin": 1, "Trajectory Exit Reason": "Separatrix reached!", "mismatch": 0.10261069346989904, "faithfulness": 0.9385093968750052, "DeltaNOrbits": 0.010757940033870386}