{"SMBHMASS": 400000.0, "SecondaryMass": 10, "PROCAMASS": 9e-18, "p0": 17.0, "e0": 0.5, "BHSpin": 1, "Trajectory Exit Reason": "Separatrix reached!", "mismatch": 2.675970556254015e-12, "faithfulness": 0.9999999999973311, "DeltaNOrbits": 5.6158592052703584e-08}