{"SMBHMASS": 800000.0, "SecondaryMass": 10, "PROCAMASS": 9e-18, "p0": 12.849999999999998, "e0": 0.2, "BHSpin": 1, "Trajectory Exit Reason": "Separatrix reached!", "mismatch": 7.192861921545557e-05, "faithfulness": 0.9998361222572023, "DeltaNOrbits": 0.00041617214914607865}