{"SMBHMASS": 600000.0, "SecondaryMass": 10, "PROCAMASS": 8e-18, "p0": 14.469999999999999, "e0": 0.4, "BHSpin": 1, "Trajectory Exit Reason": "Separatrix reached!", "mismatch": 7.034751670076389e-10, "faithfulness": 0.999999998762483, "DeltaNOrbits": 1.277010438815074e-06}