{"SMBHMASS": 200000.0, "SecondaryMass": 10, "PROCAMASS": 6e-17, "p0": 26.900000000000002, "e0": 0.5, "BHSpin": 1, "Trajectory Exit Reason": "Separatrix reached!", "mismatch": 0.9469170530429546, "faithfulness": 0.021313415418952753, "DeltaNOrbits": 5.120177643678152}