{"SMBHMASS": 700000.0, "SecondaryMass": 10, "PROCAMASS": 4e-18, "p0": 13.479999999999999, "e0": 0.5, "BHSpin": 1, "Trajectory Exit Reason": "Separatrix reached!", "mismatch": 7.838174553853605e-14, "faithfulness": 0.9999999999999365, "DeltaNOrbits": -7.596510307360102e-10}