{"SMBHMASS": 30000000.0, "SecondaryMass": 10, "PROCAMASS": 5e-19, "p0": 4.609999999999999, "e0": 0.6, "BHSpin": 1, "Trajectory Exit Reason": "Integration reached time boundary. Boundary location t = 1708561.96", "mismatch": 0.6714851162750526, "faithfulness": 0.21496781355526237, "DeltaNOrbits": -0.08950518382447015}