{"SMBHMASS": 40000000.0, "SecondaryMass": 10, "PROCAMASS": 2e-19, "p0": 4.76, "e0": 0.5, "BHSpin": 1, "Trajectory Exit Reason": "Integration reached time boundary. Boundary location t = 1281421.47", "mismatch": 1.909535618516145e-08, "faithfulness": 0.9999975354843333, "DeltaNOrbits": -9.58119589754601e-06}