{"SMBHMASS": 700000.0, "SecondaryMass": 10, "PROCAMASS": 8e-18, "p0": 13.479999999999999, "e0": 0.5, "BHSpin": 1, "Trajectory Exit Reason": "Separatrix reached!", "mismatch": 3.493987577041224e-08, "faithfulness": 0.9999999351508772, "DeltaNOrbits": 9.756531693073146e-06}