{"SMBHMASS": 900000.0, "SecondaryMass": 10, "PROCAMASS": 5e-18, "p0": 11.523999999999997, "e0": 0.6, "BHSpin": 1, "Trajectory Exit Reason": "Separatrix reached!", "mismatch": 6.647971062534452e-11, "faithfulness": 0.9999999998852451, "DeltaNOrbits": 3.6846780605480573e-07}