{"SMBHMASS": 7000000.0, "SecondaryMass": 10, "PROCAMASS": 4e-18, "p0": 5.307, "e0": 0.2, "BHSpin": 1, "Trajectory Exit Reason": "Separatrix reached!", "mismatch": 0.9962548014115402, "faithfulness": 0.0016111407960211369, "DeltaNOrbits": -547.0807670486491}