{"SMBHMASS": 1000000.0, "SecondaryMass": 10, "PROCAMASS": 3e-18, "p0": 11.1, "e0": 0.1, "BHSpin": 1, "Trajectory Exit Reason": "Separatrix reached!", "mismatch": 4.993783164763954e-13, "faithfulness": 0.999999999999532, "DeltaNOrbits": 3.075660270784822e-09}