{"SMBHMASS": 600000.0, "SecondaryMass": 10, "PROCAMASS": 8e-18, "p0": 13.741999999999999, "e0": 0.7, "BHSpin": 1, "Trajectory Exit Reason": "Separatrix reached!", "mismatch": 1.0464755728634145e-09, "faithfulness": 0.9999999984300819, "DeltaNOrbits": 1.2774180564413225e-06}