{"SMBHMASS": 400000.0, "SecondaryMass": 10, "PROCAMASS": 8e-18, "p0": 17.35, "e0": 0.2, "BHSpin": 1, "Trajectory Exit Reason": "Separatrix reached!", "mismatch": 7.882583474838611e-14, "faithfulness": 0.9999999999999402, "DeltaNOrbits": 5.391669510833633e-09}