{"SMBHMASS": 300000.0, "SecondaryMass": 10, "PROCAMASS": 1e-17, "p0": 19.800000000000004, "e0": 0.4, "BHSpin": 1, "Trajectory Exit Reason": "Separatrix reached!", "mismatch": 1.730837695390619e-13, "faithfulness": 0.9999999999998946, "DeltaNOrbits": 9.097284294911732e-09}