{"SMBHMASS": 700000.0, "SecondaryMass": 10, "PROCAMASS": 7e-18, "p0": 13.202, "e0": 0.6, "BHSpin": 1, "Trajectory Exit Reason": "Separatrix reached!", "mismatch": 6.914204764285614e-10, "faithfulness": 0.9999999988146249, "DeltaNOrbits": 1.1019571964152246e-06}