{"SMBHMASS": 900000.0, "SecondaryMass": 10, "PROCAMASS": 7e-18, "p0": 11.288, "e0": 0.7, "BHSpin": 1, "Trajectory Exit Reason": "Separatrix reached!", "mismatch": 6.116455583127234e-07, "faithfulness": 0.9999989224705852, "DeltaNOrbits": 3.164070681110749e-05}