{"SMBHMASS": 200000.0, "SecondaryMass": 10, "PROCAMASS": 2e-17, "p0": 27.6, "e0": 0.1, "BHSpin": 1, "Trajectory Exit Reason": "Separatrix reached!", "mismatch": 1.995032250512452e-09, "faithfulness": 0.9999999978039404, "DeltaNOrbits": 1.5499104395885054e-06}