{"SMBHMASS": 800000.0, "SecondaryMass": 10, "PROCAMASS": 5e-18, "p0": 12.849999999999998, "e0": 0.2, "BHSpin": 1, "Trajectory Exit Reason": "Separatrix reached!", "mismatch": 1.1269873922969964e-12, "faithfulness": 0.9999999999982453, "DeltaNOrbits": 3.614827221868185e-08}