{"SMBHMASS": 600000.0, "SecondaryMass": 10, "PROCAMASS": 6e-18, "p0": 14.649999999999997, "e0": 0.2, "BHSpin": 1, "Trajectory Exit Reason": "Separatrix reached!", "mismatch": 1.8920420785661918e-12, "faithfulness": 0.9999999999976313, "DeltaNOrbits": 4.917350818471637e-08}