{"SMBHMASS": 700000.0, "SecondaryMass": 10, "PROCAMASS": 5e-18, "p0": 12.924, "e0": 0.7, "BHSpin": 1, "Trajectory Exit Reason": "Separatrix reached!", "mismatch": 5.652145418366672e-13, "faithfulness": 0.9999999999995025, "DeltaNOrbits": 1.5850767238894065e-08}