{"SMBHMASS": 800000.0, "SecondaryMass": 10, "PROCAMASS": 6e-18, "p0": 12.799999999999999, "e0": 0.3, "BHSpin": 1, "Trajectory Exit Reason": "Separatrix reached!", "mismatch": 7.936127310870233e-10, "faithfulness": 0.9999999982994375, "DeltaNOrbits": 1.422585515607582e-06}