{"SMBHMASS": 90000000.0, "SecondaryMass": 10, "PROCAMASS": 1e-19, "p0": 4.83, "e0": 0.2, "BHSpin": 1, "Trajectory Exit Reason": "Integration reached time boundary. Boundary location t = 569520.65", "mismatch": 1.2579828623238143e-08, "faithfulness": 0.9806552195843417, "DeltaNOrbits": -1.0617046084217902e-05}