{"SMBHMASS": 700000.0, "SecondaryMass": 10, "PROCAMASS": 8e-18, "p0": 12.924, "e0": 0.7, "BHSpin": 1, "Trajectory Exit Reason": "Separatrix reached!", "mismatch": 7.039057015045813e-08, "faithfulness": 0.999999885092443, "DeltaNOrbits": 9.789928546314649e-06}