{"SMBHMASS": 40000000.0, "SecondaryMass": 10, "PROCAMASS": 4e-19, "p0": 4.83, "e0": 0.3, "BHSpin": 1, "Trajectory Exit Reason": "Integration reached time boundary. Boundary location t = 1281421.47", "mismatch": 0.7208196198102204, "faithfulness": 0.26466391273937667, "DeltaNOrbits": -0.1359779034038036}