{"SMBHMASS": 800000.0, "SecondaryMass": 10, "PROCAMASS": 9e-18, "p0": 12.106, "e0": 0.7, "BHSpin": 1, "Trajectory Exit Reason": "Separatrix reached!", "mismatch": 9.997875513023669e-05, "faithfulness": 0.9998286501741526, "DeltaNOrbits": 0.0003971337842778097}