{"SMBHMASS": 500000.0, "SecondaryMass": 10, "PROCAMASS": 7e-18, "p0": 14.56, "e0": 0.7, "BHSpin": 1, "Trajectory Exit Reason": "Separatrix reached!", "mismatch": 1.826871987020695e-12, "faithfulness": 0.9999999999983775, "DeltaNOrbits": 3.2164736325797895e-08}