{"SMBHMASS": 800000.0, "SecondaryMass": 10, "PROCAMASS": 1e-17, "p0": 12.899999999999999, "e0": 0.1, "BHSpin": 1, "Trajectory Exit Reason": "Separatrix reached!", "mismatch": 0.0006085183613153688, "faithfulness": 0.9985809857938862, "DeltaNOrbits": 0.0012974222620109504}