{"SMBHMASS": 700000.0, "SecondaryMass": 10, "PROCAMASS": 5e-18, "p0": 12.924, "e0": 0.7, "BHSpin": 1, "Trajectory Exit Reason": "Separatrix reached!", "mismatch": 9.072742557236779e-13, "faithfulness": 0.9999999999991331, "DeltaNOrbits": 2.2307801000150153e-08}