{"SMBHMASS": 300000.0, "SecondaryMass": 10, "PROCAMASS": 1e-17, "p0": 19.6, "e0": 0.5, "BHSpin": 1, "Trajectory Exit Reason": "Separatrix reached!", "mismatch": 6.705747068735946e-14, "faithfulness": 0.9999999999999591, "DeltaNOrbits": 4.946995736744261e-09}