{"SMBHMASS": 800000.0, "SecondaryMass": 10, "PROCAMASS": 8e-18, "p0": 12.899999999999999, "e0": 0.1, "BHSpin": 1, "Trajectory Exit Reason": "Separatrix reached!", "mismatch": 3.1400593083485973e-06, "faithfulness": 0.9999926217555912, "DeltaNOrbits": 9.331338335903673e-05}