{"SMBHMASS": 700000.0, "SecondaryMass": 10, "PROCAMASS": 6e-18, "p0": 12.924, "e0": 0.7, "BHSpin": 1, "Trajectory Exit Reason": "Separatrix reached!", "mismatch": 6.692157938914534e-11, "faithfulness": 0.9999999998996939, "DeltaNOrbits": 2.9242859068552314e-07}