{"SMBHMASS": 200000.0, "SecondaryMass": 10, "PROCAMASS": 3e-17, "p0": 27.6, "e0": 0.1, "BHSpin": 1, "Trajectory Exit Reason": "Separatrix reached!", "mismatch": 0.0001830733441468002, "faithfulness": 0.9997963734776896, "DeltaNOrbits": 0.00047313526722455343}