{"SMBHMASS": 90000000.0, "SecondaryMass": 10, "PROCAMASS": 4e-19, "p0": 4.83, "e0": 0.2, "BHSpin": 1, "Trajectory Exit Reason": "Integration reached time boundary. Boundary location t = 569520.65", "mismatch": 0.991468649031118, "faithfulness": 0.9475236041923297, "DeltaNOrbits": -1213.964251000139}