{"SMBHMASS": 1000000.0, "SecondaryMass": 10, "PROCAMASS": 6e-18, "p0": 10.685, "e0": 0.6, "BHSpin": 1, "Trajectory Exit Reason": "Separatrix reached!", "mismatch": 1.5445549228498834e-07, "faithfulness": 0.9999997020267639, "DeltaNOrbits": 1.9378141951858007e-05}