{"SMBHMASS": 20000000.0, "SecondaryMass": 10, "PROCAMASS": 4e-19, "p0": 4.609999999999999, "e0": 0.6, "BHSpin": 1, "Trajectory Exit Reason": "Integration reached time boundary. Boundary location t = 2562842.94", "mismatch": 9.459649064069708e-08, "faithfulness": 0.9999995040218269, "DeltaNOrbits": -1.8170535361939476e-05}