{"SMBHMASS": 600000.0, "SecondaryMass": 10, "PROCAMASS": 5e-18, "p0": 14.649999999999997, "e0": 0.2, "BHSpin": 1, "Trajectory Exit Reason": "Separatrix reached!", "mismatch": 1.1757261830780408e-13, "faithfulness": 0.9999999999999206, "DeltaNOrbits": 1.9825039094817825e-09}