{"SMBHMASS": 500000.0, "SecondaryMass": 10, "PROCAMASS": 7e-18, "p0": 14.879999999999999, "e0": 0.6, "BHSpin": 1, "Trajectory Exit Reason": "Separatrix reached!", "mismatch": 7.144285163462882e-13, "faithfulness": 0.999999999999387, "DeltaNOrbits": 2.1122004269245162e-08}