{"SMBHMASS": 400000.0, "SecondaryMass": 10, "PROCAMASS": 3e-17, "p0": 16.625, "e0": 0.6, "BHSpin": 1, "Trajectory Exit Reason": "Separatrix reached!", "mismatch": 0.9065686857502193, "faithfulness": 0.040437953768184605, "DeltaNOrbits": 1.1972394516718843}