{"SMBHMASS": 900000.0, "SecondaryMass": 10, "PROCAMASS": 9e-18, "p0": 11.288, "e0": 0.7, "BHSpin": 1, "Trajectory Exit Reason": "Separatrix reached!", "mismatch": 0.0006869625400467427, "faithfulness": 0.9987896472390718, "DeltaNOrbits": 0.001057517379516244}