{"SMBHMASS": 400000.0, "SecondaryMass": 10, "PROCAMASS": 9e-18, "p0": 16.25, "e0": 0.7, "BHSpin": 1, "Trajectory Exit Reason": "Separatrix reached!", "mismatch": 5.870304242705515e-12, "faithfulness": 0.99999999999421, "DeltaNOrbits": 6.60711116001125e-08}