{"SMBHMASS": 700000.0, "SecondaryMass": 10, "PROCAMASS": 9e-18, "p0": 13.799999999999999, "e0": 0.1, "BHSpin": 1, "Trajectory Exit Reason": "Separatrix reached!", "mismatch": 4.369286247252191e-07, "faithfulness": 0.9999990315959008, "DeltaNOrbits": 3.994989948181541e-05}