{"SMBHMASS": 20000000.0, "SecondaryMass": 10, "PROCAMASS": 8e-19, "p0": 4.76, "e0": 0.5, "BHSpin": 1, "Trajectory Exit Reason": "Integration reached time boundary. Boundary location t = 2562842.94", "mismatch": 0.6914932789516002, "faithfulness": 0.16122595229378783, "DeltaNOrbits": -0.07612772905972456}