{"SMBHMASS": 900000.0, "SecondaryMass": 10, "PROCAMASS": 4e-18, "p0": 11.830000000000002, "e0": 0.4, "BHSpin": 1, "Trajectory Exit Reason": "Separatrix reached!", "mismatch": 4.568567746332519e-13, "faithfulness": 0.9999999999995551, "DeltaNOrbits": 1.4470425731824975e-08}