{"SMBHMASS": 400000.0, "SecondaryMass": 10, "PROCAMASS": 2e-17, "p0": 17.35, "e0": 0.2, "BHSpin": 1, "Trajectory Exit Reason": "Separatrix reached!", "mismatch": 0.007193729926758707, "faithfulness": 0.9895089211061543, "DeltaNOrbits": 0.003986334280528522}