{"SMBHMASS": 100000.0, "SecondaryMass": 10, "PROCAMASS": 4e-17, "p0": 35.1, "e0": 0.1, "BHSpin": 1, "Trajectory Exit Reason": "Separatrix reached!", "mismatch": 1.3623892347602862e-08, "faithfulness": 0.9999999932145057, "DeltaNOrbits": 3.3825963433500105e-06}