{"SMBHMASS": 200000.0, "SecondaryMass": 10, "PROCAMASS": 3e-17, "p0": 26.250000000000004, "e0": 0.6, "BHSpin": 1, "Trajectory Exit Reason": "Separatrix reached!", "mismatch": 0.0008078384857165277, "faithfulness": 0.9992436973878566, "DeltaNOrbits": 0.0007190330830209212}