{"SMBHMASS": 900000.0, "SecondaryMass": 10, "PROCAMASS": 7e-18, "p0": 11.999999999999998, "e0": 0.1, "BHSpin": 1, "Trajectory Exit Reason": "Separatrix reached!", "mismatch": 9.032571350875429e-07, "faithfulness": 0.9999977907192537, "DeltaNOrbits": 5.04165010798136e-05}