{"SMBHMASS": 500000.0, "SecondaryMass": 10, "PROCAMASS": 9e-18, "p0": 15.6, "e0": 0.1, "BHSpin": 1, "Trajectory Exit Reason": "Separatrix reached!", "mismatch": 1.4231427147848308e-10, "faithfulness": 0.9999999997678966, "DeltaNOrbits": 6.03255558773994e-07}