{"SMBHMASS": 300000.0, "SecondaryMass": 10, "PROCAMASS": 1e-17, "p0": 19.800000000000004, "e0": 0.4, "BHSpin": 1, "Trajectory Exit Reason": "Separatrix reached!", "mismatch": 9.747758156208874e-14, "faithfulness": 0.9999999999999508, "DeltaNOrbits": 3.983535892883956e-09}