{"SMBHMASS": 40000000.0, "SecondaryMass": 10, "PROCAMASS": 1e-19, "p0": 4.83, "e0": 0.2, "BHSpin": 1, "Trajectory Exit Reason": "Integration reached time boundary. Boundary location t = 1281421.47", "mismatch": -3.3306690738754696e-15, "faithfulness": 0.9999999985127639, "DeltaNOrbits": -6.646946518940089e-10}