{"SMBHMASS": 200000.0, "SecondaryMass": 10, "PROCAMASS": 2e-17, "p0": 27.4, "e0": 0.3, "BHSpin": 1, "Trajectory Exit Reason": "Separatrix reached!", "mismatch": 6.550602282828777e-09, "faithfulness": 0.9999999933615111, "DeltaNOrbits": 2.5823317745805044e-06}