{"SMBHMASS": 500000.0, "SecondaryMass": 10, "PROCAMASS": 1e-17, "p0": 15.549999999999999, "e0": 0.2, "BHSpin": 1, "Trajectory Exit Reason": "Separatrix reached!", "mismatch": 2.0478639894960793e-09, "faithfulness": 0.9999999965943117, "DeltaNOrbits": 2.2770817567420712e-06}