{"SMBHMASS": 400000.0, "SecondaryMass": 10, "PROCAMASS": 9e-18, "p0": 16.25, "e0": 0.7, "BHSpin": 1, "Trajectory Exit Reason": "Separatrix reached!", "mismatch": 3.381739333008227e-12, "faithfulness": 0.9999999999967519, "DeltaNOrbits": 4.746892538404044e-08}