{"SMBHMASS": 900000.0, "SecondaryMass": 10, "PROCAMASS": 6e-18, "p0": 11.899999999999999, "e0": 0.3, "BHSpin": 1, "Trajectory Exit Reason": "Separatrix reached!", "mismatch": 9.160433966926007e-09, "faithfulness": 0.999999979339996, "DeltaNOrbits": 5.029908867538009e-06}