{"SMBHMASS": 3000000.0, "SecondaryMass": 10, "PROCAMASS": 8e-18, "p0": 6.97, "e0": 0.3, "BHSpin": 1, "Trajectory Exit Reason": "Separatrix reached!", "mismatch": 0.9900337305429537, "faithfulness": 0.009553417956848508, "DeltaNOrbits": -47.32137109679623}