{"SMBHMASS": 600000.0, "SecondaryMass": 10, "PROCAMASS": 7e-18, "p0": 14.7, "e0": 0.1, "BHSpin": 1, "Trajectory Exit Reason": "Separatrix reached!", "mismatch": 1.2428835738376165e-11, "faithfulness": 0.9999999999785916, "DeltaNOrbits": 1.662153511398231e-07}