{"SMBHMASS": 600000.0, "SecondaryMass": 10, "PROCAMASS": 1e-17, "p0": 14.339999999999998, "e0": 0.5, "BHSpin": 1, "Trajectory Exit Reason": "Separatrix reached!", "mismatch": 4.159267567027669e-07, "faithfulness": 0.9999992880294043, "DeltaNOrbits": 3.138216606762236e-05}