{"SMBHMASS": 700000.0, "SecondaryMass": 10, "PROCAMASS": 5e-18, "p0": 13.479999999999999, "e0": 0.5, "BHSpin": 1, "Trajectory Exit Reason": "Separatrix reached!", "mismatch": 8.859579736508749e-13, "faithfulness": 0.9999999999990897, "DeltaNOrbits": 2.2493081739354057e-08}