{"SMBHMASS": 500000.0, "SecondaryMass": 10, "PROCAMASS": 6e-18, "p0": 15.5, "e0": 0.3, "BHSpin": 1, "Trajectory Exit Reason": "Separatrix reached!", "mismatch": 1.4818146709671964e-12, "faithfulness": 0.9999999999991525, "DeltaNOrbits": 7.466813789917368e-09}