{"SMBHMASS": 800000.0, "SecondaryMass": 10, "PROCAMASS": 6e-18, "p0": 12.899999999999999, "e0": 0.1, "BHSpin": 1, "Trajectory Exit Reason": "Separatrix reached!", "mismatch": 6.225426840700266e-10, "faithfulness": 0.999999998575503, "DeltaNOrbits": 1.349325511326358e-06}