{"SMBHMASS": 9000000.0, "SecondaryMass": 10, "PROCAMASS": 5e-19, "p0": 5.004, "e0": 0.1, "BHSpin": 1, "Trajectory Exit Reason": "Separatrix reached!", "mismatch": 3.524958103184872e-13, "faithfulness": 0.9999999997680811, "DeltaNOrbits": -9.533157233888918e-08}