{"SMBHMASS": 1000000.0, "SecondaryMass": 10, "PROCAMASS": 7e-18, "p0": 11.0, "e0": 0.3, "BHSpin": 1, "Trajectory Exit Reason": "Separatrix reached!", "mismatch": 6.800760517733373e-06, "faithfulness": 0.9999844190228707, "DeltaNOrbits": 0.00013992279139391026}