{"SMBHMASS": 600000.0, "SecondaryMass": 10, "PROCAMASS": 8e-18, "p0": 14.339999999999998, "e0": 0.5, "BHSpin": 1, "Trajectory Exit Reason": "Separatrix reached!", "mismatch": 7.730435180874906e-10, "faithfulness": 0.9999999987010539, "DeltaNOrbits": 1.3378195774217954e-06}