{"SMBHMASS": 2000000.0, "SecondaryMass": 10, "PROCAMASS": 1e-17, "p0": 8.9425, "e0": 0.4, "BHSpin": 1, "Trajectory Exit Reason": "Separatrix reached!", "mismatch": 0.9914946003993502, "faithfulness": -0.014186717050223598, "DeltaNOrbits": -16.497295325844153}