{"SMBHMASS": 500000.0, "SecondaryMass": 10, "PROCAMASS": 6e-18, "p0": 15.549999999999999, "e0": 0.2, "BHSpin": 1, "Trajectory Exit Reason": "Separatrix reached!", "mismatch": 5.895284260759581e-14, "faithfulness": 0.9999999999999755, "DeltaNOrbits": 1.9825039094817825e-09}