{"SMBHMASS": 800000.0, "SecondaryMass": 10, "PROCAMASS": 4e-18, "p0": 12.71, "e0": 0.4, "BHSpin": 1, "Trajectory Exit Reason": "Separatrix reached!", "mismatch": 5.5289106626332796e-14, "faithfulness": 0.9999999999999474, "DeltaNOrbits": 3.575918266635365e-09}