{"SMBHMASS": 70000000.0, "SecondaryMass": 10, "PROCAMASS": 1e-19, "p0": 4.76, "e0": 0.5, "BHSpin": 1, "Trajectory Exit Reason": "Integration reached time boundary. Boundary location t = 732240.84", "mismatch": 5.523770330029265e-11, "faithfulness": 0.9999836946311316, "DeltaNOrbits": -1.6380728053248235e-07}