{"SMBHMASS": 80000000.0, "SecondaryMass": 10, "PROCAMASS": 1e-19, "p0": 4.83, "e0": 0.3, "BHSpin": 1, "Trajectory Exit Reason": "Integration reached time boundary. Boundary location t = 640710.74", "mismatch": 1.6196378682664658e-09, "faithfulness": 0.9993035577451445, "DeltaNOrbits": -3.4804732098437135e-06}