{"SMBHMASS": 700000.0, "SecondaryMass": 10, "PROCAMASS": 5e-18, "p0": 13.799999999999999, "e0": 0.1, "BHSpin": 1, "Trajectory Exit Reason": "Separatrix reached!", "mismatch": 2.6423307986078726e-13, "faithfulness": 0.9999999999997148, "DeltaNOrbits": 1.3414325518362716e-08}