{"SMBHMASS": 100000.0, "SecondaryMass": 10, "PROCAMASS": 5e-17, "p0": 34.2, "e0": 0.5, "BHSpin": 1, "Trajectory Exit Reason": "Separatrix reached!", "mismatch": 3.990942352249949e-05, "faithfulness": 0.9999795905357253, "DeltaNOrbits": 0.0001447881709650352}