{"SMBHMASS": 400000.0, "SecondaryMass": 10, "PROCAMASS": 9e-18, "p0": 16.25, "e0": 0.7, "BHSpin": 1, "Trajectory Exit Reason": "Separatrix reached!", "mismatch": 1.6204815267428785e-12, "faithfulness": 0.9999999999984677, "DeltaNOrbits": 3.297997157829508e-08}