{"SMBHMASS": 800000.0, "SecondaryMass": 10, "PROCAMASS": 3e-17, "p0": 12.363, "e0": 0.6, "BHSpin": 1, "Trajectory Exit Reason": "Separatrix reached!", "mismatch": 0.998007908809987, "faithfulness": 0.0014769125957944287, "DeltaNOrbits": 2753.6021091775474}