{"SMBHMASS": 400000.0, "SecondaryMass": 10, "PROCAMASS": 8e-18, "p0": 17.3, "e0": 0.3, "BHSpin": 1, "Trajectory Exit Reason": "Separatrix reached!", "mismatch": 1.9395596240201485e-13, "faithfulness": 0.999999999999864, "DeltaNOrbits": 8.559970151220407e-09}