{"SMBHMASS": 500000.0, "SecondaryMass": 10, "PROCAMASS": 6e-18, "p0": 14.56, "e0": 0.7, "BHSpin": 1, "Trajectory Exit Reason": "Separatrix reached!", "mismatch": 8.537615059367454e-14, "faithfulness": 0.9999999999999621, "DeltaNOrbits": 3.1312444925459932e-09}