{"SMBHMASS": 7000000.0, "SecondaryMass": 10, "PROCAMASS": 3e-18, "p0": 5.307, "e0": 0.2, "BHSpin": 1, "Trajectory Exit Reason": "Separatrix reached!", "mismatch": 0.7013239460148144, "faithfulness": 0.15633854364979874, "DeltaNOrbits": -17.481448078650487}