{"SMBHMASS": 300000.0, "SecondaryMass": 10, "PROCAMASS": 9e-18, "p0": 19.6, "e0": 0.5, "BHSpin": 1, "Trajectory Exit Reason": "Separatrix reached!", "mismatch": 5.47906164882761e-12, "faithfulness": 0.9999999999972765, "DeltaNOrbits": 4.431915281757406e-08}