{"SMBHMASS": 900000.0, "SecondaryMass": 10, "PROCAMASS": 6e-18, "p0": 11.899999999999999, "e0": 0.3, "BHSpin": 1, "Trajectory Exit Reason": "Separatrix reached!", "mismatch": 1.4228192291021458e-08, "faithfulness": 0.9999999676785137, "DeltaNOrbits": 6.336230719295141e-06}