{"SMBHMASS": 700000.0, "SecondaryMass": 10, "PROCAMASS": 7e-18, "p0": 12.924, "e0": 0.7, "BHSpin": 1, "Trajectory Exit Reason": "Separatrix reached!", "mismatch": 3.460076225536568e-09, "faithfulness": 0.9999999944227137, "DeltaNOrbits": 2.195604551677154e-06}