{"SMBHMASS": 300000.0, "SecondaryMass": 10, "PROCAMASS": 2e-17, "p0": 19.15, "e0": 0.6, "BHSpin": 1, "Trajectory Exit Reason": "Separatrix reached!", "mismatch": 3.2092324110721826e-05, "faithfulness": 0.9999648715232964, "DeltaNOrbits": 0.00019104404482143375}