{"SMBHMASS": 800000.0, "SecondaryMass": 10, "PROCAMASS": 6e-18, "p0": 12.363, "e0": 0.6, "BHSpin": 1, "Trajectory Exit Reason": "Separatrix reached!", "mismatch": 1.5684931131687563e-10, "faithfulness": 0.999999999723588, "DeltaNOrbits": 5.31653817108645e-07}