{"SMBHMASS": 300000.0, "SecondaryMass": 10, "PROCAMASS": 7e-17, "p0": 20.0, "e0": 0.3, "BHSpin": 1, "Trajectory Exit Reason": "Separatrix reached!", "mismatch": 0.9964083030055935, "faithfulness": 0.0013183124118393943, "DeltaNOrbits": 1106.3724010866517}