{"SMBHMASS": 40000000.0, "SecondaryMass": 10, "PROCAMASS": 7e-19, "p0": 4.46, "e0": 0.7, "BHSpin": 1, "Trajectory Exit Reason": "Integration reached time boundary. Boundary location t = 1281421.47", "mismatch": 0.9901175754663364, "faithfulness": 0.04543923906242596, "DeltaNOrbits": -67.27669692218555}