{"SMBHMASS": 200000.0, "SecondaryMass": 10, "PROCAMASS": 8e-17, "p0": 26.900000000000002, "e0": 0.5, "BHSpin": 1, "Trajectory Exit Reason": "Separatrix reached!", "mismatch": 0.9884703421118948, "faithfulness": 0.004569763952252855, "DeltaNOrbits": 103.86733877570875}