{"SMBHMASS": 20000000.0, "SecondaryMass": 10, "PROCAMASS": 8e-19, "p0": 4.609999999999999, "e0": 0.6, "BHSpin": 1, "Trajectory Exit Reason": "Integration reached time boundary. Boundary location t = 2562842.94", "mismatch": 0.8500159462867873, "faithfulness": 0.10819510277832226, "DeltaNOrbits": -0.33074975559232994}