{"SMBHMASS": 40000000.0, "SecondaryMass": 10, "PROCAMASS": 1e-19, "p0": 4.795, "e0": 0.4, "BHSpin": 1, "Trajectory Exit Reason": "Integration reached time boundary. Boundary location t = 1281421.47", "mismatch": -8.881784197001252e-16, "faithfulness": 0.9999999992294203, "DeltaNOrbits": -4.5625382028961585e-10}