{"SMBHMASS": 20000000.0, "SecondaryMass": 10, "PROCAMASS": 4e-19, "p0": 4.46, "e0": 0.7, "BHSpin": 1, "Trajectory Exit Reason": "Integration reached time boundary. Boundary location t = 2562842.94", "mismatch": 3.703719009262585e-08, "faithfulness": 0.999999097125893, "DeltaNOrbits": 1.4849973326084174e-06}