{"SMBHMASS": 700000.0, "SecondaryMass": 10, "PROCAMASS": 5e-18, "p0": 13.799999999999999, "e0": 0.1, "BHSpin": 1, "Trajectory Exit Reason": "Separatrix reached!", "mismatch": 1.3455903058456897e-13, "faithfulness": 0.9999999999998428, "DeltaNOrbits": 9.560486142921494e-09}