{"SMBHMASS": 400000.0, "SecondaryMass": 10, "PROCAMASS": 1e-17, "p0": 17.150000000000002, "e0": 0.4, "BHSpin": 1, "Trajectory Exit Reason": "Separatrix reached!", "mismatch": 5.5959015199391615e-11, "faithfulness": 0.9999999999286951, "DeltaNOrbits": 3.088815203268299e-07}