{"SMBHMASS": 300000.0, "SecondaryMass": 10, "PROCAMASS": 9e-18, "p0": 19.800000000000004, "e0": 0.4, "BHSpin": 1, "Trajectory Exit Reason": "Separatrix reached!", "mismatch": 2.0317081350640365e-14, "faithfulness": 0.9999999999999954, "DeltaNOrbits": 4.632018480097623e-10}