{"SMBHMASS": 90000000.0, "SecondaryMass": 10, "PROCAMASS": 4e-19, "p0": 4.83, "e0": 0.2, "BHSpin": 1, "Trajectory Exit Reason": "Integration reached time boundary. Boundary location t = 569520.65", "mismatch": 0.987741693117247, "faithfulness": 0.8904448744075802, "DeltaNOrbits": -89.5310465562459}