{"SMBHMASS": 200000.0, "SecondaryMass": 10, "PROCAMASS": 3e-17, "p0": 25.6, "e0": 0.7, "BHSpin": 1, "Trajectory Exit Reason": "Separatrix reached!", "mismatch": 0.00026627318512251197, "faithfulness": 0.9997442751017394, "DeltaNOrbits": 0.0003677840089586998}