{"SMBHMASS": 100000.0, "SecondaryMass": 10, "PROCAMASS": 8e-17, "p0": 35.1, "e0": 0.1, "BHSpin": 1, "Trajectory Exit Reason": "Separatrix reached!", "mismatch": 0.5787091439958645, "faithfulness": 0.34926042466990825, "DeltaNOrbits": 0.12880758996304661}