{"SMBHMASS": 60000000.0, "SecondaryMass": 10, "PROCAMASS": 5e-19, "p0": 4.46, "e0": 0.7, "BHSpin": 1, "Trajectory Exit Reason": "Integration reached time boundary. Boundary location t = 854280.98", "mismatch": 0.9903646520334055, "faithfulness": 0.2211574116042597, "DeltaNOrbits": -77.1737866385143}