{"SMBHMASS": 100000.0, "SecondaryMass": 10, "PROCAMASS": 4e-17, "p0": 35.1, "e0": 0.1, "BHSpin": 1, "Trajectory Exit Reason": "Separatrix reached!", "mismatch": 2.6143531783873186e-08, "faithfulness": 0.9999999869106216, "DeltaNOrbits": 4.622013320180612e-06}