{"SMBHMASS": 900000.0, "SecondaryMass": 10, "PROCAMASS": 7e-18, "p0": 11.95, "e0": 0.2, "BHSpin": 1, "Trajectory Exit Reason": "Separatrix reached!", "mismatch": 3.3809207611312786e-07, "faithfulness": 0.9999992061842269, "DeltaNOrbits": 3.059218457987867e-05}