{"SMBHMASS": 800000.0, "SecondaryMass": 10, "PROCAMASS": 7e-18, "p0": 12.849999999999998, "e0": 0.2, "BHSpin": 1, "Trajectory Exit Reason": "Separatrix reached!", "mismatch": 1.1051133341766217e-08, "faithfulness": 0.9999999748774212, "DeltaNOrbits": 5.285373950752353e-06}