{"SMBHMASS": 600000.0, "SecondaryMass": 10, "PROCAMASS": 6e-18, "p0": 14.041, "e0": 0.6, "BHSpin": 1, "Trajectory Exit Reason": "Separatrix reached!", "mismatch": 8.947287355454137e-13, "faithfulness": 0.9999999999991099, "DeltaNOrbits": 2.566138237974083e-08}