{"SMBHMASS": 500000.0, "SecondaryMass": 10, "PROCAMASS": 6e-18, "p0": 15.350000000000001, "e0": 0.4, "BHSpin": 1, "Trajectory Exit Reason": "Separatrix reached!", "mismatch": 2.475797344914099e-14, "faithfulness": 0.9999999999999758, "DeltaNOrbits": 2.001031983402173e-09}