{"SMBHMASS": 500000.0, "SecondaryMass": 10, "PROCAMASS": 1e-17, "p0": 15.350000000000001, "e0": 0.4, "BHSpin": 1, "Trajectory Exit Reason": "Separatrix reached!", "mismatch": 4.098115846673522e-09, "faithfulness": 0.9999999936542218, "DeltaNOrbits": 2.9902458500118215e-06}