{"SMBHMASS": 1000000.0, "SecondaryMass": 10, "PROCAMASS": 4e-18, "p0": 10.685, "e0": 0.6, "BHSpin": 1, "Trajectory Exit Reason": "Separatrix reached!", "mismatch": 1.8334223028659835e-12, "faithfulness": 0.9999999999975661, "DeltaNOrbits": 5.2360336899023533e-08}