{"SMBHMASS": 700000.0, "SecondaryMass": 10, "PROCAMASS": 4e-18, "p0": 13.479999999999999, "e0": 0.5, "BHSpin": 1, "Trajectory Exit Reason": "Separatrix reached!", "mismatch": 3.206324095117452e-13, "faithfulness": 0.9999999999997881, "DeltaNOrbits": -7.411229568156197e-11}