{"SMBHMASS": 600000.0, "SecondaryMass": 10, "PROCAMASS": 5e-18, "p0": 13.741999999999999, "e0": 0.7, "BHSpin": 1, "Trajectory Exit Reason": "Separatrix reached!", "mismatch": 1.454392162258955e-13, "faithfulness": 0.9999999999999162, "DeltaNOrbits": 3.279469083909117e-09}