{"SMBHMASS": 900000.0, "SecondaryMass": 10, "PROCAMASS": 9e-18, "p0": 11.288, "e0": 0.7, "BHSpin": 1, "Trajectory Exit Reason": "Separatrix reached!", "mismatch": 0.0005259065368657945, "faithfulness": 0.9990740695483468, "DeltaNOrbits": 0.0009203079226435683}