{"SMBHMASS": 100000.0, "SecondaryMass": 10, "PROCAMASS": 3e-17, "p0": 33.35, "e0": 0.6, "BHSpin": 1, "Trajectory Exit Reason": "Separatrix reached!", "mismatch": 1.223221524071505e-11, "faithfulness": 0.9999999999938931, "DeltaNOrbits": 7.135161266742379e-08}