{"SMBHMASS": 100000.0, "SecondaryMass": 10, "PROCAMASS": 9e-17, "p0": 34.8, "e0": 0.3, "BHSpin": 1, "Trajectory Exit Reason": "Separatrix reached!", "mismatch": 0.7961561824608412, "faithfulness": 0.13212820473337267, "DeltaNOrbits": 0.5302700633232581}