{"SMBHMASS": 800000.0, "SecondaryMass": 10, "PROCAMASS": 7e-18, "p0": 12.363, "e0": 0.6, "BHSpin": 1, "Trajectory Exit Reason": "Separatrix reached!", "mismatch": 6.385885409354586e-08, "faithfulness": 0.9999998830603285, "DeltaNOrbits": 1.0795771359267849e-05}