{"SMBHMASS": 600000.0, "SecondaryMass": 10, "PROCAMASS": 7e-18, "p0": 14.649999999999997, "e0": 0.2, "BHSpin": 1, "Trajectory Exit Reason": "Separatrix reached!", "mismatch": 6.524958351405985e-11, "faithfulness": 0.9999999998850492, "DeltaNOrbits": 3.8820020478002157e-07}