{"SMBHMASS": 3000000.0, "SecondaryMass": 10, "PROCAMASS": 5e-18, "p0": 6.97, "e0": 0.3, "BHSpin": 1, "Trajectory Exit Reason": "Separatrix reached!", "mismatch": 1.0624470921289426, "faithfulness": -0.6566082678734109, "DeltaNOrbits": -0.1946685738060085}