{"SMBHMASS": 800000.0, "SecondaryMass": 10, "PROCAMASS": 4e-18, "p0": 12.363, "e0": 0.6, "BHSpin": 1, "Trajectory Exit Reason": "Separatrix reached!", "mismatch": 3.4861002973229915e-14, "faithfulness": 0.9999999999999536, "DeltaNOrbits": 2.2048407965264687e-09}