{"SMBHMASS": 300000.0, "SecondaryMass": 10, "PROCAMASS": 1e-17, "p0": 18.7, "e0": 0.7, "BHSpin": 1, "Trajectory Exit Reason": "Separatrix reached!", "mismatch": 1.0824674490095276e-13, "faithfulness": 0.9999999999999415, "DeltaNOrbits": 4.946995736744261e-09}