{"SMBHMASS": 100000.0, "SecondaryMass": 10, "PROCAMASS": 3e-17, "p0": 34.2, "e0": 0.5, "BHSpin": 1, "Trajectory Exit Reason": "Separatrix reached!", "mismatch": 3.453903829608862e-12, "faithfulness": 0.9999999999983262, "DeltaNOrbits": 4.1002627585824156e-08}