{"SMBHMASS": 600000.0, "SecondaryMass": 10, "PROCAMASS": 1e-17, "p0": 14.469999999999999, "e0": 0.4, "BHSpin": 1, "Trajectory Exit Reason": "Separatrix reached!", "mismatch": 2.767543166859454e-07, "faithfulness": 0.9999995012495504, "DeltaNOrbits": 2.577036451054057e-05}