{"SMBHMASS": 700000.0, "SecondaryMass": 10, "PROCAMASS": 5e-18, "p0": 12.924, "e0": 0.7, "BHSpin": 1, "Trajectory Exit Reason": "Separatrix reached!", "mismatch": 6.602496327445806e-13, "faithfulness": 0.9999999999993844, "DeltaNOrbits": 1.8407641439907954e-08}