{"SMBHMASS": 600000.0, "SecondaryMass": 10, "PROCAMASS": 9e-18, "p0": 13.741999999999999, "e0": 0.7, "BHSpin": 1, "Trajectory Exit Reason": "Separatrix reached!", "mismatch": 1.486412865014941e-07, "faithfulness": 0.9999997767967177, "DeltaNOrbits": 1.429227830108042e-05}