{"SMBHMASS": 400000.0, "SecondaryMass": 10, "PROCAMASS": 9e-18, "p0": 17.0, "e0": 0.5, "BHSpin": 1, "Trajectory Exit Reason": "Separatrix reached!", "mismatch": 4.8974158062264905e-12, "faithfulness": 0.9999999999948869, "DeltaNOrbits": 7.049932126708582e-08}