{"SMBHMASS": 700000.0, "SecondaryMass": 10, "PROCAMASS": 1e-17, "p0": 13.7, "e0": 0.3, "BHSpin": 1, "Trajectory Exit Reason": "Separatrix reached!", "mismatch": 2.3960097728426e-05, "faithfulness": 0.999950587291091, "DeltaNOrbits": 0.0002430864770281312}