{"SMBHMASS": 60000000.0, "SecondaryMass": 10, "PROCAMASS": 7e-19, "p0": 4.76, "e0": 0.5, "BHSpin": 1, "Trajectory Exit Reason": "Integration reached time boundary. Boundary location t = 854280.98", "mismatch": 1.0002174731803235, "faithfulness": 0.27052355679244766, "DeltaNOrbits": -1391.634368401605}