{"SMBHMASS": 200000.0, "SecondaryMass": 10, "PROCAMASS": 2e-17, "p0": 26.250000000000004, "e0": 0.6, "BHSpin": 1, "Trajectory Exit Reason": "Separatrix reached!", "mismatch": 1.8874930507450927e-09, "faithfulness": 0.9999999981434612, "DeltaNOrbits": 1.1502784131996029e-06}