{"SMBHMASS": 100000.0, "SecondaryMass": 10, "PROCAMASS": 6e-17, "p0": 34.2, "e0": 0.5, "BHSpin": 1, "Trajectory Exit Reason": "Separatrix reached!", "mismatch": 0.0009318893283561946, "faithfulness": 0.9995552155652764, "DeltaNOrbits": 0.0007545968686197104}