{"SMBHMASS": 700000.0, "SecondaryMass": 10, "PROCAMASS": 7e-18, "p0": 13.590000000000002, "e0": 0.4, "BHSpin": 1, "Trajectory Exit Reason": "Separatrix reached!", "mismatch": 1.1116562115276452e-09, "faithfulness": 0.9999999978531424, "DeltaNOrbits": 1.6073289406677955e-06}