{"SMBHMASS": 500000.0, "SecondaryMass": 10, "PROCAMASS": 9e-18, "p0": 15.549999999999999, "e0": 0.2, "BHSpin": 1, "Trajectory Exit Reason": "Separatrix reached!", "mismatch": 7.428020420974235e-10, "faithfulness": 0.9999999988122951, "DeltaNOrbits": 1.3783960593074507e-06}