{"SMBHMASS": 7000000.0, "SecondaryMass": 10, "PROCAMASS": 3e-18, "p0": 5.352, "e0": 0.1, "BHSpin": 1, "Trajectory Exit Reason": "Separatrix reached!", "mismatch": 0.6476602069491232, "faithfulness": 0.2101550546276764, "DeltaNOrbits": -6.732675036302591}