{"SMBHMASS": 500000.0, "SecondaryMass": 10, "PROCAMASS": 8e-18, "p0": 15.549999999999999, "e0": 0.2, "BHSpin": 1, "Trajectory Exit Reason": "Separatrix reached!", "mismatch": 5.8800742053222166e-12, "faithfulness": 0.9999999999920883, "DeltaNOrbits": 1.1546695667187355e-07}