{"SMBHMASS": 300000.0, "SecondaryMass": 10, "PROCAMASS": 2e-17, "p0": 20.1, "e0": 0.1, "BHSpin": 1, "Trajectory Exit Reason": "Separatrix reached!", "mismatch": 1.741969353874495e-05, "faithfulness": 0.9999788215102775, "DeltaNOrbits": 0.00018322113997884038}