{"SMBHMASS": 100000.0, "SecondaryMass": 10, "PROCAMASS": 7e-17, "p0": 34.8, "e0": 0.3, "BHSpin": 1, "Trajectory Exit Reason": "Separatrix reached!", "mismatch": 0.08191672895808821, "faithfulness": 0.9538032751956617, "DeltaNOrbits": 0.009265267483696596}