{"SMBHMASS": 800000.0, "SecondaryMass": 10, "PROCAMASS": 8e-18, "p0": 12.71, "e0": 0.4, "BHSpin": 1, "Trajectory Exit Reason": "Separatrix reached!", "mismatch": 7.225134512900411e-07, "faithfulness": 0.9999984937708428, "DeltaNOrbits": 4.432469271167625e-05}