{"SMBHMASS": 90000000.0, "SecondaryMass": 10, "PROCAMASS": 3e-19, "p0": 4.83, "e0": 0.1, "BHSpin": 1, "Trajectory Exit Reason": "Integration reached time boundary. Boundary location t = 569520.65", "mismatch": 0.9844112096749202, "faithfulness": 0.7654776543260485, "DeltaNOrbits": -58.14827320060955}