{"SMBHMASS": 900000.0, "SecondaryMass": 10, "PROCAMASS": 6e-18, "p0": 11.288, "e0": 0.7, "BHSpin": 1, "Trajectory Exit Reason": "Separatrix reached!", "mismatch": 1.278722405739785e-08, "faithfulness": 0.9999999775184601, "DeltaNOrbits": 4.621966999995811e-06}