{"SMBHMASS": 800000.0, "SecondaryMass": 10, "PROCAMASS": 7e-18, "p0": 12.62, "e0": 0.5, "BHSpin": 1, "Trajectory Exit Reason": "Separatrix reached!", "mismatch": 4.581364598799098e-08, "faithfulness": 0.9999999098213105, "DeltaNOrbits": 1.0098282016534747e-05}