{"SMBHMASS": 200000.0, "SecondaryMass": 10, "PROCAMASS": 1e-16, "p0": 26.900000000000002, "e0": 0.5, "BHSpin": 1, "Trajectory Exit Reason": "Separatrix reached!", "mismatch": 0.9971756031880273, "faithfulness": 0.0009128944799106665, "DeltaNOrbits": 1325.9404211487213}