{"SMBHMASS": 900000.0, "SecondaryMass": 10, "PROCAMASS": 5e-18, "p0": 11.288, "e0": 0.7, "BHSpin": 1, "Trajectory Exit Reason": "Separatrix reached!", "mismatch": 5.063238717184504e-11, "faithfulness": 0.9999999999187337, "DeltaNOrbits": 2.6756391548435907e-07}