{"SMBHMASS": 500000.0, "SecondaryMass": 10, "PROCAMASS": 4e-17, "p0": 15.5, "e0": 0.3, "BHSpin": 1, "Trajectory Exit Reason": "Separatrix reached!", "mismatch": 0.9944417640311061, "faithfulness": 0.0014476420941328403, "DeltaNOrbits": 385.25774616510984}