{"SMBHMASS": 100000.0, "SecondaryMass": 10, "PROCAMASS": 8e-17, "p0": 35.1, "e0": 0.1, "BHSpin": 1, "Trajectory Exit Reason": "Separatrix reached!", "mismatch": 0.5408720670997846, "faithfulness": 0.39412932006474705, "DeltaNOrbits": -0.006873967821857919}