{"SMBHMASS": 500000.0, "SecondaryMass": 10, "PROCAMASS": 1e-17, "p0": 15.549999999999999, "e0": 0.2, "BHSpin": 1, "Trajectory Exit Reason": "Separatrix reached!", "mismatch": 1.5031149658284448e-09, "faithfulness": 0.9999999974896259, "DeltaNOrbits": 2.0795354326028676e-06}