{"SMBHMASS": 500000.0, "SecondaryMass": 10, "PROCAMASS": 9e-18, "p0": 14.879999999999999, "e0": 0.6, "BHSpin": 1, "Trajectory Exit Reason": "Separatrix reached!", "mismatch": 3.8953129610774795e-10, "faithfulness": 0.9999999994625616, "DeltaNOrbits": 7.779752958432764e-07}