{"SMBHMASS": 500000.0, "SecondaryMass": 10, "PROCAMASS": 3e-17, "p0": 14.56, "e0": 0.7, "BHSpin": 1, "Trajectory Exit Reason": "Separatrix reached!", "mismatch": 0.9737183796039992, "faithfulness": 0.01171176081239096, "DeltaNOrbits": 11.7845866991063}