{"SMBHMASS": 900000.0, "SecondaryMass": 10, "PROCAMASS": 3e-18, "p0": 11.288, "e0": 0.7, "BHSpin": 1, "Trajectory Exit Reason": "Separatrix reached!", "mismatch": 2.4635848916432224e-13, "faithfulness": 0.999999999999844, "DeltaNOrbits": 6.299545132932767e-10}