{"SMBHMASS": 1000000.0, "SecondaryMass": 10, "PROCAMASS": 4e-18, "p0": 11.1, "e0": 0.1, "BHSpin": 1, "Trajectory Exit Reason": "Separatrix reached!", "mismatch": 2.052247261019602e-12, "faithfulness": 0.9999999999967097, "DeltaNOrbits": 5.1026315576755415e-08}