{"SMBHMASS": 800000.0, "SecondaryMass": 10, "PROCAMASS": 9e-18, "p0": 12.899999999999999, "e0": 0.1, "BHSpin": 1, "Trajectory Exit Reason": "Separatrix reached!", "mismatch": 7.231865832091344e-05, "faithfulness": 0.9998300002301931, "DeltaNOrbits": 0.0005107755867079704}