{"SMBHMASS": 300000.0, "SecondaryMass": 10, "PROCAMASS": 4e-17, "p0": 19.6, "e0": 0.5, "BHSpin": 1, "Trajectory Exit Reason": "Separatrix reached!", "mismatch": 0.9221824754010322, "faithfulness": 0.03376410095618824, "DeltaNOrbits": 2.207538748429308}