{"SMBHMASS": 900000.0, "SecondaryMass": 10, "PROCAMASS": 9e-18, "p0": 11.95, "e0": 0.2, "BHSpin": 1, "Trajectory Exit Reason": "Separatrix reached!", "mismatch": 0.0006827295956024493, "faithfulness": 0.9983894806278171, "DeltaNOrbits": 0.0013717262491452927}