{"SMBHMASS": 400000.0, "SecondaryMass": 10, "PROCAMASS": 9e-18, "p0": 17.150000000000002, "e0": 0.4, "BHSpin": 1, "Trajectory Exit Reason": "Separatrix reached!", "mismatch": 5.212719145220035e-12, "faithfulness": 0.9999999999944015, "DeltaNOrbits": 8.215347976301145e-08}