{"SMBHMASS": 400000.0, "SecondaryMass": 10, "PROCAMASS": 6e-17, "p0": 16.25, "e0": 0.7, "BHSpin": 1, "Trajectory Exit Reason": "Separatrix reached!", "mismatch": 0.9974566758842206, "faithfulness": 0.0010124071717848484, "DeltaNOrbits": 847.0975097095934}