{"SMBHMASS": 600000.0, "SecondaryMass": 10, "PROCAMASS": 6e-18, "p0": 14.599999999999998, "e0": 0.3, "BHSpin": 1, "Trajectory Exit Reason": "Separatrix reached!", "mismatch": 2.2249979636512762e-12, "faithfulness": 0.9999999999973775, "DeltaNOrbits": 4.44303212610964e-08}