{"SMBHMASS": 1000000.0, "SecondaryMass": 10, "PROCAMASS": 4e-17, "p0": 10.685, "e0": 0.6, "BHSpin": 1, "Trajectory Exit Reason": "Separatrix reached!", "mismatch": 0.9967000683493854, "faithfulness": 0.0010952402634938055, "DeltaNOrbits": 350.1226033455472}