{"SMBHMASS": 900000.0, "SecondaryMass": 10, "PROCAMASS": 9e-18, "p0": 11.999999999999998, "e0": 0.1, "BHSpin": 1, "Trajectory Exit Reason": "Separatrix reached!", "mismatch": 0.0006870060303790781, "faithfulness": 0.9983297763598308, "DeltaNOrbits": 0.0013714707284778567}