{"SMBHMASS": 40000000.0, "SecondaryMass": 10, "PROCAMASS": 1e-19, "p0": 4.46, "e0": 0.7, "BHSpin": 1, "Trajectory Exit Reason": "Integration reached time boundary. Boundary location t = 1281421.47", "mismatch": -8.215650382226158e-15, "faithfulness": 0.9999999996277522, "DeltaNOrbits": -1.1464245738241616e-10}