{"SMBHMASS": 80000000.0, "SecondaryMass": 10, "PROCAMASS": 1e-19, "p0": 4.83, "e0": 0.1, "BHSpin": 1, "Trajectory Exit Reason": "Integration reached time boundary. Boundary location t = 640710.74", "mismatch": 5.330907937306506e-10, "faithfulness": 0.9918609405251022, "DeltaNOrbits": -2.4122405819774596e-06}