{"SMBHMASS": 800000.0, "SecondaryMass": 10, "PROCAMASS": 4e-18, "p0": 12.363, "e0": 0.6, "BHSpin": 1, "Trajectory Exit Reason": "Separatrix reached!", "mismatch": 4.951594689828198e-14, "faithfulness": 0.9999999999999638, "DeltaNOrbits": 1.9361837246808065e-09}