{"SMBHMASS": 400000.0, "SecondaryMass": 10, "PROCAMASS": 1e-17, "p0": 17.35, "e0": 0.2, "BHSpin": 1, "Trajectory Exit Reason": "Separatrix reached!", "mismatch": 2.873157267657689e-11, "faithfulness": 0.9999999999621513, "DeltaNOrbits": 2.3417632627981544e-07}