{"SMBHMASS": 400000.0, "SecondaryMass": 10, "PROCAMASS": 8e-18, "p0": 17.4, "e0": 0.1, "BHSpin": 1, "Trajectory Exit Reason": "Separatrix reached!", "mismatch": 4.600764214046649e-13, "faithfulness": 0.9999999999996628, "DeltaNOrbits": 1.391458351421326e-08}