{"SMBHMASS": 900000.0, "SecondaryMass": 10, "PROCAMASS": 6e-18, "p0": 11.999999999999998, "e0": 0.1, "BHSpin": 1, "Trajectory Exit Reason": "Separatrix reached!", "mismatch": 3.2023285134741286e-09, "faithfulness": 0.9999999923609714, "DeltaNOrbits": 2.8589929743597753e-06}