{"SMBHMASS": 400000.0, "SecondaryMass": 10, "PROCAMASS": 7e-18, "p0": 17.0, "e0": 0.5, "BHSpin": 1, "Trajectory Exit Reason": "Separatrix reached!", "mismatch": 5.575540029667536e-13, "faithfulness": 0.9999999999997188, "DeltaNOrbits": -1.7045828006759252e-09}