{"SMBHMASS": 400000.0, "SecondaryMass": 10, "PROCAMASS": 8e-18, "p0": 17.3, "e0": 0.3, "BHSpin": 1, "Trajectory Exit Reason": "Separatrix reached!", "mismatch": 8.382183835919932e-14, "faithfulness": 0.9999999999999278, "DeltaNOrbits": 5.3360852890724615e-09}