{"SMBHMASS": 100000.0, "SecondaryMass": 10, "PROCAMASS": 6e-17, "p0": 33.35, "e0": 0.6, "BHSpin": 1, "Trajectory Exit Reason": "Separatrix reached!", "mismatch": 0.001545018341813531, "faithfulness": 0.9992278329529313, "DeltaNOrbits": 0.000858569174984039}