{"SMBHMASS": 60000000.0, "SecondaryMass": 10, "PROCAMASS": 5e-19, "p0": 4.83, "e0": 0.2, "BHSpin": 1, "Trajectory Exit Reason": "Integration reached time boundary. Boundary location t = 854280.98", "mismatch": 0.9938945998260268, "faithfulness": 0.15527796098085597, "DeltaNOrbits": -343.74958165618875}