{"SMBHMASS": 80000000.0, "SecondaryMass": 10, "PROCAMASS": 1e-19, "p0": 4.83, "e0": 0.2, "BHSpin": 1, "Trajectory Exit Reason": "Integration reached time boundary. Boundary location t = 640710.74", "mismatch": 1.3164282997024657e-09, "faithfulness": 0.9998247780254016, "DeltaNOrbits": -3.7241237509222584e-06}