{"SMBHMASS": 900000.0, "SecondaryMass": 10, "PROCAMASS": 6e-18, "p0": 11.999999999999998, "e0": 0.1, "BHSpin": 1, "Trajectory Exit Reason": "Separatrix reached!", "mismatch": 8.858058397898105e-09, "faithfulness": 0.9999999785283372, "DeltaNOrbits": 4.938750743849687e-06}