{"SMBHMASS": 100000.0, "SecondaryMass": 10, "PROCAMASS": 2e-16, "p0": 34.2, "e0": 0.5, "BHSpin": 1, "Trajectory Exit Reason": "Separatrix reached!", "mismatch": 0.9974133802314001, "faithfulness": 0.0014969722077655776, "DeltaNOrbits": 2661.4233341027975}