{"SMBHMASS": 300000.0, "SecondaryMass": 10, "PROCAMASS": 3e-17, "p0": 20.1, "e0": 0.1, "BHSpin": 1, "Trajectory Exit Reason": "Separatrix reached!", "mismatch": 0.45168575266065836, "faithfulness": 0.35420240664745134, "DeltaNOrbits": 0.06649394679667375}