{"SMBHMASS": 700000.0, "SecondaryMass": 10, "PROCAMASS": 4e-18, "p0": 12.924, "e0": 0.7, "BHSpin": 1, "Trajectory Exit Reason": "Separatrix reached!", "mismatch": -2.4424906541753444e-15, "faithfulness": 0.9999999999999979, "DeltaNOrbits": 7.411229568156197e-10}