{"SMBHMASS": 100000.0, "SecondaryMass": 10, "PROCAMASS": 8e-17, "p0": 34.2, "e0": 0.5, "BHSpin": 1, "Trajectory Exit Reason": "Separatrix reached!", "mismatch": 0.6635088446995973, "faithfulness": 0.2516417383081209, "DeltaNOrbits": 0.12374141216847256}