{"SMBHMASS": 400000.0, "SecondaryMass": 10, "PROCAMASS": 2e-17, "p0": 17.4, "e0": 0.1, "BHSpin": 1, "Trajectory Exit Reason": "Separatrix reached!", "mismatch": 0.017350825649783075, "faithfulness": 0.9746237297186355, "DeltaNOrbits": 0.006364728749792093}