{"SMBHMASS": 90000000.0, "SecondaryMass": 10, "PROCAMASS": 1e-19, "p0": 4.83, "e0": 0.2, "BHSpin": 1, "Trajectory Exit Reason": "Integration reached time boundary. Boundary location t = 569520.65", "mismatch": 1.1855016235351457e-07, "faithfulness": 0.9997923401757352, "DeltaNOrbits": -3.9340939592283175e-05}