{"SMBHMASS": 700000.0, "SecondaryMass": 10, "PROCAMASS": 9e-18, "p0": 13.749999999999996, "e0": 0.2, "BHSpin": 1, "Trajectory Exit Reason": "Separatrix reached!", "mismatch": 3.1310926406069584e-06, "faithfulness": 0.9999933319732655, "DeltaNOrbits": 9.160075937427935e-05}