{"SMBHMASS": 200000.0, "SecondaryMass": 10, "PROCAMASS": 2e-17, "p0": 26.250000000000004, "e0": 0.6, "BHSpin": 1, "Trajectory Exit Reason": "Separatrix reached!", "mismatch": 1.3718201019585763e-09, "faithfulness": 0.9999999985853013, "DeltaNOrbits": 1.0014794515449469e-06}