{"SMBHMASS": 1000000.0, "SecondaryMass": 10, "PROCAMASS": 8e-18, "p0": 10.47, "e0": 0.7, "BHSpin": 1, "Trajectory Exit Reason": "Separatrix reached!", "mismatch": 0.00018604261787513732, "faithfulness": 0.9996698380485226, "DeltaNOrbits": 0.0005882689964869688}