{"SMBHMASS": 500000.0, "SecondaryMass": 10, "PROCAMASS": 6e-18, "p0": 14.56, "e0": 0.7, "BHSpin": 1, "Trajectory Exit Reason": "Separatrix reached!", "mismatch": 3.752553823233029e-14, "faithfulness": 0.9999999999999871, "DeltaNOrbits": 1.7786950963574872e-09}