{"SMBHMASS": 1000000.0, "SecondaryMass": 10, "PROCAMASS": 7e-18, "p0": 10.47, "e0": 0.7, "BHSpin": 1, "Trajectory Exit Reason": "Separatrix reached!", "mismatch": 4.543206957086099e-06, "faithfulness": 0.9999919369633676, "DeltaNOrbits": 9.206364624503247e-05}