{"SMBHMASS": 1000000.0, "SecondaryMass": 10, "PROCAMASS": 5e-18, "p0": 10.950000000000003, "e0": 0.4, "BHSpin": 1, "Trajectory Exit Reason": "Separatrix reached!", "mismatch": 5.519429358002981e-10, "faithfulness": 0.9999999988352051, "DeltaNOrbits": 1.2283186605522876e-06}