{"SMBHMASS": 400000.0, "SecondaryMass": 10, "PROCAMASS": 7e-18, "p0": 17.0, "e0": 0.5, "BHSpin": 1, "Trajectory Exit Reason": "Separatrix reached!", "mismatch": 4.007905118896815e-14, "faithfulness": 0.9999999999999822, "DeltaNOrbits": 2.964491827262479e-10}