{"SMBHMASS": 400000.0, "SecondaryMass": 10, "PROCAMASS": 1e-17, "p0": 17.150000000000002, "e0": 0.4, "BHSpin": 1, "Trajectory Exit Reason": "Separatrix reached!", "mismatch": 6.819189657392144e-11, "faithfulness": 0.9999999999127014, "DeltaNOrbits": 3.460673646850536e-07}