{"SMBHMASS": 500000.0, "SecondaryMass": 10, "PROCAMASS": 1e-17, "p0": 14.879999999999999, "e0": 0.6, "BHSpin": 1, "Trajectory Exit Reason": "Separatrix reached!", "mismatch": 2.5314215168492638e-09, "faithfulness": 0.9999999963757837, "DeltaNOrbits": 2.046351652211448e-06}