{"SMBHMASS": 800000.0, "SecondaryMass": 10, "PROCAMASS": 4e-18, "p0": 12.849999999999998, "e0": 0.2, "BHSpin": 1, "Trajectory Exit Reason": "Separatrix reached!", "mismatch": 4.729550084903167e-14, "faithfulness": 0.9999999999999565, "DeltaNOrbits": 1.5193020614720204e-09}