{"SMBHMASS": 400000.0, "SecondaryMass": 10, "PROCAMASS": 8e-18, "p0": 16.25, "e0": 0.7, "BHSpin": 1, "Trajectory Exit Reason": "Separatrix reached!", "mismatch": 4.771738559838923e-13, "faithfulness": 0.9999999999997311, "DeltaNOrbits": 9.931047621329304e-09}