{"SMBHMASS": 400000.0, "SecondaryMass": 10, "PROCAMASS": 8e-18, "p0": 17.150000000000002, "e0": 0.4, "BHSpin": 1, "Trajectory Exit Reason": "Separatrix reached!", "mismatch": 3.8202774277351637e-13, "faithfulness": 0.9999999999997408, "DeltaNOrbits": 1.2376753378820849e-08}