{"SMBHMASS": 1000000.0, "SecondaryMass": 10, "PROCAMASS": 4e-18, "p0": 10.47, "e0": 0.7, "BHSpin": 1, "Trajectory Exit Reason": "Separatrix reached!", "mismatch": 2.1962431873134847e-12, "faithfulness": 0.9999999999973929, "DeltaNOrbits": 4.3411277195474925e-08}