{"SMBHMASS": 400000.0, "SecondaryMass": 10, "PROCAMASS": 9e-18, "p0": 17.3, "e0": 0.3, "BHSpin": 1, "Trajectory Exit Reason": "Separatrix reached!", "mismatch": 1.369127033967743e-12, "faithfulness": 0.9999999999986516, "DeltaNOrbits": 3.87792587153773e-08}