{"SMBHMASS": 800000.0, "SecondaryMass": 10, "PROCAMASS": 1e-17, "p0": 12.106, "e0": 0.7, "BHSpin": 1, "Trajectory Exit Reason": "Separatrix reached!", "mismatch": 0.000820981926521136, "faithfulness": 0.9985913885659669, "DeltaNOrbits": 0.001108758787503141}