{"SMBHMASS": 800000.0, "SecondaryMass": 10, "PROCAMASS": 7e-18, "p0": 12.849999999999998, "e0": 0.2, "BHSpin": 1, "Trajectory Exit Reason": "Separatrix reached!", "mismatch": 8.079269697702784e-09, "faithfulness": 0.9999999816233739, "DeltaNOrbits": 4.448090290289906e-06}