{"SMBHMASS": 40000000.0, "SecondaryMass": 10, "PROCAMASS": 7e-19, "p0": 4.83, "e0": 0.2, "BHSpin": 1, "Trajectory Exit Reason": "Integration reached time boundary. Boundary location t = 1281421.47", "mismatch": 0.9913973979295897, "faithfulness": 0.0392453830338167, "DeltaNOrbits": -172.09120921064238}