{"SMBHMASS": 100000.0, "SecondaryMass": 10, "PROCAMASS": 3e-17, "p0": 34.8, "e0": 0.3, "BHSpin": 1, "Trajectory Exit Reason": "Separatrix reached!", "mismatch": 2.0213830609350225e-12, "faithfulness": 0.9999999999991017, "DeltaNOrbits": 3.39063752743146e-08}