{"SMBHMASS": 500000.0, "SecondaryMass": 10, "PROCAMASS": 3e-17, "p0": 15.6, "e0": 0.1, "BHSpin": 1, "Trajectory Exit Reason": "Separatrix reached!", "mismatch": 0.9652765340277975, "faithfulness": 0.006235710141711196, "DeltaNOrbits": 10.934621477178815}