{"SMBHMASS": 300000.0, "SecondaryMass": 10, "PROCAMASS": 1e-17, "p0": 20.0, "e0": 0.3, "BHSpin": 1, "Trajectory Exit Reason": "Separatrix reached!", "mismatch": 1.6897594434794883e-13, "faithfulness": 0.9999999999998926, "DeltaNOrbits": 8.485857855538845e-09}