{"SMBHMASS": 600000.0, "SecondaryMass": 10, "PROCAMASS": 5e-18, "p0": 14.7, "e0": 0.1, "BHSpin": 1, "Trajectory Exit Reason": "Separatrix reached!", "mismatch": 3.275157922644212e-14, "faithfulness": 0.9999999999999757, "DeltaNOrbits": 2.8903795315809166e-09}