{"SMBHMASS": 800000.0, "SecondaryMass": 10, "PROCAMASS": 5e-18, "p0": 12.363, "e0": 0.6, "BHSpin": 1, "Trajectory Exit Reason": "Separatrix reached!", "mismatch": 3.107514245925813e-12, "faithfulness": 0.9999999999958095, "DeltaNOrbits": 5.938247691485153e-08}