{"SMBHMASS": 600000.0, "SecondaryMass": 10, "PROCAMASS": 1e-17, "p0": 14.7, "e0": 0.1, "BHSpin": 1, "Trajectory Exit Reason": "Separatrix reached!", "mismatch": 6.270713320821741e-07, "faithfulness": 0.9999987644555234, "DeltaNOrbits": 4.0645146927604145e-05}