{"SMBHMASS": 400000.0, "SecondaryMass": 10, "PROCAMASS": 8e-18, "p0": 17.3, "e0": 0.3, "BHSpin": 1, "Trajectory Exit Reason": "Separatrix reached!", "mismatch": 1.0547118733938987e-13, "faithfulness": 0.9999999999999162, "DeltaNOrbits": 6.3180732068531575e-09}