{"SMBHMASS": 20000000.0, "SecondaryMass": 10, "PROCAMASS": 7e-19, "p0": 4.83, "e0": 0.2, "BHSpin": 1, "Trajectory Exit Reason": "Integration reached time boundary. Boundary location t = 2562842.94", "mismatch": 0.12483559247906029, "faithfulness": 0.8167052195469947, "DeltaNOrbits": -0.03613694455495652}