{"SMBHMASS": 600000.0, "SecondaryMass": 10, "PROCAMASS": 8e-18, "p0": 14.649999999999997, "e0": 0.2, "BHSpin": 1, "Trajectory Exit Reason": "Separatrix reached!", "mismatch": 1.438339225501295e-09, "faithfulness": 0.9999999972797458, "DeltaNOrbits": 1.9058532676731272e-06}