{"SMBHMASS": 30000000.0, "SecondaryMass": 10, "PROCAMASS": 8e-19, "p0": 4.795, "e0": 0.4, "BHSpin": 1, "Trajectory Exit Reason": "Integration reached time boundary. Boundary location t = 1708561.96", "mismatch": 0.9561156551207569, "faithfulness": 0.028916224900340855, "DeltaNOrbits": -3.1657568288183273}