{"SMBHMASS": 1000000.0, "SecondaryMass": 10, "PROCAMASS": 9e-18, "p0": 11.05, "e0": 0.2, "BHSpin": 1, "Trajectory Exit Reason": "Separatrix reached!", "mismatch": 0.009521303174018447, "faithfulness": 0.9771649813259287, "DeltaNOrbits": 0.005347213787583192}