{"SMBHMASS": 500000.0, "SecondaryMass": 10, "PROCAMASS": 8e-18, "p0": 14.56, "e0": 0.7, "BHSpin": 1, "Trajectory Exit Reason": "Separatrix reached!", "mismatch": 5.108691247812658e-12, "faithfulness": 0.9999999999941557, "DeltaNOrbits": 7.59928951844816e-08}