{"SMBHMASS": 300000.0, "SecondaryMass": 10, "PROCAMASS": 1e-17, "p0": 20.0, "e0": 0.3, "BHSpin": 1, "Trajectory Exit Reason": "Separatrix reached!", "mismatch": 1.3034018309099338e-13, "faithfulness": 0.9999999999998922, "DeltaNOrbits": 8.65261052082236e-09}