{"SMBHMASS": 400000.0, "SecondaryMass": 10, "PROCAMASS": 1e-17, "p0": 17.4, "e0": 0.1, "BHSpin": 1, "Trajectory Exit Reason": "Separatrix reached!", "mismatch": 1.376054825641404e-11, "faithfulness": 0.9999999999817951, "DeltaNOrbits": 1.6612271077022116e-07}