{"SMBHMASS": 400000.0, "SecondaryMass": 10, "PROCAMASS": 9e-18, "p0": 17.35, "e0": 0.2, "BHSpin": 1, "Trajectory Exit Reason": "Separatrix reached!", "mismatch": 1.2443379659998755e-12, "faithfulness": 0.9999999999987421, "DeltaNOrbits": 3.733406894958684e-08}