{"SMBHMASS": 100000.0, "SecondaryMass": 10, "PROCAMASS": 6e-17, "p0": 34.95, "e0": 0.2, "BHSpin": 1, "Trajectory Exit Reason": "Separatrix reached!", "mismatch": 0.0013709163347882525, "faithfulness": 0.9993285981929365, "DeltaNOrbits": 0.0010560740147657346}