{"SMBHMASS": 900000.0, "SecondaryMass": 10, "PROCAMASS": 6e-18, "p0": 11.95, "e0": 0.2, "BHSpin": 1, "Trajectory Exit Reason": "Separatrix reached!", "mismatch": 1.364975654727374e-08, "faithfulness": 0.9999999676840045, "DeltaNOrbits": 6.230935675205561e-06}