{"SMBHMASS": 10000000.0, "SecondaryMass": 10, "PROCAMASS": 7e-19, "p0": 4.83, "e0": 0.1, "BHSpin": 1, "Trajectory Exit Reason": "Separatrix reached!", "mismatch": 1.5887114956925075e-09, "faithfulness": 0.9999998793720131, "DeltaNOrbits": -2.34676352674742e-05}