{"SMBHMASS": 40000000.0, "SecondaryMass": 10, "PROCAMASS": 7e-19, "p0": 4.83, "e0": 0.1, "BHSpin": 1, "Trajectory Exit Reason": "Integration reached time boundary. Boundary location t = 1281421.47", "mismatch": 0.9943072550945607, "faithfulness": 0.06955236933481895, "DeltaNOrbits": -405.1418738045805}