{"SMBHMASS": 500000.0, "SecondaryMass": 10, "PROCAMASS": 6e-18, "p0": 15.6, "e0": 0.1, "BHSpin": 1, "Trajectory Exit Reason": "Separatrix reached!", "mismatch": 3.219646771412954e-14, "faithfulness": 0.9999999999999648, "DeltaNOrbits": 2.871851457660526e-09}