{"SMBHMASS": 800000.0, "SecondaryMass": 10, "PROCAMASS": 4e-18, "p0": 12.899999999999999, "e0": 0.1, "BHSpin": 1, "Trajectory Exit Reason": "Separatrix reached!", "mismatch": 8.304468224196171e-14, "faithfulness": 0.9999999999999245, "DeltaNOrbits": 2.7421549402177927e-09}