{"SMBHMASS": 9000000.0, "SecondaryMass": 10, "PROCAMASS": 3e-18, "p0": 5.004, "e0": 0.1, "BHSpin": 1, "Trajectory Exit Reason": "Separatrix reached!", "mismatch": 1.0049071723601106, "faithfulness": -0.006010643997213172, "DeltaNOrbits": -1386.3937705886285}