{"SMBHMASS": 400000.0, "SecondaryMass": 10, "PROCAMASS": 1e-16, "p0": 16.625, "e0": 0.6, "BHSpin": 1, "Trajectory Exit Reason": "Separatrix reached!", "mismatch": 0.9977752322861343, "faithfulness": 0.001014557728842217, "DeltaNOrbits": 530.5012439581758}