{"SMBHMASS": 600000.0, "SecondaryMass": 10, "PROCAMASS": 1e-17, "p0": 13.741999999999999, "e0": 0.7, "BHSpin": 1, "Trajectory Exit Reason": "Separatrix reached!", "mismatch": 4.1868519329302245e-07, "faithfulness": 0.9999993602283177, "DeltaNOrbits": 2.413715185060599e-05}