{"SMBHMASS": 700000.0, "SecondaryMass": 10, "PROCAMASS": 1e-17, "p0": 13.590000000000002, "e0": 0.4, "BHSpin": 1, "Trajectory Exit Reason": "Separatrix reached!", "mismatch": 1.2579929543732327e-05, "faithfulness": 0.9999751720545818, "DeltaNOrbits": 0.00017351819147554503}