{"SMBHMASS": 1000000.0, "SecondaryMass": 10, "PROCAMASS": 6e-18, "p0": 10.47, "e0": 0.7, "BHSpin": 1, "Trajectory Exit Reason": "Separatrix reached!", "mismatch": 5.998627694570047e-08, "faithfulness": 0.9999998937340566, "DeltaNOrbits": 1.0579558000653851e-05}