{"SMBHMASS": 500000.0, "SecondaryMass": 10, "PROCAMASS": 6e-18, "p0": 14.56, "e0": 0.7, "BHSpin": 1, "Trajectory Exit Reason": "Separatrix reached!", "mismatch": 5.762057497804562e-14, "faithfulness": 0.9999999999999755, "DeltaNOrbits": 1.9825039094817825e-09}