{"SMBHMASS": 700000.0, "SecondaryMass": 10, "PROCAMASS": 2e-17, "p0": 13.7, "e0": 0.3, "BHSpin": 1, "Trajectory Exit Reason": "Separatrix reached!", "mismatch": 0.9327049912754446, "faithfulness": 0.006685405015129538, "DeltaNOrbits": 3.6278707843041675}