{"SMBHMASS": 30000000.0, "SecondaryMass": 10, "PROCAMASS": 8e-19, "p0": 4.609999999999999, "e0": 0.6, "BHSpin": 1, "Trajectory Exit Reason": "Integration reached time boundary. Boundary location t = 1708561.96", "mismatch": 0.9199946991294006, "faithfulness": 0.04250318776982202, "DeltaNOrbits": 4.164172286041788}