{"SMBHMASS": 300000.0, "SecondaryMass": 10, "PROCAMASS": 2e-17, "p0": 19.800000000000004, "e0": 0.4, "BHSpin": 1, "Trajectory Exit Reason": "Separatrix reached!", "mismatch": 5.561346913207643e-06, "faithfulness": 0.9999932913162931, "DeltaNOrbits": 9.460551270617083e-05}