{"SMBHMASS": 100000.0, "SecondaryMass": 10, "PROCAMASS": 7e-17, "p0": 34.2, "e0": 0.5, "BHSpin": 1, "Trajectory Exit Reason": "Separatrix reached!", "mismatch": 0.05996718060117079, "faithfulness": 0.9680551523259616, "DeltaNOrbits": 0.0066173805858465865}