{"SMBHMASS": 500000.0, "SecondaryMass": 10, "PROCAMASS": 7e-18, "p0": 15.549999999999999, "e0": 0.2, "BHSpin": 1, "Trajectory Exit Reason": "Separatrix reached!", "mismatch": 1.1646239528317892e-12, "faithfulness": 0.9999999999988612, "DeltaNOrbits": 3.233148899108141e-08}