{"SMBHMASS": 1000000.0, "SecondaryMass": 10, "PROCAMASS": 7e-18, "p0": 10.685, "e0": 0.6, "BHSpin": 1, "Trajectory Exit Reason": "Separatrix reached!", "mismatch": 7.694309566153024e-06, "faithfulness": 0.9999852418987426, "DeltaNOrbits": 0.00013443554481375829}