{"SMBHMASS": 900000.0, "SecondaryMass": 10, "PROCAMASS": 4e-17, "p0": 11.759999999999998, "e0": 0.5, "BHSpin": 1, "Trajectory Exit Reason": "Separatrix reached!", "mismatch": 0.9995394197429668, "faithfulness": 0.00047667342909304267, "DeltaNOrbits": 7558.042649304289}