{"SMBHMASS": 600000.0, "SecondaryMass": 10, "PROCAMASS": 6e-18, "p0": 14.469999999999999, "e0": 0.4, "BHSpin": 1, "Trajectory Exit Reason": "Separatrix reached!", "mismatch": 1.035393992765421e-12, "faithfulness": 0.9999999999988735, "DeltaNOrbits": 3.012664819455494e-08}