{"SMBHMASS": 800000.0, "SecondaryMass": 10, "PROCAMASS": 7e-18, "p0": 12.71, "e0": 0.4, "BHSpin": 1, "Trajectory Exit Reason": "Separatrix reached!", "mismatch": 2.418948419347089e-08, "faithfulness": 0.9999999497812722, "DeltaNOrbits": 7.659227837580624e-06}