{"SMBHMASS": 700000.0, "SecondaryMass": 10, "PROCAMASS": 8e-18, "p0": 13.590000000000002, "e0": 0.4, "BHSpin": 1, "Trajectory Exit Reason": "Separatrix reached!", "mismatch": 7.481719643820384e-08, "faithfulness": 0.9999998537625716, "DeltaNOrbits": 1.3163288644815346e-05}