{"SMBHMASS": 600000.0, "SecondaryMass": 10, "PROCAMASS": 7e-18, "p0": 13.741999999999999, "e0": 0.7, "BHSpin": 1, "Trajectory Exit Reason": "Separatrix reached!", "mismatch": 1.4518164448418247e-11, "faithfulness": 0.999999999980355, "DeltaNOrbits": 1.3507892291660688e-07}