{"SMBHMASS": 600000.0, "SecondaryMass": 10, "PROCAMASS": 7e-17, "p0": 14.339999999999998, "e0": 0.5, "BHSpin": 1, "Trajectory Exit Reason": "Separatrix reached!", "mismatch": 1.0003167102473698, "faithfulness": -0.000910545275913579, "DeltaNOrbits": 7543.480136402309}