{"SMBHMASS": 500000.0, "SecondaryMass": 10, "PROCAMASS": 6e-18, "p0": 15.2, "e0": 0.5, "BHSpin": 1, "Trajectory Exit Reason": "Separatrix reached!", "mismatch": 5.184741524999481e-14, "faithfulness": 0.9999999999999871, "DeltaNOrbits": 1.463717839710849e-09}