{"SMBHMASS": 600000.0, "SecondaryMass": 10, "PROCAMASS": 9e-18, "p0": 14.339999999999998, "e0": 0.5, "BHSpin": 1, "Trajectory Exit Reason": "Separatrix reached!", "mismatch": 4.685524168657196e-08, "faithfulness": 0.9999999206905467, "DeltaNOrbits": 9.70265205411265e-06}