{"SMBHMASS": 300000.0, "SecondaryMass": 10, "PROCAMASS": 2e-17, "p0": 19.15, "e0": 0.6, "BHSpin": 1, "Trajectory Exit Reason": "Separatrix reached!", "mismatch": 1.3731591802845777e-05, "faithfulness": 0.9999848166612068, "DeltaNOrbits": 0.00012366205346337972}