{"SMBHMASS": 700000.0, "SecondaryMass": 10, "PROCAMASS": 7e-18, "p0": 13.7, "e0": 0.3, "BHSpin": 1, "Trajectory Exit Reason": "Separatrix reached!", "mismatch": 2.2193652471358405e-09, "faithfulness": 0.9999999955038542, "DeltaNOrbits": 2.347914583339724e-06}