{"SMBHMASS": 1000000.0, "SecondaryMass": 10, "PROCAMASS": 3e-18, "p0": 11.1, "e0": 0.1, "BHSpin": 1, "Trajectory Exit Reason": "Separatrix reached!", "mismatch": 1.0325074129013956e-14, "faithfulness": 0.9999999999999928, "DeltaNOrbits": 1.8528073920390493e-10}