{"SMBHMASS": 900000.0, "SecondaryMass": 10, "PROCAMASS": 4e-18, "p0": 11.288, "e0": 0.7, "BHSpin": 1, "Trajectory Exit Reason": "Separatrix reached!", "mismatch": 2.4035218260110014e-12, "faithfulness": 0.9999999999982235, "DeltaNOrbits": 9.301093108036027e-09}