{"SMBHMASS": 20000000.0, "SecondaryMass": 10, "PROCAMASS": 3e-19, "p0": 4.795, "e0": 0.4, "BHSpin": 1, "Trajectory Exit Reason": "Integration reached time boundary. Boundary location t = 2562842.94", "mismatch": 2.6023294630306282e-11, "faithfulness": 0.9999999914140627, "DeltaNOrbits": -4.225859939670263e-07}