{"SMBHMASS": 600000.0, "SecondaryMass": 10, "PROCAMASS": 7e-18, "p0": 14.469999999999999, "e0": 0.4, "BHSpin": 1, "Trajectory Exit Reason": "Separatrix reached!", "mismatch": 2.408573340773046e-11, "faithfulness": 0.999999999961535, "DeltaNOrbits": 2.1953914788270695e-07}