{"SMBHMASS": 100000.0, "SecondaryMass": 10, "PROCAMASS": 3e-17, "p0": 32.5, "e0": 0.7, "BHSpin": 1, "Trajectory Exit Reason": "Separatrix reached!", "mismatch": 1.4143020088397407e-11, "faithfulness": 0.9999999999930361, "DeltaNOrbits": 6.692340300045045e-08}