{"SMBHMASS": 300000.0, "SecondaryMass": 10, "PROCAMASS": 3e-17, "p0": 19.6, "e0": 0.5, "BHSpin": 1, "Trajectory Exit Reason": "Separatrix reached!", "mismatch": 0.38376354072775876, "faithfulness": 0.49020818864108556, "DeltaNOrbits": 0.03862388632660102}