{"SMBHMASS": 900000.0, "SecondaryMass": 10, "PROCAMASS": 8e-18, "p0": 11.288, "e0": 0.7, "BHSpin": 1, "Trajectory Exit Reason": "Separatrix reached!", "mismatch": 7.021131734141761e-05, "faithfulness": 0.9998755670550431, "DeltaNOrbits": 0.00034171804755683333}