{"SMBHMASS": 100000.0, "SecondaryMass": 10, "PROCAMASS": 5e-17, "p0": 34.8, "e0": 0.3, "BHSpin": 1, "Trajectory Exit Reason": "Separatrix reached!", "mismatch": 1.9837586849646982e-05, "faithfulness": 0.9999899701612147, "DeltaNOrbits": 0.0001196080553053765}