{"SMBHMASS": 1000000.0, "SecondaryMass": 10, "PROCAMASS": 5e-18, "p0": 11.05, "e0": 0.2, "BHSpin": 1, "Trajectory Exit Reason": "Separatrix reached!", "mismatch": 4.86785944886492e-10, "faithfulness": 0.9999999988763795, "DeltaNOrbits": 1.1503339974213642e-06}