{"SMBHMASS": 60000000.0, "SecondaryMass": 10, "PROCAMASS": 4e-19, "p0": 4.76, "e0": 0.5, "BHSpin": 1, "Trajectory Exit Reason": "Integration reached time boundary. Boundary location t = 854280.98", "mismatch": 0.9787671745366562, "faithfulness": 0.5647762890017335, "DeltaNOrbits": -22.46146474057766}