{"SMBHMASS": 300000.0, "SecondaryMass": 10, "PROCAMASS": 9e-18, "p0": 19.800000000000004, "e0": 0.4, "BHSpin": 1, "Trajectory Exit Reason": "Separatrix reached!", "mismatch": 3.9968028886505635e-15, "faithfulness": 0.9999999999999923, "DeltaNOrbits": 9.81987917780696e-10}