{"SMBHMASS": 600000.0, "SecondaryMass": 10, "PROCAMASS": 1e-17, "p0": 13.741999999999999, "e0": 0.7, "BHSpin": 1, "Trajectory Exit Reason": "Separatrix reached!", "mismatch": 1.0269374334237469e-06, "faithfulness": 0.9999984456494085, "DeltaNOrbits": 3.6721892123220176e-05}