{"SMBHMASS": 500000.0, "SecondaryMass": 10, "PROCAMASS": 6e-17, "p0": 14.56, "e0": 0.7, "BHSpin": 1, "Trajectory Exit Reason": "Separatrix reached!", "mismatch": 0.9994517201616433, "faithfulness": 0.00010068415508783846, "DeltaNOrbits": 11044.45052926646}