{"SMBHMASS": 600000.0, "SecondaryMass": 10, "PROCAMASS": 1e-17, "p0": 14.649999999999997, "e0": 0.2, "BHSpin": 1, "Trajectory Exit Reason": "Separatrix reached!", "mismatch": 1.0672382865228869e-06, "faithfulness": 0.9999979564668591, "DeltaNOrbits": 5.213572105888664e-05}