{"SMBHMASS": 600000.0, "SecondaryMass": 10, "PROCAMASS": 1e-17, "p0": 14.649999999999997, "e0": 0.2, "BHSpin": 1, "Trajectory Exit Reason": "Separatrix reached!", "mismatch": 4.942797554585709e-07, "faithfulness": 0.9999990458192001, "DeltaNOrbits": 3.581623060595453e-05}