{"SMBHMASS": 3000000.0, "SecondaryMass": 10, "PROCAMASS": 8e-18, "p0": 6.984999999999999, "e0": 0.2, "BHSpin": 1, "Trajectory Exit Reason": "Separatrix reached!", "mismatch": 0.9957471939843745, "faithfulness": 0.0012482685482212768, "DeltaNOrbits": -176.4447200360219}