{"SMBHMASS": 600000.0, "SecondaryMass": 10, "PROCAMASS": 9e-18, "p0": 14.599999999999998, "e0": 0.3, "BHSpin": 1, "Trajectory Exit Reason": "Separatrix reached!", "mismatch": 9.8328548081561e-08, "faithfulness": 0.9999998182002987, "DeltaNOrbits": 1.5836556206197126e-05}