{"SMBHMASS": 900000.0, "SecondaryMass": 10, "PROCAMASS": 4e-18, "p0": 11.523999999999997, "e0": 0.6, "BHSpin": 1, "Trajectory Exit Reason": "Separatrix reached!", "mismatch": 2.3669954885008337e-13, "faithfulness": 0.9999999999997848, "DeltaNOrbits": 9.07875622099134e-09}