{"SMBHMASS": 70000000.0, "SecondaryMass": 10, "PROCAMASS": 1e-19, "p0": 4.83, "e0": 0.1, "BHSpin": 1, "Trajectory Exit Reason": "Integration reached time boundary. Boundary location t = 732240.84", "mismatch": 4.8940185237711376e-11, "faithfulness": 0.9998167372019202, "DeltaNOrbits": -6.839586377504249e-07}