{"SMBHMASS": 1000000.0, "SecondaryMass": 10, "PROCAMASS": 6e-18, "p0": 11.05, "e0": 0.2, "BHSpin": 1, "Trajectory Exit Reason": "Separatrix reached!", "mismatch": 4.0284993785277834e-08, "faithfulness": 0.9999999053143781, "DeltaNOrbits": 1.0540009826870778e-05}