{"SMBHMASS": 700000.0, "SecondaryMass": 10, "PROCAMASS": 4e-18, "p0": 12.924, "e0": 0.7, "BHSpin": 1, "Trajectory Exit Reason": "Separatrix reached!", "mismatch": 1.865174681370263e-14, "faithfulness": 0.9999999999999758, "DeltaNOrbits": 1.6489985789147538e-09}