{"SMBHMASS": 700000.0, "SecondaryMass": 10, "PROCAMASS": 8e-18, "p0": 12.924, "e0": 0.7, "BHSpin": 1, "Trajectory Exit Reason": "Separatrix reached!", "mismatch": 2.7887711928631376e-07, "faithfulness": 0.9999995465492979, "DeltaNOrbits": 2.0392368718260182e-05}