{"SMBHMASS": 100000.0, "SecondaryMass": 10, "PROCAMASS": 7e-17, "p0": 32.5, "e0": 0.7, "BHSpin": 1, "Trajectory Exit Reason": "Separatrix reached!", "mismatch": 0.24981392885083586, "faithfulness": 0.8020669256086709, "DeltaNOrbits": 0.01412130942435173}