{"SMBHMASS": 900000.0, "SecondaryMass": 10, "PROCAMASS": 8e-18, "p0": 11.288, "e0": 0.7, "BHSpin": 1, "Trajectory Exit Reason": "Separatrix reached!", "mismatch": 4.6212329038675115e-05, "faithfulness": 0.9999183381612732, "DeltaNOrbits": 0.000278010108408934}