{"SMBHMASS": 300000.0, "SecondaryMass": 10, "PROCAMASS": 7e-17, "p0": 20.0, "e0": 0.3, "BHSpin": 1, "Trajectory Exit Reason": "Separatrix reached!", "mismatch": 0.9941994892515217, "faithfulness": 0.0021916656047810566, "DeltaNOrbits": 429.981867623746}