{"SMBHMASS": 400000.0, "SecondaryMass": 10, "PROCAMASS": 7e-18, "p0": 17.35, "e0": 0.2, "BHSpin": 1, "Trajectory Exit Reason": "Separatrix reached!", "mismatch": 3.519406988061746e-14, "faithfulness": 0.999999999999972, "DeltaNOrbits": 1.5193020614720204e-09}