{"SMBHMASS": 400000.0, "SecondaryMass": 10, "PROCAMASS": 2e-17, "p0": 16.625, "e0": 0.6, "BHSpin": 1, "Trajectory Exit Reason": "Separatrix reached!", "mismatch": 0.01165358444316067, "faithfulness": 0.9849889029978028, "DeltaNOrbits": 0.003996813332992195}