{"SMBHMASS": 100000.0, "SecondaryMass": 10, "PROCAMASS": 5e-17, "p0": 32.5, "e0": 0.7, "BHSpin": 1, "Trajectory Exit Reason": "Separatrix reached!", "mismatch": 1.2650123645485678e-05, "faithfulness": 0.9999935442800313, "DeltaNOrbits": 6.840385169091142e-05}