{"SMBHMASS": 800000.0, "SecondaryMass": 10, "PROCAMASS": 4e-18, "p0": 12.71, "e0": 0.4, "BHSpin": 1, "Trajectory Exit Reason": "Separatrix reached!", "mismatch": 3.717026686445024e-13, "faithfulness": 0.99999999999972, "DeltaNOrbits": 7.54092608559893e-09}