{"SMBHMASS": 40000000.0, "SecondaryMass": 10, "PROCAMASS": 4e-19, "p0": 4.83, "e0": 0.1, "BHSpin": 1, "Trajectory Exit Reason": "Integration reached time boundary. Boundary location t = 1281421.47", "mismatch": 0.7234073684842757, "faithfulness": 0.2809514533451765, "DeltaNOrbits": -0.30412594332814596}