{"SMBHMASS": 900000.0, "SecondaryMass": 10, "PROCAMASS": 8e-18, "p0": 11.759999999999998, "e0": 0.5, "BHSpin": 1, "Trajectory Exit Reason": "Separatrix reached!", "mismatch": 6.653415111412819e-05, "faithfulness": 0.9998634504524093, "DeltaNOrbits": 0.0004092262892105809}