{"SMBHMASS": 100000.0, "SecondaryMass": 10, "PROCAMASS": 5e-17, "p0": 33.35, "e0": 0.6, "BHSpin": 1, "Trajectory Exit Reason": "Separatrix reached!", "mismatch": 6.2263178538524144e-06, "faithfulness": 0.9999969921530532, "DeltaNOrbits": 5.544311195019378e-05}