{"SMBHMASS": 60000000.0, "SecondaryMass": 10, "PROCAMASS": 1e-19, "p0": 4.76, "e0": 0.5, "BHSpin": 1, "Trajectory Exit Reason": "Integration reached time boundary. Boundary location t = 854280.98", "mismatch": 3.855915586825631e-12, "faithfulness": 0.9999999299697725, "DeltaNOrbits": -1.3789924316867633e-07}