{"SMBHMASS": 500000.0, "SecondaryMass": 10, "PROCAMASS": 2e-17, "p0": 14.56, "e0": 0.7, "BHSpin": 1, "Trajectory Exit Reason": "Separatrix reached!", "mismatch": 0.7114618533456032, "faithfulness": 0.09085435365111257, "DeltaNOrbits": 0.08686799966157223}