{"SMBHMASS": 100000.0, "SecondaryMass": 10, "PROCAMASS": 5e-17, "p0": 35.1, "e0": 0.1, "BHSpin": 1, "Trajectory Exit Reason": "Separatrix reached!", "mismatch": 3.363981570925212e-05, "faithfulness": 0.999983358094166, "DeltaNOrbits": 0.00016642382902757534}