{"SMBHMASS": 500000.0, "SecondaryMass": 10, "PROCAMASS": 8e-18, "p0": 14.879999999999999, "e0": 0.6, "BHSpin": 1, "Trajectory Exit Reason": "Separatrix reached!", "mismatch": 7.000844348681312e-12, "faithfulness": 0.9999999999916044, "DeltaNOrbits": 9.523429995080713e-08}