{"SMBHMASS": 300000.0, "SecondaryMass": 10, "PROCAMASS": 1e-17, "p0": 19.15, "e0": 0.6, "BHSpin": 1, "Trajectory Exit Reason": "Separatrix reached!", "mismatch": 5.128120150743598e-13, "faithfulness": 0.999999999999715, "DeltaNOrbits": 3.464749823113022e-09}