{"SMBHMASS": 400000.0, "SecondaryMass": 10, "PROCAMASS": 1e-17, "p0": 17.35, "e0": 0.2, "BHSpin": 1, "Trajectory Exit Reason": "Separatrix reached!", "mismatch": 8.340217405589101e-12, "faithfulness": 0.9999999999891402, "DeltaNOrbits": 1.2708405901995838e-07}