{"SMBHMASS": 700000.0, "SecondaryMass": 10, "PROCAMASS": 6e-18, "p0": 12.924, "e0": 0.7, "BHSpin": 1, "Trajectory Exit Reason": "Separatrix reached!", "mismatch": 3.519962099574059e-11, "faithfulness": 0.999999999948162, "DeltaNOrbits": 2.090707861176863e-07}