{"SMBHMASS": 600000.0, "SecondaryMass": 10, "PROCAMASS": 7e-18, "p0": 14.649999999999997, "e0": 0.2, "BHSpin": 1, "Trajectory Exit Reason": "Separatrix reached!", "mismatch": 2.7742697028543262e-11, "faithfulness": 0.9999999999520949, "DeltaNOrbits": 2.428104087267174e-07}