{"SMBHMASS": 400000.0, "SecondaryMass": 10, "PROCAMASS": 8e-18, "p0": 17.3, "e0": 0.3, "BHSpin": 1, "Trajectory Exit Reason": "Separatrix reached!", "mismatch": 4.932720898409571e-13, "faithfulness": 0.9999999999996446, "DeltaNOrbits": 1.3673718553248184e-08}