{"SMBHMASS": 300000.0, "SecondaryMass": 10, "PROCAMASS": 9e-18, "p0": 19.15, "e0": 0.6, "BHSpin": 1, "Trajectory Exit Reason": "Separatrix reached!", "mismatch": 8.881784197001252e-14, "faithfulness": 0.9999999999999628, "DeltaNOrbits": 1.0746282873826486e-09}