{"SMBHMASS": 1000000.0, "SecondaryMass": 10, "PROCAMASS": 3e-18, "p0": 10.9, "e0": 0.5, "BHSpin": 1, "Trajectory Exit Reason": "Separatrix reached!", "mismatch": 2.0056178939853453e-12, "faithfulness": 0.9999999999984118, "DeltaNOrbits": 1.0774074984707072e-08}