{"SMBHMASS": 400000.0, "SecondaryMass": 10, "PROCAMASS": 9e-18, "p0": 17.3, "e0": 0.3, "BHSpin": 1, "Trajectory Exit Reason": "Separatrix reached!", "mismatch": 1.8997026174361054e-12, "faithfulness": 0.999999999997949, "DeltaNOrbits": 4.8636194041025043e-08}