{"SMBHMASS": 100000.0, "SecondaryMass": 10, "PROCAMASS": 4e-17, "p0": 34.2, "e0": 0.5, "BHSpin": 1, "Trajectory Exit Reason": "Separatrix reached!", "mismatch": 1.5966310273896056e-08, "faithfulness": 0.9999999918819856, "DeltaNOrbits": 3.0290992210228804e-06}