{"SMBHMASS": 600000.0, "SecondaryMass": 10, "PROCAMASS": 9e-18, "p0": 14.339999999999998, "e0": 0.5, "BHSpin": 1, "Trajectory Exit Reason": "Separatrix reached!", "mismatch": 7.464784435029514e-08, "faithfulness": 0.9999998741302072, "DeltaNOrbits": 1.2365766230986057e-05}