{"SMBHMASS": 100000.0, "SecondaryMass": 10, "PROCAMASS": 5e-17, "p0": 33.35, "e0": 0.6, "BHSpin": 1, "Trajectory Exit Reason": "Separatrix reached!", "mismatch": 3.074841011130314e-05, "faithfulness": 0.9999843273668124, "DeltaNOrbits": 0.00011902256816949217}