{"SMBHMASS": 1000000.0, "SecondaryMass": 10, "PROCAMASS": 4e-18, "p0": 10.47, "e0": 0.7, "BHSpin": 1, "Trajectory Exit Reason": "Separatrix reached!", "mismatch": 1.660005466419534e-12, "faithfulness": 0.9999999999981697, "DeltaNOrbits": 2.9746822679186934e-08}