{"SMBHMASS": 1000000.0, "SecondaryMass": 10, "PROCAMASS": 9e-18, "p0": 11.05, "e0": 0.2, "BHSpin": 1, "Trajectory Exit Reason": "Separatrix reached!", "mismatch": 0.0033942867693370626, "faithfulness": 0.9920098508877224, "DeltaNOrbits": 0.0030491571209507297}