{"SMBHMASS": 800000.0, "SecondaryMass": 10, "PROCAMASS": 5e-18, "p0": 12.62, "e0": 0.5, "BHSpin": 1, "Trajectory Exit Reason": "Separatrix reached!", "mismatch": 4.476419235288631e-12, "faithfulness": 0.9999999999933243, "DeltaNOrbits": 7.935574060103247e-08}