{"SMBHMASS": 600000.0, "SecondaryMass": 10, "PROCAMASS": 9e-18, "p0": 14.649999999999997, "e0": 0.2, "BHSpin": 1, "Trajectory Exit Reason": "Separatrix reached!", "mismatch": 3.025863737349255e-08, "faithfulness": 0.9999999418708192, "DeltaNOrbits": 8.68016176674198e-06}