{"SMBHMASS": 700000.0, "SecondaryMass": 10, "PROCAMASS": 6e-18, "p0": 12.924, "e0": 0.7, "BHSpin": 1, "Trajectory Exit Reason": "Separatrix reached!", "mismatch": 1.2784662217768528e-11, "faithfulness": 0.9999999999819178, "DeltaNOrbits": 1.325035206416726e-07}