{"SMBHMASS": 6000000.0, "SecondaryMass": 10, "PROCAMASS": 5e-19, "p0": 5.526, "e0": 0.1, "BHSpin": 1, "Trajectory Exit Reason": "Separatrix reached!", "mismatch": -1.3322676295501878e-15, "faithfulness": 0.999999999999875, "DeltaNOrbits": -2.779211088058574e-10}