{"SMBHMASS": 400000.0, "SecondaryMass": 10, "PROCAMASS": 1e-17, "p0": 17.0, "e0": 0.5, "BHSpin": 1, "Trajectory Exit Reason": "Separatrix reached!", "mismatch": 2.3123503112287835e-11, "faithfulness": 0.9999999999715278, "DeltaNOrbits": 1.7622051105683398e-07}