{"SMBHMASS": 500000.0, "SecondaryMass": 10, "PROCAMASS": 1e-17, "p0": 15.2, "e0": 0.5, "BHSpin": 1, "Trajectory Exit Reason": "Separatrix reached!", "mismatch": 9.36472377421893e-09, "faithfulness": 0.9999999861742318, "DeltaNOrbits": 4.419279135343699e-06}