{"SMBHMASS": 100000.0, "SecondaryMass": 10, "PROCAMASS": 9e-17, "p0": 34.8, "e0": 0.3, "BHSpin": 1, "Trajectory Exit Reason": "Separatrix reached!", "mismatch": 0.6960087636571057, "faithfulness": 0.21803796130361544, "DeltaNOrbits": 0.2269085866019566}