{"SMBHMASS": 400000.0, "SecondaryMass": 10, "PROCAMASS": 8e-18, "p0": 17.3, "e0": 0.3, "BHSpin": 1, "Trajectory Exit Reason": "Separatrix reached!", "mismatch": 5.878630915390204e-13, "faithfulness": 0.9999999999996635, "DeltaNOrbits": 1.017191258229438e-08}