{"SMBHMASS": 60000000.0, "SecondaryMass": 10, "PROCAMASS": 4e-19, "p0": 4.795, "e0": 0.4, "BHSpin": 1, "Trajectory Exit Reason": "Integration reached time boundary. Boundary location t = 854280.98", "mismatch": 0.9701999234428517, "faithfulness": 0.21732219034192993, "DeltaNOrbits": -13.259996640787747}