{"SMBHMASS": 600000.0, "SecondaryMass": 10, "PROCAMASS": 5e-18, "p0": 14.599999999999998, "e0": 0.3, "BHSpin": 1, "Trajectory Exit Reason": "Separatrix reached!", "mismatch": 2.1005419625907962e-13, "faithfulness": 0.9999999999998544, "DeltaNOrbits": 2.3160092400488116e-09}