{"SMBHMASS": 500000.0, "SecondaryMass": 10, "PROCAMASS": 6e-17, "p0": 15.6, "e0": 0.1, "BHSpin": 1, "Trajectory Exit Reason": "Separatrix reached!", "mismatch": 0.9979877619385302, "faithfulness": 0.0003856906660514293, "DeltaNOrbits": 1614.523629393131}