{"SMBHMASS": 500000.0, "SecondaryMass": 10, "PROCAMASS": 8e-18, "p0": 15.5, "e0": 0.3, "BHSpin": 1, "Trajectory Exit Reason": "Separatrix reached!", "mismatch": 2.6787350115853314e-11, "faithfulness": 0.9999999999622312, "DeltaNOrbits": 2.356029879716855e-07}