{"SMBHMASS": 50000000.0, "SecondaryMass": 10, "PROCAMASS": 3e-19, "p0": 4.83, "e0": 0.3, "BHSpin": 1, "Trajectory Exit Reason": "Integration reached time boundary. Boundary location t = 1025137.18", "mismatch": 0.01836704612889739, "faithfulness": 0.927697997580169, "DeltaNOrbits": -0.0033636909915244163}