{"SMBHMASS": 100000.0, "SecondaryMass": 10, "PROCAMASS": 3e-17, "p0": 35.1, "e0": 0.1, "BHSpin": 1, "Trajectory Exit Reason": "Separatrix reached!", "mismatch": 6.0428329007322645e-12, "faithfulness": 0.9999999999971076, "DeltaNOrbits": 2.7458605550018708e-08}