{"SMBHMASS": 100000.0, "SecondaryMass": 10, "PROCAMASS": 8e-17, "p0": 34.2, "e0": 0.5, "BHSpin": 1, "Trajectory Exit Reason": "Separatrix reached!", "mismatch": 0.4187957107655872, "faithfulness": 0.5624695971644716, "DeltaNOrbits": 0.042203647649272806}