{"SMBHMASS": 400000.0, "SecondaryMass": 10, "PROCAMASS": 8e-18, "p0": 16.25, "e0": 0.7, "BHSpin": 1, "Trajectory Exit Reason": "Separatrix reached!", "mismatch": 1.5198953207118393e-13, "faithfulness": 0.9999999999999072, "DeltaNOrbits": 5.428725658674414e-09}