{"SMBHMASS": 700000.0, "SecondaryMass": 10, "PROCAMASS": 8e-18, "p0": 13.479999999999999, "e0": 0.5, "BHSpin": 1, "Trajectory Exit Reason": "Separatrix reached!", "mismatch": 5.313953266306015e-08, "faithfulness": 0.9999999011340696, "DeltaNOrbits": 1.0603283199308912e-05}