{"SMBHMASS": 1000000.0, "SecondaryMass": 10, "PROCAMASS": 7e-18, "p0": 10.9, "e0": 0.5, "BHSpin": 1, "Trajectory Exit Reason": "Separatrix reached!", "mismatch": 1.1425323758529338e-05, "faithfulness": 0.9999762698029363, "DeltaNOrbits": 0.00017703972058118707}