{"SMBHMASS": 500000.0, "SecondaryMass": 10, "PROCAMASS": 5e-17, "p0": 15.350000000000001, "e0": 0.4, "BHSpin": 1, "Trajectory Exit Reason": "Separatrix reached!", "mismatch": 0.9981499553450627, "faithfulness": 0.00044423018332735747, "DeltaNOrbits": 2235.509139529491}