{"SMBHMASS": 1000000.0, "SecondaryMass": 10, "PROCAMASS": 8e-18, "p0": 10.9, "e0": 0.5, "BHSpin": 1, "Trajectory Exit Reason": "Separatrix reached!", "mismatch": 4.9030946042027956e-05, "faithfulness": 0.9999004589860382, "DeltaNOrbits": 0.0003210013819607445}