{"SMBHMASS": 200000.0, "SecondaryMass": 10, "PROCAMASS": 3e-17, "p0": 27.6, "e0": 0.1, "BHSpin": 1, "Trajectory Exit Reason": "Separatrix reached!", "mismatch": 0.00023993928784271645, "faithfulness": 0.999734249698791, "DeltaNOrbits": 0.0005332859180841443}