{"SMBHMASS": 1000000.0, "SecondaryMass": 10, "PROCAMASS": 1e-17, "p0": 10.47, "e0": 0.7, "BHSpin": 1, "Trajectory Exit Reason": "Separatrix reached!", "mismatch": 0.14478578320657387, "faithfulness": 0.7451021134879825, "DeltaNOrbits": 0.01749526494103593}