{"SMBHMASS": 500000.0, "SecondaryMass": 10, "PROCAMASS": 9e-18, "p0": 15.549999999999999, "e0": 0.2, "BHSpin": 1, "Trajectory Exit Reason": "Separatrix reached!", "mismatch": 1.422395534689258e-10, "faithfulness": 0.9999999997729105, "DeltaNOrbits": 6.581912979479518e-07}