{"SMBHMASS": 1000000.0, "SecondaryMass": 10, "PROCAMASS": 6e-18, "p0": 10.9, "e0": 0.5, "BHSpin": 1, "Trajectory Exit Reason": "Separatrix reached!", "mismatch": 9.543064849459881e-08, "faithfulness": 0.9999998031858389, "DeltaNOrbits": 1.5793737827367104e-05}