{"SMBHMASS": 400000.0, "SecondaryMass": 10, "PROCAMASS": 2e-17, "p0": 17.4, "e0": 0.1, "BHSpin": 1, "Trajectory Exit Reason": "Separatrix reached!", "mismatch": 0.011933753163570149, "faithfulness": 0.9825227193684676, "DeltaNOrbits": 0.005194034974534495}