{"SMBHMASS": 600000.0, "SecondaryMass": 10, "PROCAMASS": 7e-18, "p0": 14.339999999999998, "e0": 0.5, "BHSpin": 1, "Trajectory Exit Reason": "Separatrix reached!", "mismatch": 6.463907187281848e-11, "faithfulness": 0.9999999998991539, "DeltaNOrbits": 3.434734343361989e-07}