{"SMBHMASS": 700000.0, "SecondaryMass": 10, "PROCAMASS": 1e-17, "p0": 13.799999999999999, "e0": 0.1, "BHSpin": 1, "Trajectory Exit Reason": "Separatrix reached!", "mismatch": 1.5469739431228646e-05, "faithfulness": 0.999965897578203, "DeltaNOrbits": 0.0002055936039569727}