{"SMBHMASS": 1000000.0, "SecondaryMass": 10, "PROCAMASS": 6e-18, "p0": 11.1, "e0": 0.1, "BHSpin": 1, "Trajectory Exit Reason": "Separatrix reached!", "mismatch": 8.599972511902365e-08, "faithfulness": 0.9999997882921581, "DeltaNOrbits": 1.5760646687345287e-05}