{"SMBHMASS": 500000.0, "SecondaryMass": 10, "PROCAMASS": 8e-18, "p0": 15.6, "e0": 0.1, "BHSpin": 1, "Trajectory Exit Reason": "Separatrix reached!", "mismatch": 2.0953350166053042e-11, "faithfulness": 0.9999999999695905, "DeltaNOrbits": 2.1157207609693902e-07}