{"SMBHMASS": 500000.0, "SecondaryMass": 10, "PROCAMASS": 6e-18, "p0": 14.56, "e0": 0.7, "BHSpin": 1, "Trajectory Exit Reason": "Separatrix reached!", "mismatch": 1.2090328738167955e-13, "faithfulness": 0.9999999999999295, "DeltaNOrbits": 3.2979971578295076e-09}