{"SMBHMASS": 80000000.0, "SecondaryMass": 10, "PROCAMASS": 1e-19, "p0": 4.795, "e0": 0.4, "BHSpin": 1, "Trajectory Exit Reason": "Integration reached time boundary. Boundary location t = 640710.74", "mismatch": 1.0890061075130575e-09, "faithfulness": 0.9998108417353372, "DeltaNOrbits": -1.5216655489014901e-06}