{"SMBHMASS": 100000.0, "SecondaryMass": 10, "PROCAMASS": 4e-17, "p0": 33.35, "e0": 0.6, "BHSpin": 1, "Trajectory Exit Reason": "Separatrix reached!", "mismatch": 3.47637586495253e-08, "faithfulness": 0.9999999822915489, "DeltaNOrbits": 4.0008966981473615e-06}