{"SMBHMASS": 80000000.0, "SecondaryMass": 10, "PROCAMASS": 5e-19, "p0": 4.83, "e0": 0.2, "BHSpin": 1, "Trajectory Exit Reason": "Integration reached time boundary. Boundary location t = 640710.74", "mismatch": 0.9728497905829196, "faithfulness": 0.7391690769143391, "DeltaNOrbits": -20.03444309010582}