{"SMBHMASS": 300000.0, "SecondaryMass": 10, "PROCAMASS": 3e-17, "p0": 19.6, "e0": 0.5, "BHSpin": 1, "Trajectory Exit Reason": "Separatrix reached!", "mismatch": 0.21441357665167404, "faithfulness": 0.7292836618993191, "DeltaNOrbits": 0.022018675761235822}