{"SMBHMASS": 800000.0, "SecondaryMass": 10, "PROCAMASS": 6e-18, "p0": 12.62, "e0": 0.5, "BHSpin": 1, "Trajectory Exit Reason": "Separatrix reached!", "mismatch": 9.725036331786896e-10, "faithfulness": 0.9999999981208613, "DeltaNOrbits": 1.4701841375090652e-06}