{"SMBHMASS": 100000.0, "SecondaryMass": 10, "PROCAMASS": 6e-17, "p0": 34.8, "e0": 0.3, "BHSpin": 1, "Trajectory Exit Reason": "Separatrix reached!", "mismatch": 0.001963557209961664, "faithfulness": 0.9990081771913247, "DeltaNOrbits": 0.001200488567120165}