{"SMBHMASS": 50000000.0, "SecondaryMass": 10, "PROCAMASS": 4e-19, "p0": 4.609999999999999, "e0": 0.6, "BHSpin": 1, "Trajectory Exit Reason": "Integration reached time boundary. Boundary location t = 1025137.18", "mismatch": 0.8458579252991073, "faithfulness": 0.16152827707030942, "DeltaNOrbits": -0.3255897063986045}