{"SMBHMASS": 400000.0, "SecondaryMass": 10, "PROCAMASS": 7e-18, "p0": 17.150000000000002, "e0": 0.4, "BHSpin": 1, "Trajectory Exit Reason": "Separatrix reached!", "mismatch": 9.992007221626409e-16, "faithfulness": 0.999999999999995, "DeltaNOrbits": 1.204324804825382e-09}