{"SMBHMASS": 80000000.0, "SecondaryMass": 10, "PROCAMASS": 1e-19, "p0": 4.83, "e0": 0.2, "BHSpin": 1, "Trajectory Exit Reason": "Integration reached time boundary. Boundary location t = 640710.74", "mismatch": 3.6843035289280124e-09, "faithfulness": 0.9998482713112636, "DeltaNOrbits": -6.8293368786124134e-06}