{"SMBHMASS": 600000.0, "SecondaryMass": 10, "PROCAMASS": 8e-18, "p0": 14.339999999999998, "e0": 0.5, "BHSpin": 1, "Trajectory Exit Reason": "Separatrix reached!", "mismatch": 2.79461398466907e-09, "faithfulness": 0.9999999953339026, "DeltaNOrbits": 2.377763310425473e-06}