{"SMBHMASS": 500000.0, "SecondaryMass": 10, "PROCAMASS": 9e-18, "p0": 15.2, "e0": 0.5, "BHSpin": 1, "Trajectory Exit Reason": "Separatrix reached!", "mismatch": 1.3143930388537228e-10, "faithfulness": 0.9999999998085393, "DeltaNOrbits": 5.040933071520642e-07}