{"SMBHMASS": 500000.0, "SecondaryMass": 10, "PROCAMASS": 6e-18, "p0": 15.2, "e0": 0.5, "BHSpin": 1, "Trajectory Exit Reason": "Separatrix reached!", "mismatch": 6.183942247162122e-14, "faithfulness": 0.999999999999963, "DeltaNOrbits": 2.223368870446859e-09}