{"SMBHMASS": 500000.0, "SecondaryMass": 10, "PROCAMASS": 1e-17, "p0": 15.6, "e0": 0.1, "BHSpin": 1, "Trajectory Exit Reason": "Separatrix reached!", "mismatch": 1.5098343686403837e-09, "faithfulness": 0.9999999974328035, "DeltaNOrbits": 2.031788586110021e-06}