{"SMBHMASS": 800000.0, "SecondaryMass": 10, "PROCAMASS": 5e-17, "p0": 12.799999999999999, "e0": 0.3, "BHSpin": 1, "Trajectory Exit Reason": "Separatrix reached!", "mismatch": 1.0000709007652557, "faithfulness": -0.0006618202335145349, "DeltaNOrbits": 11078.35773528158}