{"SMBHMASS": 100000.0, "SecondaryMass": 10, "PROCAMASS": 9e-17, "p0": 34.5, "e0": 0.4, "BHSpin": 1, "Trajectory Exit Reason": "Separatrix reached!", "mismatch": 0.709642133340298, "faithfulness": 0.20394096916668222, "DeltaNOrbits": 0.22253380393309788}