{"SMBHMASS": 700000.0, "SecondaryMass": 10, "PROCAMASS": 4e-18, "p0": 13.479999999999999, "e0": 0.5, "BHSpin": 1, "Trajectory Exit Reason": "Separatrix reached!", "mismatch": 8.659739592076221e-15, "faithfulness": 0.9999999999999972, "DeltaNOrbits": 2.779211088058574e-10}