{"SMBHMASS": 600000.0, "SecondaryMass": 10, "PROCAMASS": 3e-17, "p0": 14.649999999999997, "e0": 0.2, "BHSpin": 1, "Trajectory Exit Reason": "Separatrix reached!", "mismatch": 0.9896663977876272, "faithfulness": 0.0017014930023821996, "DeltaNOrbits": 108.58754323034799}