{"SMBHMASS": 100000.0, "SecondaryMass": 10, "PROCAMASS": 1e-16, "p0": 33.35, "e0": 0.6, "BHSpin": 1, "Trajectory Exit Reason": "Separatrix reached!", "mismatch": 0.8724731179920514, "faithfulness": 0.08394842276792035, "DeltaNOrbits": 0.7629957855079379}