{"SMBHMASS": 700000.0, "SecondaryMass": 10, "PROCAMASS": 5e-18, "p0": 12.924, "e0": 0.7, "BHSpin": 1, "Trajectory Exit Reason": "Separatrix reached!", "mismatch": 2.354783035229957e-13, "faithfulness": 0.9999999999997997, "DeltaNOrbits": 7.3649093833552204e-09}