{"SMBHMASS": 30000000.0, "SecondaryMass": 10, "PROCAMASS": 9e-19, "p0": 4.795, "e0": 0.4, "BHSpin": 1, "Trajectory Exit Reason": "Integration reached time boundary. Boundary location t = 1708561.96", "mismatch": 0.9806991795336454, "faithfulness": 0.028714327808962204, "DeltaNOrbits": -27.319945390238363}