{"SMBHMASS": 100000.0, "SecondaryMass": 10, "PROCAMASS": 9e-17, "p0": 32.5, "e0": 0.7, "BHSpin": 1, "Trajectory Exit Reason": "Separatrix reached!", "mismatch": 0.8541663024052265, "faithfulness": 0.09621201920260479, "DeltaNOrbits": 0.35140162962791954}