{"SMBHMASS": 900000.0, "SecondaryMass": 10, "PROCAMASS": 4e-17, "p0": 11.759999999999998, "e0": 0.5, "BHSpin": 1, "Trajectory Exit Reason": "Separatrix reached!", "mismatch": 0.9985996712397565, "faithfulness": 0.001126414610792699, "DeltaNOrbits": 2059.9063180203902}