{"SMBHMASS": 500000.0, "SecondaryMass": 10, "PROCAMASS": 1e-17, "p0": 15.5, "e0": 0.3, "BHSpin": 1, "Trajectory Exit Reason": "Separatrix reached!", "mismatch": 2.7785201917041036e-09, "faithfulness": 0.9999999955001164, "DeltaNOrbits": 2.667560914614301e-06}