{"SMBHMASS": 500000.0, "SecondaryMass": 10, "PROCAMASS": 8e-18, "p0": 15.350000000000001, "e0": 0.4, "BHSpin": 1, "Trajectory Exit Reason": "Separatrix reached!", "mismatch": 2.7150504067208203e-11, "faithfulness": 0.999999999962993, "DeltaNOrbits": 2.2726535470750976e-07}