{"SMBHMASS": 900000.0, "SecondaryMass": 10, "PROCAMASS": 4e-18, "p0": 11.899999999999999, "e0": 0.3, "BHSpin": 1, "Trajectory Exit Reason": "Separatrix reached!", "mismatch": 2.460254222569347e-13, "faithfulness": 0.9999999999997254, "DeltaNOrbits": 1.0838923243428439e-08}