{"SMBHMASS": 400000.0, "SecondaryMass": 10, "PROCAMASS": 9e-17, "p0": 17.4, "e0": 0.1, "BHSpin": 1, "Trajectory Exit Reason": "Separatrix reached!", "mismatch": 0.9995035457812257, "faithfulness": 0.00036805180818994015, "DeltaNOrbits": 9423.739271936069}