{"SMBHMASS": 900000.0, "SecondaryMass": 10, "PROCAMASS": 3e-18, "p0": 11.899999999999999, "e0": 0.3, "BHSpin": 1, "Trajectory Exit Reason": "Separatrix reached!", "mismatch": 2.7833291227352674e-13, "faithfulness": 0.9999999999997555, "DeltaNOrbits": -7.411229568156197e-10}