{"SMBHMASS": 200000.0, "SecondaryMass": 10, "PROCAMASS": 6e-17, "p0": 25.6, "e0": 0.7, "BHSpin": 1, "Trajectory Exit Reason": "Separatrix reached!", "mismatch": 0.9565330777297603, "faithfulness": 0.02083504139550917, "DeltaNOrbits": 3.804304853461342}