{"SMBHMASS": 1000000.0, "SecondaryMass": 10, "PROCAMASS": 7e-18, "p0": 10.950000000000003, "e0": 0.4, "BHSpin": 1, "Trajectory Exit Reason": "Separatrix reached!", "mismatch": 2.735873960602042e-06, "faithfulness": 0.9999941177485592, "DeltaNOrbits": 8.674406020578611e-05}