{"SMBHMASS": 800000.0, "SecondaryMass": 10, "PROCAMASS": 9e-18, "p0": 12.106, "e0": 0.7, "BHSpin": 1, "Trajectory Exit Reason": "Separatrix reached!", "mismatch": 0.0001236854446797775, "faithfulness": 0.9997878136252437, "DeltaNOrbits": 0.00043379286623043976}