{"SMBHMASS": 500000.0, "SecondaryMass": 10, "PROCAMASS": 9e-18, "p0": 14.879999999999999, "e0": 0.6, "BHSpin": 1, "Trajectory Exit Reason": "Separatrix reached!", "mismatch": 1.7971346633061103e-10, "faithfulness": 0.9999999997512311, "DeltaNOrbits": 5.410197584754024e-07}