{"SMBHMASS": 700000.0, "SecondaryMass": 10, "PROCAMASS": 4e-18, "p0": 13.202, "e0": 0.6, "BHSpin": 1, "Trajectory Exit Reason": "Separatrix reached!", "mismatch": 5.062616992290714e-14, "faithfulness": 0.9999999999999737, "DeltaNOrbits": 1.0375721395418677e-09}