{"SMBHMASS": 20000000.0, "SecondaryMass": 10, "PROCAMASS": 9e-19, "p0": 4.83, "e0": 0.3, "BHSpin": 1, "Trajectory Exit Reason": "Integration reached time boundary. Boundary location t = 2562842.94", "mismatch": 0.919774707167943, "faithfulness": 0.047509152042307885, "DeltaNOrbits": -0.4520787708922055}