{"SMBHMASS": 60000000.0, "SecondaryMass": 10, "PROCAMASS": 1e-19, "p0": 4.795, "e0": 0.4, "BHSpin": 1, "Trajectory Exit Reason": "Integration reached time boundary. Boundary location t = 854280.98", "mismatch": 3.265721026934898e-12, "faithfulness": 0.9999949425529971, "DeltaNOrbits": 3.5631802158150967e-09}