{"SMBHMASS": 600000.0, "SecondaryMass": 10, "PROCAMASS": 6e-18, "p0": 13.741999999999999, "e0": 0.7, "BHSpin": 1, "Trajectory Exit Reason": "Separatrix reached!", "mismatch": 5.730971253115058e-13, "faithfulness": 0.9999999999994899, "DeltaNOrbits": 1.6721586713152418e-08}