{"SMBHMASS": 700000.0, "SecondaryMass": 10, "PROCAMASS": 8e-18, "p0": 13.202, "e0": 0.6, "BHSpin": 1, "Trajectory Exit Reason": "Separatrix reached!", "mismatch": 1.7629683868314316e-07, "faithfulness": 0.9999996949784751, "DeltaNOrbits": 1.8109154169050463e-05}