{"SMBHMASS": 400000.0, "SecondaryMass": 10, "PROCAMASS": 7e-18, "p0": 16.625, "e0": 0.6, "BHSpin": 1, "Trajectory Exit Reason": "Separatrix reached!", "mismatch": 8.58202398035246e-14, "faithfulness": 0.9999999999999815, "DeltaNOrbits": 1.3710774701088963e-09}