{"SMBHMASS": 200000.0, "SecondaryMass": 10, "PROCAMASS": 4e-17, "p0": 25.6, "e0": 0.7, "BHSpin": 1, "Trajectory Exit Reason": "Separatrix reached!", "mismatch": 0.3207667964860328, "faithfulness": 0.6086231680919002, "DeltaNOrbits": 0.019893250013675003}