{"SMBHMASS": 500000.0, "SecondaryMass": 10, "PROCAMASS": 7e-18, "p0": 15.549999999999999, "e0": 0.2, "BHSpin": 1, "Trajectory Exit Reason": "Separatrix reached!", "mismatch": 2.419175970658216e-13, "faithfulness": 0.9999999999997617, "DeltaNOrbits": 1.4859515284153175e-08}