{"SMBHMASS": 600000.0, "SecondaryMass": 10, "PROCAMASS": 5e-18, "p0": 14.339999999999998, "e0": 0.5, "BHSpin": 1, "Trajectory Exit Reason": "Separatrix reached!", "mismatch": 1.325606291402437e-13, "faithfulness": 0.9999999999999136, "DeltaNOrbits": 2.3530653878895926e-09}