{"SMBHMASS": 1000000.0, "SecondaryMass": 10, "PROCAMASS": 5e-18, "p0": 11.05, "e0": 0.2, "BHSpin": 1, "Trajectory Exit Reason": "Separatrix reached!", "mismatch": 4.024935940094565e-10, "faithfulness": 0.9999999990838633, "DeltaNOrbits": 1.0223791189271474e-06}