{"SMBHMASS": 800000.0, "SecondaryMass": 10, "PROCAMASS": 5e-18, "p0": 12.62, "e0": 0.5, "BHSpin": 1, "Trajectory Exit Reason": "Separatrix reached!", "mismatch": 7.026379478247691e-12, "faithfulness": 0.9999999999893548, "DeltaNOrbits": 1.0007012724402905e-07}