{"SMBHMASS": 80000000.0, "SecondaryMass": 10, "PROCAMASS": 4e-19, "p0": 4.609999999999999, "e0": 0.6, "BHSpin": 1, "Trajectory Exit Reason": "Integration reached time boundary. Boundary location t = 640710.74", "mismatch": 0.9907228833979832, "faithfulness": 0.46799184424339824, "DeltaNOrbits": -242.8181189794543}