{"SMBHMASS": 100000.0, "SecondaryMass": 10, "PROCAMASS": 8e-17, "p0": 34.2, "e0": 0.5, "BHSpin": 1, "Trajectory Exit Reason": "Separatrix reached!", "mismatch": 0.5333151301388098, "faithfulness": 0.41029741145863885, "DeltaNOrbits": 0.06560529232815615}