{"SMBHMASS": 700000.0, "SecondaryMass": 10, "PROCAMASS": 7e-18, "p0": 13.590000000000002, "e0": 0.4, "BHSpin": 1, "Trajectory Exit Reason": "Separatrix reached!", "mismatch": 4.3108461245111585e-10, "faithfulness": 0.9999999991676867, "DeltaNOrbits": 9.828772653288749e-07}