{"SMBHMASS": 700000.0, "SecondaryMass": 10, "PROCAMASS": 8e-18, "p0": 12.924, "e0": 0.7, "BHSpin": 1, "Trajectory Exit Reason": "Separatrix reached!", "mismatch": 3.6341751497026564e-08, "faithfulness": 0.9999999405384021, "DeltaNOrbits": 7.928690880641822e-06}