{"SMBHMASS": 300000.0, "SecondaryMass": 10, "PROCAMASS": 9e-18, "p0": 19.800000000000004, "e0": 0.4, "BHSpin": 1, "Trajectory Exit Reason": "Separatrix reached!", "mismatch": 2.3647750424515834e-14, "faithfulness": 0.9999999999999878, "DeltaNOrbits": 2.779211088058574e-10}