{"SMBHMASS": 600000.0, "SecondaryMass": 10, "PROCAMASS": 9e-18, "p0": 14.469999999999999, "e0": 0.4, "BHSpin": 1, "Trajectory Exit Reason": "Separatrix reached!", "mismatch": 4.1628085090117395e-08, "faithfulness": 0.999999926192288, "DeltaNOrbits": 9.69601900364915e-06}