{"SMBHMASS": 30000000.0, "SecondaryMass": 10, "PROCAMASS": 9e-19, "p0": 4.46, "e0": 0.7, "BHSpin": 1, "Trajectory Exit Reason": "Integration reached time boundary. Boundary location t = 1708561.96", "mismatch": 0.9649062353041609, "faithfulness": 0.03453587352577709, "DeltaNOrbits": 32.026331853637984}