{"SMBHMASS": 500000.0, "SecondaryMass": 10, "PROCAMASS": 1e-17, "p0": 15.350000000000001, "e0": 0.4, "BHSpin": 1, "Trajectory Exit Reason": "Separatrix reached!", "mismatch": 6.47936826414508e-09, "faithfulness": 0.9999999900148225, "DeltaNOrbits": 3.7476549838034645e-06}