{"SMBHMASS": 500000.0, "SecondaryMass": 10, "PROCAMASS": 4e-17, "p0": 15.350000000000001, "e0": 0.4, "BHSpin": 1, "Trajectory Exit Reason": "Separatrix reached!", "mismatch": 0.9945071843205693, "faithfulness": 0.0017298919957823423, "DeltaNOrbits": 375.4190137986014}