{"SMBHMASS": 400000.0, "SecondaryMass": 10, "PROCAMASS": 9e-18, "p0": 16.625, "e0": 0.6, "BHSpin": 1, "Trajectory Exit Reason": "Separatrix reached!", "mismatch": 4.813260900959904e-12, "faithfulness": 0.999999999995171, "DeltaNOrbits": 6.790539091823116e-08}