{"SMBHMASS": 800000.0, "SecondaryMass": 10, "PROCAMASS": 1e-17, "p0": 12.62, "e0": 0.5, "BHSpin": 1, "Trajectory Exit Reason": "Separatrix reached!", "mismatch": 0.00032923196131295906, "faithfulness": 0.9993236524433426, "DeltaNOrbits": 0.000730455140334846}