{"SMBHMASS": 700000.0, "SecondaryMass": 10, "PROCAMASS": 1e-17, "p0": 13.749999999999996, "e0": 0.2, "BHSpin": 1, "Trajectory Exit Reason": "Separatrix reached!", "mismatch": 8.311344498856954e-06, "faithfulness": 0.9999820287356807, "DeltaNOrbits": 0.0001495062338204191}