{"SMBHMASS": 70000000.0, "SecondaryMass": 10, "PROCAMASS": 2e-19, "p0": 4.76, "e0": 0.5, "BHSpin": 1, "Trajectory Exit Reason": "Integration reached time boundary. Boundary location t = 732240.84", "mismatch": 0.02416976108346025, "faithfulness": 0.961925685127263, "DeltaNOrbits": -0.01008392291557707}