{"SMBHMASS": 600000.0, "SecondaryMass": 10, "PROCAMASS": 5e-18, "p0": 14.041, "e0": 0.6, "BHSpin": 1, "Trajectory Exit Reason": "Separatrix reached!", "mismatch": 1.9095836023552692e-14, "faithfulness": 0.9999999999999908, "DeltaNOrbits": 1.2969651744273344e-09}