{"SMBHMASS": 300000.0, "SecondaryMass": 10, "PROCAMASS": 7e-17, "p0": 20.05, "e0": 0.2, "BHSpin": 1, "Trajectory Exit Reason": "Separatrix reached!", "mismatch": 0.984258142367402, "faithfulness": 0.00506088794003532, "DeltaNOrbits": 44.61034383697536}