{"SMBHMASS": 800000.0, "SecondaryMass": 10, "PROCAMASS": 5e-18, "p0": 12.62, "e0": 0.5, "BHSpin": 1, "Trajectory Exit Reason": "Separatrix reached!", "mismatch": 1.8244294963665197e-12, "faithfulness": 0.9999999999975203, "DeltaNOrbits": 4.5801398731205297e-08}