{"SMBHMASS": 300000.0, "SecondaryMass": 10, "PROCAMASS": 3e-17, "p0": 19.6, "e0": 0.5, "BHSpin": 1, "Trajectory Exit Reason": "Separatrix reached!", "mismatch": 0.4275359861694601, "faithfulness": 0.4288791043592287, "DeltaNOrbits": 0.044659346671657905}