{"SMBHMASS": 40000000.0, "SecondaryMass": 10, "PROCAMASS": 6e-19, "p0": 4.609999999999999, "e0": 0.6, "BHSpin": 1, "Trajectory Exit Reason": "Integration reached time boundary. Boundary location t = 1281421.47", "mismatch": 0.9782869322180341, "faithfulness": 0.06692681339880475, "DeltaNOrbits": -18.2099280887687}