{"SMBHMASS": 800000.0, "SecondaryMass": 10, "PROCAMASS": 4e-18, "p0": 12.899999999999999, "e0": 0.1, "BHSpin": 1, "Trajectory Exit Reason": "Separatrix reached!", "mismatch": 8.504308368628699e-14, "faithfulness": 0.9999999999999396, "DeltaNOrbits": 9.81987917780696e-10}