{"SMBHMASS": 900000.0, "SecondaryMass": 10, "PROCAMASS": 9e-18, "p0": 11.95, "e0": 0.2, "BHSpin": 1, "Trajectory Exit Reason": "Separatrix reached!", "mismatch": 0.001052415567260212, "faithfulness": 0.9975056169116469, "DeltaNOrbits": 0.0017185972505085695}