{"SMBHMASS": 700000.0, "SecondaryMass": 10, "PROCAMASS": 8e-18, "p0": 13.202, "e0": 0.6, "BHSpin": 1, "Trajectory Exit Reason": "Separatrix reached!", "mismatch": 2.1334652489102268e-08, "faithfulness": 0.9999999626987255, "DeltaNOrbits": 5.9139944427233615e-06}