{"SMBHMASS": 800000.0, "SecondaryMass": 10, "PROCAMASS": 6e-18, "p0": 12.849999999999998, "e0": 0.2, "BHSpin": 1, "Trajectory Exit Reason": "Separatrix reached!", "mismatch": 1.1460365989535148e-10, "faithfulness": 0.9999999997509043, "DeltaNOrbits": 5.1196773856823e-07}