{"SMBHMASS": 500000.0, "SecondaryMass": 10, "PROCAMASS": 8e-18, "p0": 15.5, "e0": 0.3, "BHSpin": 1, "Trajectory Exit Reason": "Separatrix reached!", "mismatch": 1.161792884118995e-11, "faithfulness": 0.999999999983965, "DeltaNOrbits": 1.5517261908327038e-07}