{"SMBHMASS": 500000.0, "SecondaryMass": 10, "PROCAMASS": 7e-18, "p0": 15.350000000000001, "e0": 0.4, "BHSpin": 1, "Trajectory Exit Reason": "Separatrix reached!", "mismatch": 1.4045431484532855e-12, "faithfulness": 0.9999999999986574, "DeltaNOrbits": 3.64447214014081e-08}