{"SMBHMASS": 500000.0, "SecondaryMass": 10, "PROCAMASS": 6e-18, "p0": 15.2, "e0": 0.5, "BHSpin": 1, "Trajectory Exit Reason": "Separatrix reached!", "mismatch": 1.1638467967145516e-12, "faithfulness": 0.999999999999324, "DeltaNOrbits": -8.986115851389389e-09}