{"SMBHMASS": 100000.0, "SecondaryMass": 10, "PROCAMASS": 5e-17, "p0": 34.5, "e0": 0.4, "BHSpin": 1, "Trajectory Exit Reason": "Separatrix reached!", "mismatch": 2.8599554898534052e-05, "faithfulness": 0.9999856128083352, "DeltaNOrbits": 0.00013671565591058635}