{"SMBHMASS": 1000000.0, "SecondaryMass": 10, "PROCAMASS": 5e-18, "p0": 11.05, "e0": 0.2, "BHSpin": 1, "Trajectory Exit Reason": "Separatrix reached!", "mismatch": 2.3972923646198296e-10, "faithfulness": 0.9999999994610674, "DeltaNOrbits": 7.850159639330248e-07}