{"SMBHMASS": 300000.0, "SecondaryMass": 10, "PROCAMASS": 9e-18, "p0": 18.7, "e0": 0.7, "BHSpin": 1, "Trajectory Exit Reason": "Separatrix reached!", "mismatch": 9.492406860545088e-14, "faithfulness": 0.9999999999999588, "DeltaNOrbits": 1.7231108745963157e-09}