{"SMBHMASS": 800000.0, "SecondaryMass": 10, "PROCAMASS": 5e-18, "p0": 12.799999999999999, "e0": 0.3, "BHSpin": 1, "Trajectory Exit Reason": "Separatrix reached!", "mismatch": 1.1984857550828565e-12, "faithfulness": 0.9999999999982296, "DeltaNOrbits": 3.948332552435214e-08}