{"SMBHMASS": 1000000.0, "SecondaryMass": 10, "PROCAMASS": 7e-18, "p0": 10.9, "e0": 0.5, "BHSpin": 1, "Trajectory Exit Reason": "Separatrix reached!", "mismatch": 9.144922760051521e-06, "faithfulness": 0.9999810623092693, "DeltaNOrbits": 0.0001563315501069908}