{"SMBHMASS": 100000.0, "SecondaryMass": 10, "PROCAMASS": 3e-17, "p0": 32.5, "e0": 0.7, "BHSpin": 1, "Trajectory Exit Reason": "Separatrix reached!", "mismatch": 6.407652186624091e-12, "faithfulness": 0.9999999999968113, "DeltaNOrbits": 4.67648585750656e-08}