{"SMBHMASS": 800000.0, "SecondaryMass": 10, "PROCAMASS": 2e-17, "p0": 12.106, "e0": 0.7, "BHSpin": 1, "Trajectory Exit Reason": "Separatrix reached!", "mismatch": 0.9694253081095471, "faithfulness": 0.01129872011762346, "DeltaNOrbits": 9.43807629248274}