{"SMBHMASS": 600000.0, "SecondaryMass": 10, "PROCAMASS": 5e-18, "p0": 14.041, "e0": 0.6, "BHSpin": 1, "Trajectory Exit Reason": "Separatrix reached!", "mismatch": 6.339373470609644e-14, "faithfulness": 0.9999999999999715, "DeltaNOrbits": 1.8157512441982681e-09}