{"SMBHMASS": 2000000.0, "SecondaryMass": 10, "PROCAMASS": 4e-18, "p0": 9.05, "e0": 0.1, "BHSpin": 1, "Trajectory Exit Reason": "Separatrix reached!", "mismatch": 1.0555728989558588e-05, "faithfulness": 0.9999657190755427, "DeltaNOrbits": 1.164754397353604e-05}