{"SMBHMASS": 100000.0, "SecondaryMass": 10, "PROCAMASS": 7e-17, "p0": 35.1, "e0": 0.1, "BHSpin": 1, "Trajectory Exit Reason": "Separatrix reached!", "mismatch": 0.13037885300839036, "faithfulness": 0.9139264048893251, "DeltaNOrbits": 0.01405703286787925}