{"SMBHMASS": 800000.0, "SecondaryMass": 10, "PROCAMASS": 9e-18, "p0": 12.849999999999998, "e0": 0.2, "BHSpin": 1, "Trajectory Exit Reason": "Separatrix reached!", "mismatch": 2.576277210319944e-05, "faithfulness": 0.9999412778301078, "DeltaNOrbits": 0.0002609503009704018}