{"SMBHMASS": 900000.0, "SecondaryMass": 10, "PROCAMASS": 8e-18, "p0": 11.288, "e0": 0.7, "BHSpin": 1, "Trajectory Exit Reason": "Separatrix reached!", "mismatch": 2.6277495519422267e-05, "faithfulness": 0.9999536967873597, "DeltaNOrbits": 0.00020710248397686452}