{"SMBHMASS": 500000.0, "SecondaryMass": 10, "PROCAMASS": 8e-18, "p0": 15.350000000000001, "e0": 0.4, "BHSpin": 1, "Trajectory Exit Reason": "Separatrix reached!", "mismatch": 6.169953437051845e-12, "faithfulness": 0.9999999999920509, "DeltaNOrbits": 1.0392396661947027e-07}