{"SMBHMASS": 600000.0, "SecondaryMass": 10, "PROCAMASS": 8e-18, "p0": 14.339999999999998, "e0": 0.5, "BHSpin": 1, "Trajectory Exit Reason": "Separatrix reached!", "mismatch": 1.4014696070319133e-09, "faithfulness": 0.9999999976531175, "DeltaNOrbits": 1.7124387040181709e-06}