{"SMBHMASS": 600000.0, "SecondaryMass": 10, "PROCAMASS": 9e-18, "p0": 14.649999999999997, "e0": 0.2, "BHSpin": 1, "Trajectory Exit Reason": "Separatrix reached!", "mismatch": 3.807751469686593e-08, "faithfulness": 0.9999999270425899, "DeltaNOrbits": 9.887080501916218e-06}