{"SMBHMASS": 600000.0, "SecondaryMass": 10, "PROCAMASS": 9e-18, "p0": 14.469999999999999, "e0": 0.4, "BHSpin": 1, "Trajectory Exit Reason": "Separatrix reached!", "mismatch": 3.283218541483279e-08, "faithfulness": 0.9999999419752702, "DeltaNOrbits": 9.357325812384412e-06}