{"SMBHMASS": 600000.0, "SecondaryMass": 10, "PROCAMASS": 6e-18, "p0": 14.649999999999997, "e0": 0.2, "BHSpin": 1, "Trajectory Exit Reason": "Separatrix reached!", "mismatch": 4.310996004619483e-13, "faithfulness": 0.9999999999995578, "DeltaNOrbits": 1.8231624737664245e-08}