{"SMBHMASS": 700000.0, "SecondaryMass": 10, "PROCAMASS": 6e-18, "p0": 13.799999999999999, "e0": 0.1, "BHSpin": 1, "Trajectory Exit Reason": "Separatrix reached!", "mismatch": 2.975697466212068e-11, "faithfulness": 0.9999999999427674, "DeltaNOrbits": 2.5112951391697276e-07}