{"SMBHMASS": 900000.0, "SecondaryMass": 10, "PROCAMASS": 1e-17, "p0": 11.95, "e0": 0.2, "BHSpin": 1, "Trajectory Exit Reason": "Separatrix reached!", "mismatch": 0.009275876254450255, "faithfulness": 0.9782025627614982, "DeltaNOrbits": 0.005015398013548889}