{"SMBHMASS": 600000.0, "SecondaryMass": 10, "PROCAMASS": 5e-18, "p0": 14.469999999999999, "e0": 0.4, "BHSpin": 1, "Trajectory Exit Reason": "Separatrix reached!", "mismatch": 4.451994328746878e-14, "faithfulness": 0.9999999999999662, "DeltaNOrbits": 2.297481166128421e-09}