{"SMBHMASS": 10000000.0, "SecondaryMass": 10, "PROCAMASS": 1e-18, "p0": 4.83, "e0": 0.2, "BHSpin": 1, "Trajectory Exit Reason": "Separatrix reached!", "mismatch": 1.298513724290462e-05, "faithfulness": 0.9999629036390175, "DeltaNOrbits": -0.0021432886265713175}