{"SMBHMASS": 300000.0, "SecondaryMass": 10, "PROCAMASS": 2e-17, "p0": 20.1, "e0": 0.1, "BHSpin": 1, "Trajectory Exit Reason": "Separatrix reached!", "mismatch": 2.0975565764191906e-05, "faithfulness": 0.9999745993815257, "DeltaNOrbits": 0.00019857583656658992}