{"SMBHMASS": 900000.0, "SecondaryMass": 10, "PROCAMASS": 6e-18, "p0": 11.759999999999998, "e0": 0.5, "BHSpin": 1, "Trajectory Exit Reason": "Separatrix reached!", "mismatch": 1.4490734168148833e-08, "faithfulness": 0.9999999704593623, "DeltaNOrbits": 5.94236092389548e-06}