{"SMBHMASS": 2000000.0, "SecondaryMass": 10, "PROCAMASS": 1e-17, "p0": 8.9, "e0": 0.5, "BHSpin": 1, "Trajectory Exit Reason": "Separatrix reached!", "mismatch": 0.9940832728558247, "faithfulness": 0.0018952927560072158, "DeltaNOrbits": 108.36214752084584}