{"SMBHMASS": 700000.0, "SecondaryMass": 10, "PROCAMASS": 9e-18, "p0": 13.7, "e0": 0.3, "BHSpin": 1, "Trajectory Exit Reason": "Separatrix reached!", "mismatch": 2.0419855775166695e-06, "faithfulness": 0.9999958014028488, "DeltaNOrbits": 7.083052911648672e-05}