{"SMBHMASS": 700000.0, "SecondaryMass": 10, "PROCAMASS": 4e-17, "p0": 12.924, "e0": 0.7, "BHSpin": 1, "Trajectory Exit Reason": "Separatrix reached!", "mismatch": 0.9975834266689056, "faithfulness": 0.0007288960478013989, "DeltaNOrbits": 766.76695944214}