{"SMBHMASS": 800000.0, "SecondaryMass": 10, "PROCAMASS": 6e-18, "p0": 12.62, "e0": 0.5, "BHSpin": 1, "Trajectory Exit Reason": "Separatrix reached!", "mismatch": 3.79256626104052e-10, "faithfulness": 0.9999999992752416, "DeltaNOrbits": 8.865868651646054e-07}