{"SMBHMASS": 300000.0, "SecondaryMass": 10, "PROCAMASS": 1e-17, "p0": 19.15, "e0": 0.6, "BHSpin": 1, "Trajectory Exit Reason": "Separatrix reached!", "mismatch": 1.0969003483296547e-13, "faithfulness": 0.9999999999999428, "DeltaNOrbits": 3.575918266635365e-09}