{"SMBHMASS": 700000.0, "SecondaryMass": 10, "PROCAMASS": 4e-18, "p0": 13.202, "e0": 0.6, "BHSpin": 1, "Trajectory Exit Reason": "Separatrix reached!", "mismatch": 1.3322676295501878e-15, "faithfulness": 0.9999999999999946, "DeltaNOrbits": 4.0761762624859083e-10}