{"SMBHMASS": 100000.0, "SecondaryMass": 10, "PROCAMASS": 8e-17, "p0": 34.5, "e0": 0.4, "BHSpin": 1, "Trajectory Exit Reason": "Separatrix reached!", "mismatch": 0.5233786048453657, "faithfulness": 0.4178874259102204, "DeltaNOrbits": 0.07489093057683681}