{"SMBHMASS": 300000.0, "SecondaryMass": 10, "PROCAMASS": 3e-17, "p0": 19.6, "e0": 0.5, "BHSpin": 1, "Trajectory Exit Reason": "Separatrix reached!", "mismatch": 0.3085655069435349, "faithfulness": 0.5961391019428225, "DeltaNOrbits": 0.030848369664045562}