{"SMBHMASS": 500000.0, "SecondaryMass": 10, "PROCAMASS": 7e-18, "p0": 15.350000000000001, "e0": 0.4, "BHSpin": 1, "Trajectory Exit Reason": "Separatrix reached!", "mismatch": 1.020961093445294e-12, "faithfulness": 0.9999999999990679, "DeltaNOrbits": 4.109526795542611e-08}