{"SMBHMASS": 900000.0, "SecondaryMass": 10, "PROCAMASS": 7e-18, "p0": 11.899999999999999, "e0": 0.3, "BHSpin": 1, "Trajectory Exit Reason": "Separatrix reached!", "mismatch": 3.535397687937092e-07, "faithfulness": 0.9999992029877877, "DeltaNOrbits": 3.0754268170534245e-05}