{"SMBHMASS": 70000000.0, "SecondaryMass": 10, "PROCAMASS": 6e-19, "p0": 4.83, "e0": 0.3, "BHSpin": 1, "Trajectory Exit Reason": "Integration reached time boundary. Boundary location t = 732240.84", "mismatch": 0.9924056657022251, "faithfulness": 0.5109251839516952, "DeltaNOrbits": -1484.7362055457852}