{"SMBHMASS": 500000.0, "SecondaryMass": 10, "PROCAMASS": 9e-18, "p0": 14.56, "e0": 0.7, "BHSpin": 1, "Trajectory Exit Reason": "Separatrix reached!", "mismatch": 1.5665013730625788e-10, "faithfulness": 0.9999999997913767, "DeltaNOrbits": 4.949960228571523e-07}