{"SMBHMASS": 700000.0, "SecondaryMass": 10, "PROCAMASS": 5e-18, "p0": 13.479999999999999, "e0": 0.5, "BHSpin": 1, "Trajectory Exit Reason": "Separatrix reached!", "mismatch": 4.5197179332490123e-13, "faithfulness": 0.9999999999995893, "DeltaNOrbits": 1.3988695809894822e-08}