{"SMBHMASS": 100000.0, "SecondaryMass": 10, "PROCAMASS": 9e-17, "p0": 34.5, "e0": 0.4, "BHSpin": 1, "Trajectory Exit Reason": "Separatrix reached!", "mismatch": 0.7289074150626274, "faithfulness": 0.18695284347078045, "DeltaNOrbits": 0.25423916130837804}