{"SMBHMASS": 900000.0, "SecondaryMass": 10, "PROCAMASS": 5e-18, "p0": 11.830000000000002, "e0": 0.4, "BHSpin": 1, "Trajectory Exit Reason": "Separatrix reached!", "mismatch": 6.604661262343825e-11, "faithfulness": 0.999999999869529, "DeltaNOrbits": 3.914982019378511e-07}