{"SMBHMASS": 200000.0, "SecondaryMass": 10, "PROCAMASS": 4e-17, "p0": 27.6, "e0": 0.1, "BHSpin": 1, "Trajectory Exit Reason": "Separatrix reached!", "mismatch": 0.40791647356140937, "faithfulness": 0.3915339085479453, "DeltaNOrbits": 0.054378965587126266}