{"SMBHMASS": 600000.0, "SecondaryMass": 10, "PROCAMASS": 7e-18, "p0": 14.7, "e0": 0.1, "BHSpin": 1, "Trajectory Exit Reason": "Separatrix reached!", "mismatch": 2.7747582009851612e-11, "faithfulness": 0.9999999999510563, "DeltaNOrbits": 2.479426852026656e-07}