{"SMBHMASS": 20000000.0, "SecondaryMass": 10, "PROCAMASS": 5e-19, "p0": 4.76, "e0": 0.5, "BHSpin": 1, "Trajectory Exit Reason": "Integration reached time boundary. Boundary location t = 2562842.94", "mismatch": 6.191879507677633e-06, "faithfulness": 0.9999757968827963, "DeltaNOrbits": 2.070926363055758e-05}