{"SMBHMASS": 800000.0, "SecondaryMass": 10, "PROCAMASS": 9e-18, "p0": 12.849999999999998, "e0": 0.2, "BHSpin": 1, "Trajectory Exit Reason": "Separatrix reached!", "mismatch": 1.743356888495029e-05, "faithfulness": 0.9999602320748242, "DeltaNOrbits": 0.00022038174910038455}