{"SMBHMASS": 1000000.0, "SecondaryMass": 10, "PROCAMASS": 7e-18, "p0": 11.1, "e0": 0.1, "BHSpin": 1, "Trajectory Exit Reason": "Separatrix reached!", "mismatch": 6.655092001706109e-06, "faithfulness": 0.9999835961989213, "DeltaNOrbits": 0.0001384211836430322}