{"SMBHMASS": 600000.0, "SecondaryMass": 10, "PROCAMASS": 5e-18, "p0": 14.339999999999998, "e0": 0.5, "BHSpin": 1, "Trajectory Exit Reason": "Separatrix reached!", "mismatch": 2.1094237467877974e-15, "faithfulness": 0.9999999999999821, "DeltaNOrbits": 1.4822459136312395e-09}