{"SMBHMASS": 1000000.0, "SecondaryMass": 10, "PROCAMASS": 7e-18, "p0": 11.0, "e0": 0.3, "BHSpin": 1, "Trajectory Exit Reason": "Separatrix reached!", "mismatch": 4.407760555658058e-06, "faithfulness": 0.9999899797643368, "DeltaNOrbits": 0.00011144968115638056}