{"SMBHMASS": 900000.0, "SecondaryMass": 10, "PROCAMASS": 9e-18, "p0": 11.759999999999998, "e0": 0.5, "BHSpin": 1, "Trajectory Exit Reason": "Separatrix reached!", "mismatch": 0.0014075376220441527, "faithfulness": 0.9971176395073476, "DeltaNOrbits": 0.0018514078739754725}