{"SMBHMASS": 500000.0, "SecondaryMass": 10, "PROCAMASS": 1e-17, "p0": 15.350000000000001, "e0": 0.4, "BHSpin": 1, "Trajectory Exit Reason": "Separatrix reached!", "mismatch": 5.191532426174206e-09, "faithfulness": 0.9999999919843439, "DeltaNOrbits": 3.3635124272120085e-06}