{"SMBHMASS": 400000.0, "SecondaryMass": 10, "PROCAMASS": 8e-18, "p0": 17.35, "e0": 0.2, "BHSpin": 1, "Trajectory Exit Reason": "Separatrix reached!", "mismatch": 6.760147996942578e-13, "faithfulness": 0.9999999999995921, "DeltaNOrbits": 8.467329781618455e-09}