{"SMBHMASS": 800000.0, "SecondaryMass": 10, "PROCAMASS": 6e-18, "p0": 12.106, "e0": 0.7, "BHSpin": 1, "Trajectory Exit Reason": "Separatrix reached!", "mismatch": 1.9907042680955556e-10, "faithfulness": 0.9999999996699688, "DeltaNOrbits": 5.19934810353998e-07}