{"SMBHMASS": 300000.0, "SecondaryMass": 10, "PROCAMASS": 2e-17, "p0": 19.800000000000004, "e0": 0.4, "BHSpin": 1, "Trajectory Exit Reason": "Separatrix reached!", "mismatch": 2.323724915997971e-05, "faithfulness": 0.9999730930875032, "DeltaNOrbits": 0.00019034963113897144}