{"SMBHMASS": 100000.0, "SecondaryMass": 10, "PROCAMASS": 3e-17, "p0": 32.5, "e0": 0.7, "BHSpin": 1, "Trajectory Exit Reason": "Separatrix reached!", "mismatch": 1.2014167438678669e-11, "faithfulness": 0.9999999999939821, "DeltaNOrbits": 5.934542076701075e-08}