{"SMBHMASS": 100000.0, "SecondaryMass": 10, "PROCAMASS": 3e-17, "p0": 34.8, "e0": 0.3, "BHSpin": 1, "Trajectory Exit Reason": "Separatrix reached!", "mismatch": 9.153677815731953e-12, "faithfulness": 0.9999999999955145, "DeltaNOrbits": 7.577982233439712e-08}