{"SMBHMASS": 400000.0, "SecondaryMass": 10, "PROCAMASS": 1e-17, "p0": 17.3, "e0": 0.3, "BHSpin": 1, "Trajectory Exit Reason": "Separatrix reached!", "mismatch": 3.921540869811224e-11, "faithfulness": 0.9999999999490186, "DeltaNOrbits": 2.6698954519282697e-07}