{"SMBHMASS": 600000.0, "SecondaryMass": 10, "PROCAMASS": 6e-18, "p0": 14.339999999999998, "e0": 0.5, "BHSpin": 1, "Trajectory Exit Reason": "Separatrix reached!", "mismatch": 1.5599743719008075e-12, "faithfulness": 0.999999999998277, "DeltaNOrbits": 5.3546133629928524e-08}