{"SMBHMASS": 700000.0, "SecondaryMass": 10, "PROCAMASS": 6e-18, "p0": 13.479999999999999, "e0": 0.5, "BHSpin": 1, "Trajectory Exit Reason": "Separatrix reached!", "mismatch": 7.947087432569333e-12, "faithfulness": 0.9999999999873863, "DeltaNOrbits": 1.1726417984215143e-07}