{"SMBHMASS": 400000.0, "SecondaryMass": 10, "PROCAMASS": 1e-16, "p0": 17.0, "e0": 0.5, "BHSpin": 1, "Trajectory Exit Reason": "Separatrix reached!", "mismatch": 0.9992173754700814, "faithfulness": 0.0009415469947691098, "DeltaNOrbits": 11733.087301016121}