{"SMBHMASS": 1000000.0, "SecondaryMass": 10, "PROCAMASS": 5e-18, "p0": 10.950000000000003, "e0": 0.4, "BHSpin": 1, "Trajectory Exit Reason": "Separatrix reached!", "mismatch": 3.6965353000795176e-10, "faithfulness": 0.999999999229663, "DeltaNOrbits": 9.616533566530675e-07}