{"SMBHMASS": 800000.0, "SecondaryMass": 10, "PROCAMASS": 5e-18, "p0": 12.71, "e0": 0.4, "BHSpin": 1, "Trajectory Exit Reason": "Separatrix reached!", "mismatch": 8.240297333372837e-12, "faithfulness": 0.9999999999862538, "DeltaNOrbits": 1.2387870223173082e-07}