{"SMBHMASS": 900000.0, "SecondaryMass": 10, "PROCAMASS": 9e-18, "p0": 11.288, "e0": 0.7, "BHSpin": 1, "Trajectory Exit Reason": "Separatrix reached!", "mismatch": 0.001223446856335797, "faithfulness": 0.9978383794391281, "DeltaNOrbits": 0.0014288267899480352}