{"SMBHMASS": 900000.0, "SecondaryMass": 10, "PROCAMASS": 3e-18, "p0": 11.288, "e0": 0.7, "BHSpin": 1, "Trajectory Exit Reason": "Separatrix reached!", "mismatch": 4.5288217620509386e-12, "faithfulness": 0.9999999999970444, "DeltaNOrbits": -1.5619166314889186e-08}