{"SMBHMASS": 100000.0, "SecondaryMass": 10, "PROCAMASS": 5e-17, "p0": 34.5, "e0": 0.4, "BHSpin": 1, "Trajectory Exit Reason": "Separatrix reached!", "mismatch": 1.5408369432812208e-05, "faithfulness": 0.9999922579668908, "DeltaNOrbits": 0.00010305396238046441}