{"SMBHMASS": 400000.0, "SecondaryMass": 10, "PROCAMASS": 7e-18, "p0": 17.150000000000002, "e0": 0.4, "BHSpin": 1, "Trajectory Exit Reason": "Separatrix reached!", "mismatch": 6.616929226765933e-14, "faithfulness": 0.9999999999999781, "DeltaNOrbits": 2.9089076055013075e-09}