{"SMBHMASS": 700000.0, "SecondaryMass": 10, "PROCAMASS": 7e-18, "p0": 13.799999999999999, "e0": 0.1, "BHSpin": 1, "Trajectory Exit Reason": "Separatrix reached!", "mismatch": 5.218905307913246e-10, "faithfulness": 0.9999999988724861, "DeltaNOrbits": 1.2398245944568502e-06}