{"SMBHMASS": 100000.0, "SecondaryMass": 10, "PROCAMASS": 6e-17, "p0": 32.5, "e0": 0.7, "BHSpin": 1, "Trajectory Exit Reason": "Separatrix reached!", "mismatch": 0.004950878686481142, "faithfulness": 0.9974212841128872, "DeltaNOrbits": 0.0012944406131872377}