{"SMBHMASS": 100000.0, "SecondaryMass": 10, "PROCAMASS": 9e-17, "p0": 34.8, "e0": 0.3, "BHSpin": 1, "Trajectory Exit Reason": "Separatrix reached!", "mismatch": 0.7168403189291834, "faithfulness": 0.1979991125636541, "DeltaNOrbits": 0.2648412424433071}