{"SMBHMASS": 400000.0, "SecondaryMass": 10, "PROCAMASS": 6e-17, "p0": 17.0, "e0": 0.5, "BHSpin": 1, "Trajectory Exit Reason": "Separatrix reached!", "mismatch": 0.9982590881110709, "faithfulness": 0.0005400911567987713, "DeltaNOrbits": 2437.6232227828336}