{"SMBHMASS": 500000.0, "SecondaryMass": 10, "PROCAMASS": 8e-17, "p0": 14.56, "e0": 0.7, "BHSpin": 1, "Trajectory Exit Reason": "Separatrix reached!", "mismatch": 1.001486198150226, "faithfulness": -0.0019601637408048606, "DeltaNOrbits": 10617.052382117741}