{"SMBHMASS": 600000.0, "SecondaryMass": 10, "PROCAMASS": 5e-18, "p0": 14.469999999999999, "e0": 0.4, "BHSpin": 1, "Trajectory Exit Reason": "Separatrix reached!", "mismatch": 6.5503158452884236e-15, "faithfulness": 0.999999999999984, "DeltaNOrbits": 1.4822459136312395e-09}