{"SMBHMASS": 400000.0, "SecondaryMass": 10, "PROCAMASS": 1e-17, "p0": 16.625, "e0": 0.6, "BHSpin": 1, "Trajectory Exit Reason": "Separatrix reached!", "mismatch": 2.3927526626721374e-11, "faithfulness": 0.9999999999718855, "DeltaNOrbits": 1.7118087495048775e-07}