{"SMBHMASS": 300000.0, "SecondaryMass": 10, "PROCAMASS": 9e-17, "p0": 20.0, "e0": 0.3, "BHSpin": 1, "Trajectory Exit Reason": "Separatrix reached!", "mismatch": 0.9989297513639797, "faithfulness": 0.00023104208054617353, "DeltaNOrbits": 4957.420459800091}