{"SMBHMASS": 600000.0, "SecondaryMass": 10, "PROCAMASS": 9e-18, "p0": 14.041, "e0": 0.6, "BHSpin": 1, "Trajectory Exit Reason": "Separatrix reached!", "mismatch": 2.1494701574198416e-08, "faithfulness": 0.999999965475183, "DeltaNOrbits": 5.993646632507121e-06}