{"SMBHMASS": 700000.0, "SecondaryMass": 10, "PROCAMASS": 8e-18, "p0": 13.7, "e0": 0.3, "BHSpin": 1, "Trajectory Exit Reason": "Separatrix reached!", "mismatch": 7.184133898885392e-08, "faithfulness": 0.9999998524783142, "DeltaNOrbits": 1.3299636740795499e-05}