{"SMBHMASS": 1000000.0, "SecondaryMass": 10, "PROCAMASS": 7e-18, "p0": 11.1, "e0": 0.1, "BHSpin": 1, "Trajectory Exit Reason": "Separatrix reached!", "mismatch": 4.311189820915828e-06, "faithfulness": 0.9999894648585392, "DeltaNOrbits": 0.00010994881452845933}