{"SMBHMASS": 700000.0, "SecondaryMass": 10, "PROCAMASS": 7e-18, "p0": 13.749999999999996, "e0": 0.2, "BHSpin": 1, "Trajectory Exit Reason": "Separatrix reached!", "mismatch": 2.0700112735028142e-09, "faithfulness": 0.999999995636229, "DeltaNOrbits": 2.3508420190191456e-06}