{"SMBHMASS": 300000.0, "SecondaryMass": 10, "PROCAMASS": 3e-17, "p0": 19.15, "e0": 0.6, "BHSpin": 1, "Trajectory Exit Reason": "Separatrix reached!", "mismatch": 0.4032219427061171, "faithfulness": 0.48268922372730316, "DeltaNOrbits": 0.03553992507108224}