{"SMBHMASS": 600000.0, "SecondaryMass": 10, "PROCAMASS": 9e-18, "p0": 14.041, "e0": 0.6, "BHSpin": 1, "Trajectory Exit Reason": "Separatrix reached!", "mismatch": 1.1960680335043605e-08, "faithfulness": 0.9999999806728845, "DeltaNOrbits": 4.733941414733691e-06}