{"SMBHMASS": 1000000.0, "SecondaryMass": 10, "PROCAMASS": 4e-17, "p0": 10.950000000000003, "e0": 0.4, "BHSpin": 1, "Trajectory Exit Reason": "Separatrix reached!", "mismatch": 0.996500227433601, "faithfulness": 0.0006328266026607496, "DeltaNOrbits": 331.47052664992805}