{"SMBHMASS": 600000.0, "SecondaryMass": 10, "PROCAMASS": 8e-18, "p0": 14.649999999999997, "e0": 0.2, "BHSpin": 1, "Trajectory Exit Reason": "Separatrix reached!", "mismatch": 4.786250284993798e-10, "faithfulness": 0.9999999990889324, "DeltaNOrbits": 1.1202073492268091e-06}