{"SMBHMASS": 70000000.0, "SecondaryMass": 10, "PROCAMASS": 1e-19, "p0": 4.46, "e0": 0.7, "BHSpin": 1, "Trajectory Exit Reason": "Integration reached time boundary. Boundary location t = 732240.84", "mismatch": 2.0986845594705983e-10, "faithfulness": 0.9999983012490449, "DeltaNOrbits": -6.137030764558543e-07}