{"SMBHMASS": 800000.0, "SecondaryMass": 10, "PROCAMASS": 6e-18, "p0": 12.363, "e0": 0.6, "BHSpin": 1, "Trajectory Exit Reason": "Separatrix reached!", "mismatch": 1.2348410072249294e-09, "faithfulness": 0.9999999977758853, "DeltaNOrbits": 1.554486873846842e-06}