{"SMBHMASS": 600000.0, "SecondaryMass": 10, "PROCAMASS": 2e-17, "p0": 14.599999999999998, "e0": 0.3, "BHSpin": 1, "Trajectory Exit Reason": "Separatrix reached!", "mismatch": 0.7961085549875859, "faithfulness": 0.03223040876279871, "DeltaNOrbits": 0.3033897988277366}