{"SMBHMASS": 900000.0, "SecondaryMass": 10, "PROCAMASS": 8e-18, "p0": 11.523999999999997, "e0": 0.6, "BHSpin": 1, "Trajectory Exit Reason": "Separatrix reached!", "mismatch": 6.926902200699026e-05, "faithfulness": 0.999868130942362, "DeltaNOrbits": 0.0003910653953951077}