{"SMBHMASS": 1000000.0, "SecondaryMass": 10, "PROCAMASS": 3e-18, "p0": 10.47, "e0": 0.7, "BHSpin": 1, "Trajectory Exit Reason": "Separatrix reached!", "mismatch": 1.368904989362818e-13, "faithfulness": 0.9999999999999122, "DeltaNOrbits": 2.8533233837401356e-09}