{"SMBHMASS": 100000.0, "SecondaryMass": 10, "PROCAMASS": 8e-17, "p0": 32.5, "e0": 0.7, "BHSpin": 1, "Trajectory Exit Reason": "Separatrix reached!", "mismatch": 0.7300036774939963, "faithfulness": 0.19534292106951717, "DeltaNOrbits": 0.09303053574654388}