{"SMBHMASS": 900000.0, "SecondaryMass": 10, "PROCAMASS": 4e-18, "p0": 11.288, "e0": 0.7, "BHSpin": 1, "Trajectory Exit Reason": "Separatrix reached!", "mismatch": 3.1097346919750635e-13, "faithfulness": 0.9999999999997378, "DeltaNOrbits": 9.06022814707095e-09}