{"SMBHMASS": 700000.0, "SecondaryMass": 10, "PROCAMASS": 4e-18, "p0": 13.799999999999999, "e0": 0.1, "BHSpin": 1, "Trajectory Exit Reason": "Separatrix reached!", "mismatch": 3.7636560534792807e-14, "faithfulness": 0.9999999999999833, "DeltaNOrbits": 1.6675266528351442e-10}