{"SMBHMASS": 600000.0, "SecondaryMass": 10, "PROCAMASS": 9e-18, "p0": 14.469999999999999, "e0": 0.4, "BHSpin": 1, "Trajectory Exit Reason": "Separatrix reached!", "mismatch": 1.831293006127055e-08, "faithfulness": 0.9999999672427928, "DeltaNOrbits": 6.591992251692211e-06}