{"SMBHMASS": 500000.0, "SecondaryMass": 10, "PROCAMASS": 2e-17, "p0": 15.350000000000001, "e0": 0.4, "BHSpin": 1, "Trajectory Exit Reason": "Separatrix reached!", "mismatch": 0.6165250392259491, "faithfulness": 0.10811630607627401, "DeltaNOrbits": 0.10217851238849995}