{"SMBHMASS": 100000.0, "SecondaryMass": 10, "PROCAMASS": 8e-17, "p0": 35.1, "e0": 0.1, "BHSpin": 1, "Trajectory Exit Reason": "Separatrix reached!", "mismatch": 0.4646115434607567, "faithfulness": 0.49041154367611023, "DeltaNOrbits": 0.07405802899113728}