{"SMBHMASS": 300000.0, "SecondaryMass": 10, "PROCAMASS": 2e-17, "p0": 18.7, "e0": 0.7, "BHSpin": 1, "Trajectory Exit Reason": "Separatrix reached!", "mismatch": 2.6625778159705682e-05, "faithfulness": 0.9999714875588552, "DeltaNOrbits": 0.00014887954024813581}