{"SMBHMASS": 900000.0, "SecondaryMass": 10, "PROCAMASS": 9e-18, "p0": 11.95, "e0": 0.2, "BHSpin": 1, "Trajectory Exit Reason": "Separatrix reached!", "mismatch": 0.00037886168775214113, "faithfulness": 0.9991103619553907, "DeltaNOrbits": 0.001019991591321766}