{"SMBHMASS": 600000.0, "SecondaryMass": 10, "PROCAMASS": 1e-17, "p0": 14.7, "e0": 0.1, "BHSpin": 1, "Trajectory Exit Reason": "Separatrix reached!", "mismatch": 1.8673397128576852e-07, "faithfulness": 0.9999996262198493, "DeltaNOrbits": 2.2544237751448255e-05}