{"SMBHMASS": 100000.0, "SecondaryMass": 10, "PROCAMASS": 5e-17, "p0": 34.95, "e0": 0.2, "BHSpin": 1, "Trajectory Exit Reason": "Separatrix reached!", "mismatch": 1.91604013025648e-05, "faithfulness": 0.9999903686623759, "DeltaNOrbits": 0.00012213969426971082}