{"SMBHMASS": 500000.0, "SecondaryMass": 10, "PROCAMASS": 8e-18, "p0": 15.549999999999999, "e0": 0.2, "BHSpin": 1, "Trajectory Exit Reason": "Separatrix reached!", "mismatch": 1.3309908730718689e-11, "faithfulness": 0.9999999999824223, "DeltaNOrbits": 1.4681645774517427e-07}