{"SMBHMASS": 300000.0, "SecondaryMass": 10, "PROCAMASS": 9e-18, "p0": 20.05, "e0": 0.2, "BHSpin": 1, "Trajectory Exit Reason": "Separatrix reached!", "mismatch": 2.1094237467877974e-14, "faithfulness": 0.9999999999999795, "DeltaNOrbits": 1.2228528787457725e-09}