{"SMBHMASS": 500000.0, "SecondaryMass": 10, "PROCAMASS": 8e-18, "p0": 14.879999999999999, "e0": 0.6, "BHSpin": 1, "Trajectory Exit Reason": "Separatrix reached!", "mismatch": 5.462630348063158e-12, "faithfulness": 0.9999999999935428, "DeltaNOrbits": 8.130118836267348e-08}