{"SMBHMASS": 400000.0, "SecondaryMass": 10, "PROCAMASS": 3e-17, "p0": 17.0, "e0": 0.5, "BHSpin": 1, "Trajectory Exit Reason": "Separatrix reached!", "mismatch": 0.9019516042434749, "faithfulness": 0.037903982227200594, "DeltaNOrbits": 1.2856944695215715}