{"SMBHMASS": 100000.0, "SecondaryMass": 10, "PROCAMASS": 6e-17, "p0": 34.2, "e0": 0.5, "BHSpin": 1, "Trajectory Exit Reason": "Separatrix reached!", "mismatch": 0.006291346251658059, "faithfulness": 0.9967828719343168, "DeltaNOrbits": 0.00188408515241013}