{"SMBHMASS": 800000.0, "SecondaryMass": 10, "PROCAMASS": 9e-18, "p0": 12.71, "e0": 0.4, "BHSpin": 1, "Trajectory Exit Reason": "Separatrix reached!", "mismatch": 6.559835099695377e-05, "faithfulness": 0.9998634945112865, "DeltaNOrbits": 0.0004009123718810233}