{"SMBHMASS": 1000000.0, "SecondaryMass": 10, "PROCAMASS": 9e-18, "p0": 10.685, "e0": 0.6, "BHSpin": 1, "Trajectory Exit Reason": "Separatrix reached!", "mismatch": 0.01087233121814557, "faithfulness": 0.9791317802505972, "DeltaNOrbits": 0.005109829593961133}