{"SMBHMASS": 800000.0, "SecondaryMass": 10, "PROCAMASS": 9e-18, "p0": 12.71, "e0": 0.4, "BHSpin": 1, "Trajectory Exit Reason": "Separatrix reached!", "mismatch": 1.4417159225899034e-05, "faithfulness": 0.9999698794217003, "DeltaNOrbits": 0.00019615225332935934}