{"SMBHMASS": 600000.0, "SecondaryMass": 10, "PROCAMASS": 9e-18, "p0": 13.741999999999999, "e0": 0.7, "BHSpin": 1, "Trajectory Exit Reason": "Separatrix reached!", "mismatch": 3.815942428708752e-08, "faithfulness": 0.9999999422164446, "DeltaNOrbits": 7.159646116428174e-06}