{"SMBHMASS": 700000.0, "SecondaryMass": 10, "PROCAMASS": 7e-18, "p0": 13.7, "e0": 0.3, "BHSpin": 1, "Trajectory Exit Reason": "Separatrix reached!", "mismatch": 1.6690114845729909e-09, "faithfulness": 0.9999999966180431, "DeltaNOrbits": 2.010518357249413e-06}