{"SMBHMASS": 500000.0, "SecondaryMass": 10, "PROCAMASS": 1e-17, "p0": 15.5, "e0": 0.3, "BHSpin": 1, "Trajectory Exit Reason": "Separatrix reached!", "mismatch": 5.114416334883742e-09, "faithfulness": 0.9999999918029248, "DeltaNOrbits": 3.4843710533947156e-06}