{"SMBHMASS": 1000000.0, "SecondaryMass": 10, "PROCAMASS": 1e-17, "p0": 10.9, "e0": 0.5, "BHSpin": 1, "Trajectory Exit Reason": "Separatrix reached!", "mismatch": 0.014096934842663833, "faithfulness": 0.9714773880743105, "DeltaNOrbits": 0.005732295569297821}