{"SMBHMASS": 3000000.0, "SecondaryMass": 10, "PROCAMASS": 5e-18, "p0": 6.97, "e0": 0.3, "BHSpin": 1, "Trajectory Exit Reason": "Separatrix reached!", "mismatch": 0.7385465469568924, "faithfulness": 0.28564310274818827, "DeltaNOrbits": -0.23475107708240164}