{"SMBHMASS": 700000.0, "SecondaryMass": 10, "PROCAMASS": 7e-18, "p0": 13.202, "e0": 0.6, "BHSpin": 1, "Trajectory Exit Reason": "Separatrix reached!", "mismatch": 5.169430439266876e-10, "faithfulness": 0.9999999991139168, "DeltaNOrbits": 9.074680044728855e-07}