{"SMBHMASS": 600000.0, "SecondaryMass": 10, "PROCAMASS": 8e-18, "p0": 14.469999999999999, "e0": 0.4, "BHSpin": 1, "Trajectory Exit Reason": "Separatrix reached!", "mismatch": 3.0289069030686733e-09, "faithfulness": 0.9999999947018897, "DeltaNOrbits": 2.6416586672735948e-06}