{"SMBHMASS": 70000000.0, "SecondaryMass": 10, "PROCAMASS": 1e-19, "p0": 4.795, "e0": 0.4, "BHSpin": 1, "Trajectory Exit Reason": "Integration reached time boundary. Boundary location t = 732240.84", "mismatch": 1.4379797352859214e-10, "faithfulness": 0.9999955814197138, "DeltaNOrbits": -1.0044879475477704e-06}