{"SMBHMASS": 400000.0, "SecondaryMass": 10, "PROCAMASS": 8e-18, "p0": 17.4, "e0": 0.1, "BHSpin": 1, "Trajectory Exit Reason": "Separatrix reached!", "mismatch": 1.080324718572001e-11, "faithfulness": 0.9999999999938721, "DeltaNOrbits": 5.560274983509187e-08}