{"SMBHMASS": 30000000.0, "SecondaryMass": 10, "PROCAMASS": 1e-19, "p0": 4.609999999999999, "e0": 0.6, "BHSpin": 1, "Trajectory Exit Reason": "Integration reached time boundary. Boundary location t = 1708561.96", "mismatch": 3.4416913763379853e-15, "faithfulness": 0.9999999999978322, "DeltaNOrbits": 1.1580046200244058e-11}