{"SMBHMASS": 80000000.0, "SecondaryMass": 10, "PROCAMASS": 4e-19, "p0": 4.83, "e0": 0.1, "BHSpin": 1, "Trajectory Exit Reason": "Integration reached time boundary. Boundary location t = 640710.74", "mismatch": 0.9923934994618988, "faithfulness": 0.5385516128581876, "DeltaNOrbits": -226.39867733059674}