{"SMBHMASS": 900000.0, "SecondaryMass": 10, "PROCAMASS": 5e-18, "p0": 11.759999999999998, "e0": 0.5, "BHSpin": 1, "Trajectory Exit Reason": "Separatrix reached!", "mismatch": 3.847844265436606e-11, "faithfulness": 0.9999999999293454, "DeltaNOrbits": 2.792921862759663e-07}