{"SMBHMASS": 800000.0, "SecondaryMass": 10, "PROCAMASS": 5e-18, "p0": 12.899999999999999, "e0": 0.1, "BHSpin": 1, "Trajectory Exit Reason": "Separatrix reached!", "mismatch": 1.159405904616051e-12, "faithfulness": 0.999999999998198, "DeltaNOrbits": 3.8316056867367537e-08}