{"SMBHMASS": 300000.0, "SecondaryMass": 10, "PROCAMASS": 9e-18, "p0": 20.05, "e0": 0.2, "BHSpin": 1, "Trajectory Exit Reason": "Separatrix reached!", "mismatch": 4.496403249731884e-14, "faithfulness": 0.9999999999999958, "DeltaNOrbits": 2.0751442790837353e-09}