{"SMBHMASS": 900000.0, "SecondaryMass": 10, "PROCAMASS": 7e-18, "p0": 11.899999999999999, "e0": 0.3, "BHSpin": 1, "Trajectory Exit Reason": "Separatrix reached!", "mismatch": 2.735104606133021e-07, "faithfulness": 0.9999993840576404, "DeltaNOrbits": 2.582969140323366e-05}