{"SMBHMASS": 100000.0, "SecondaryMass": 10, "PROCAMASS": 6e-17, "p0": 34.5, "e0": 0.4, "BHSpin": 1, "Trajectory Exit Reason": "Separatrix reached!", "mismatch": 0.001446175568525998, "faithfulness": 0.9992840945221039, "DeltaNOrbits": 0.0009892047507972796}