{"SMBHMASS": 3000000.0, "SecondaryMass": 10, "PROCAMASS": 6e-18, "p0": 7.0, "e0": 0.1, "BHSpin": 1, "Trajectory Exit Reason": "Separatrix reached!", "mismatch": 0.9682678908431996, "faithfulness": 0.03655800939099074, "DeltaNOrbits": -5.99499104718951}