{"SMBHMASS": 300000.0, "SecondaryMass": 10, "PROCAMASS": 9e-18, "p0": 20.05, "e0": 0.2, "BHSpin": 1, "Trajectory Exit Reason": "Separatrix reached!", "mismatch": 5.906386491005833e-14, "faithfulness": 0.9999999999999793, "DeltaNOrbits": 2.1863127226060782e-09}