{"SMBHMASS": 4000000.0, "SecondaryMass": 10, "PROCAMASS": 3e-18, "p0": 6.26, "e0": 0.3, "BHSpin": 1, "Trajectory Exit Reason": "Separatrix reached!", "mismatch": 0.008510958618018871, "faithfulness": 0.9842695155529795, "DeltaNOrbits": -0.019885700194113926}