{"SMBHMASS": 100000.0, "SecondaryMass": 10, "PROCAMASS": 5e-17, "p0": 34.8, "e0": 0.3, "BHSpin": 1, "Trajectory Exit Reason": "Separatrix reached!", "mismatch": 2.3587802256974655e-05, "faithfulness": 0.9999881622517418, "DeltaNOrbits": 0.0001294931162472354}