{"SMBHMASS": 700000.0, "SecondaryMass": 10, "PROCAMASS": 7e-18, "p0": 13.7, "e0": 0.3, "BHSpin": 1, "Trajectory Exit Reason": "Separatrix reached!", "mismatch": 2.6891453508426366e-09, "faithfulness": 0.9999999945415422, "DeltaNOrbits": 2.616423430594023e-06}