{"SMBHMASS": 800000.0, "SecondaryMass": 10, "PROCAMASS": 7e-18, "p0": 12.71, "e0": 0.4, "BHSpin": 1, "Trajectory Exit Reason": "Separatrix reached!", "mismatch": 9.081370211383444e-09, "faithfulness": 0.9999999811236447, "DeltaNOrbits": 5.0033396095361685e-06}