{"SMBHMASS": 7000000.0, "SecondaryMass": 10, "PROCAMASS": 3e-18, "p0": 5.307, "e0": 0.2, "BHSpin": 1, "Trajectory Exit Reason": "Separatrix reached!", "mismatch": 0.6502425226458151, "faithfulness": 0.25633127976455794, "DeltaNOrbits": -8.400860505702592}