{"SMBHMASS": 800000.0, "SecondaryMass": 10, "PROCAMASS": 8e-18, "p0": 12.106, "e0": 0.7, "BHSpin": 1, "Trajectory Exit Reason": "Separatrix reached!", "mismatch": 5.348672605820504e-06, "faithfulness": 0.9999908146778558, "DeltaNOrbits": 9.125122725977118e-05}