{"SMBHMASS": 700000.0, "SecondaryMass": 10, "PROCAMASS": 7e-18, "p0": 13.202, "e0": 0.6, "BHSpin": 1, "Trajectory Exit Reason": "Separatrix reached!", "mismatch": 1.2969210150259869e-09, "faithfulness": 0.9999999977783344, "DeltaNOrbits": 1.5489284516707248e-06}