{"SMBHMASS": 100000.0, "SecondaryMass": 10, "PROCAMASS": 6e-17, "p0": 34.95, "e0": 0.2, "BHSpin": 1, "Trajectory Exit Reason": "Separatrix reached!", "mismatch": 0.005353864139138298, "faithfulness": 0.9973290275118715, "DeltaNOrbits": 0.0020569989951705397}