{"SMBHMASS": 800000.0, "SecondaryMass": 10, "PROCAMASS": 8e-18, "p0": 12.799999999999999, "e0": 0.3, "BHSpin": 1, "Trajectory Exit Reason": "Separatrix reached!", "mismatch": 4.5428457895457797e-07, "faithfulness": 0.9999990140819884, "DeltaNOrbits": 4.1209215610036516e-05}