{"SMBHMASS": 900000.0, "SecondaryMass": 10, "PROCAMASS": 9e-18, "p0": 11.899999999999999, "e0": 0.3, "BHSpin": 1, "Trajectory Exit Reason": "Separatrix reached!", "mismatch": 0.0013937883390215955, "faithfulness": 0.9968197659661544, "DeltaNOrbits": 0.0019789617493658302}