{"SMBHMASS": 100000.0, "SecondaryMass": 10, "PROCAMASS": 4e-17, "p0": 34.8, "e0": 0.3, "BHSpin": 1, "Trajectory Exit Reason": "Separatrix reached!", "mismatch": 2.6704276789857317e-08, "faithfulness": 0.9999999865189948, "DeltaNOrbits": 4.40934808772237e-06}