{"SMBHMASS": 700000.0, "SecondaryMass": 10, "PROCAMASS": 8e-18, "p0": 13.590000000000002, "e0": 0.4, "BHSpin": 1, "Trajectory Exit Reason": "Separatrix reached!", "mismatch": 3.2452534659555e-08, "faithfulness": 0.9999999362561008, "DeltaNOrbits": 8.906371021236028e-06}