{"SMBHMASS": 900000.0, "SecondaryMass": 10, "PROCAMASS": 6e-18, "p0": 11.95, "e0": 0.2, "BHSpin": 1, "Trajectory Exit Reason": "Separatrix reached!", "mismatch": 3.2553365558740666e-09, "faithfulness": 0.9999999924348192, "DeltaNOrbits": 3.0048459722610893e-06}