{"SMBHMASS": 30000000.0, "SecondaryMass": 10, "PROCAMASS": 5e-19, "p0": 4.83, "e0": 0.2, "BHSpin": 1, "Trajectory Exit Reason": "Integration reached time boundary. Boundary location t = 1708561.96", "mismatch": 0.3852291164951822, "faithfulness": 0.480984389572999, "DeltaNOrbits": -0.07690286747121768}