{"SMBHMASS": 400000.0, "SecondaryMass": 10, "PROCAMASS": 9e-18, "p0": 17.0, "e0": 0.5, "BHSpin": 1, "Trajectory Exit Reason": "Separatrix reached!", "mismatch": 9.083844787483031e-13, "faithfulness": 0.9999999999991451, "DeltaNOrbits": 2.860734613308292e-08}