{"SMBHMASS": 500000.0, "SecondaryMass": 10, "PROCAMASS": 9e-18, "p0": 15.2, "e0": 0.5, "BHSpin": 1, "Trajectory Exit Reason": "Separatrix reached!", "mismatch": 2.391304931848026e-10, "faithfulness": 0.999999999653043, "DeltaNOrbits": 7.159988885795702e-07}