{"SMBHMASS": 700000.0, "SecondaryMass": 10, "PROCAMASS": 6e-18, "p0": 13.202, "e0": 0.6, "BHSpin": 1, "Trajectory Exit Reason": "Separatrix reached!", "mismatch": 4.308164935906689e-11, "faithfulness": 0.9999999999320911, "DeltaNOrbits": 2.675268593365183e-07}