{"SMBHMASS": 30000000.0, "SecondaryMass": 10, "PROCAMASS": 1e-19, "p0": 4.795, "e0": 0.4, "BHSpin": 1, "Trajectory Exit Reason": "Integration reached time boundary. Boundary location t = 1708561.96", "mismatch": 3.3306690738754696e-16, "faithfulness": 1.0000000000000013, "DeltaNOrbits": -9.264036960195246e-12}