{"SMBHMASS": 70000000.0, "SecondaryMass": 10, "PROCAMASS": 3e-19, "p0": 4.46, "e0": 0.7, "BHSpin": 1, "Trajectory Exit Reason": "Integration reached time boundary. Boundary location t = 732240.84", "mismatch": 0.9405274394301757, "faithfulness": 0.3580261069031975, "DeltaNOrbits": -2.3486113580870702}