{"SMBHMASS": 500000.0, "SecondaryMass": 10, "PROCAMASS": 7e-18, "p0": 15.549999999999999, "e0": 0.2, "BHSpin": 1, "Trajectory Exit Reason": "Separatrix reached!", "mismatch": 1.308619879125672e-12, "faithfulness": 0.9999999999989871, "DeltaNOrbits": 2.225221677838898e-08}