{"SMBHMASS": 900000.0, "SecondaryMass": 10, "PROCAMASS": 9e-18, "p0": 11.288, "e0": 0.7, "BHSpin": 1, "Trajectory Exit Reason": "Separatrix reached!", "mismatch": 0.0015042787548937842, "faithfulness": 0.9973398687681518, "DeltaNOrbits": 0.001601917251573091}