{"SMBHMASS": 20000000.0, "SecondaryMass": 10, "PROCAMASS": 5e-19, "p0": 4.795, "e0": 0.4, "BHSpin": 1, "Trajectory Exit Reason": "Integration reached time boundary. Boundary location t = 2562842.94", "mismatch": 4.058729422107277e-06, "faithfulness": 0.9999830771186213, "DeltaNOrbits": 1.702818001635008e-06}