{"SMBHMASS": 400000.0, "SecondaryMass": 10, "PROCAMASS": 8e-17, "p0": 17.150000000000002, "e0": 0.4, "BHSpin": 1, "Trajectory Exit Reason": "Separatrix reached!", "mismatch": 0.9988432401663082, "faithfulness": 0.0005103673414068772, "DeltaNOrbits": 4499.544813843344}