{"SMBHMASS": 600000.0, "SecondaryMass": 10, "PROCAMASS": 8e-18, "p0": 14.469999999999999, "e0": 0.4, "BHSpin": 1, "Trajectory Exit Reason": "Separatrix reached!", "mismatch": 1.2441601082713305e-09, "faithfulness": 0.9999999978309472, "DeltaNOrbits": 1.8053569947289292e-06}