{"SMBHMASS": 900000.0, "SecondaryMass": 10, "PROCAMASS": 4e-18, "p0": 11.523999999999997, "e0": 0.6, "BHSpin": 1, "Trajectory Exit Reason": "Separatrix reached!", "mismatch": 8.554268404736831e-13, "faithfulness": 0.9999999999991966, "DeltaNOrbits": 1.6369553308665e-08}