{"SMBHMASS": 400000.0, "SecondaryMass": 10, "PROCAMASS": 8e-18, "p0": 16.625, "e0": 0.6, "BHSpin": 1, "Trajectory Exit Reason": "Separatrix reached!", "mismatch": 2.9332092310596636e-13, "faithfulness": 0.9999999999998125, "DeltaNOrbits": 1.1357709313199372e-08}