{"SMBHMASS": 600000.0, "SecondaryMass": 10, "PROCAMASS": 7e-17, "p0": 13.741999999999999, "e0": 0.7, "BHSpin": 1, "Trajectory Exit Reason": "Separatrix reached!", "mismatch": 0.9994459909693312, "faithfulness": 0.000357665912480634, "DeltaNOrbits": 7264.019717839869}