{"SMBHMASS": 800000.0, "SecondaryMass": 10, "PROCAMASS": 8e-18, "p0": 12.106, "e0": 0.7, "BHSpin": 1, "Trajectory Exit Reason": "Separatrix reached!", "mismatch": 4.372092307081132e-06, "faithfulness": 0.9999924993368531, "DeltaNOrbits": 8.169169531265659e-05}