{"SMBHMASS": 600000.0, "SecondaryMass": 10, "PROCAMASS": 9e-18, "p0": 14.649999999999997, "e0": 0.2, "BHSpin": 1, "Trajectory Exit Reason": "Separatrix reached!", "mismatch": 9.27044984111447e-08, "faithfulness": 0.9999998229651148, "DeltaNOrbits": 1.5776265853660175e-05}