{"SMBHMASS": 600000.0, "SecondaryMass": 10, "PROCAMASS": 6e-18, "p0": 14.469999999999999, "e0": 0.4, "BHSpin": 1, "Trajectory Exit Reason": "Separatrix reached!", "mismatch": 5.927480728473711e-13, "faithfulness": 0.9999999999994189, "DeltaNOrbits": 2.0473521682031493e-08}