{"SMBHMASS": 600000.0, "SecondaryMass": 10, "PROCAMASS": 7e-18, "p0": 14.649999999999997, "e0": 0.2, "BHSpin": 1, "Trajectory Exit Reason": "Separatrix reached!", "mismatch": 1.6416201731317415e-11, "faithfulness": 0.9999999999722221, "DeltaNOrbits": 1.8830081525292857e-07}