{"SMBHMASS": 20000000.0, "SecondaryMass": 10, "PROCAMASS": 1e-18, "p0": 4.83, "e0": 0.1, "BHSpin": 1, "Trajectory Exit Reason": "Integration reached time boundary. Boundary location t = 2562842.94", "mismatch": 0.9522864402840803, "faithfulness": 0.04332347161922641, "DeltaNOrbits": -1.726837962028462}