{"SMBHMASS": 1000000.0, "SecondaryMass": 10, "PROCAMASS": 4e-18, "p0": 10.9, "e0": 0.5, "BHSpin": 1, "Trajectory Exit Reason": "Separatrix reached!", "mismatch": 1.3500311979441904e-12, "faithfulness": 0.9999999999983287, "DeltaNOrbits": 3.48790991551351e-08}