{"SMBHMASS": 800000.0, "SecondaryMass": 10, "PROCAMASS": 3e-17, "p0": 12.71, "e0": 0.4, "BHSpin": 1, "Trajectory Exit Reason": "Separatrix reached!", "mismatch": 0.997627017142068, "faithfulness": 0.0001699736984566515, "DeltaNOrbits": 1153.0662535185138}