{"SMBHMASS": 500000.0, "SecondaryMass": 10, "PROCAMASS": 7e-18, "p0": 15.6, "e0": 0.1, "BHSpin": 1, "Trajectory Exit Reason": "Separatrix reached!", "mismatch": 1.3419265698644267e-12, "faithfulness": 0.9999999999986308, "DeltaNOrbits": 3.7537877762711134e-08}