{"SMBHMASS": 200000.0, "SecondaryMass": 10, "PROCAMASS": 6e-17, "p0": 26.250000000000004, "e0": 0.6, "BHSpin": 1, "Trajectory Exit Reason": "Separatrix reached!", "mismatch": 0.9493029484330757, "faithfulness": 0.02304354872804026, "DeltaNOrbits": 4.538617923855374}