{"SMBHMASS": 100000.0, "SecondaryMass": 10, "PROCAMASS": 9e-17, "p0": 35.1, "e0": 0.1, "BHSpin": 1, "Trajectory Exit Reason": "Separatrix reached!", "mismatch": 0.6994738943907903, "faithfulness": 0.2171908502169901, "DeltaNOrbits": 0.2783878391032084}