{"SMBHMASS": 700000.0, "SecondaryMass": 10, "PROCAMASS": 1e-17, "p0": 13.202, "e0": 0.6, "BHSpin": 1, "Trajectory Exit Reason": "Separatrix reached!", "mismatch": 1.0892321333111354e-05, "faithfulness": 0.9999809007677212, "DeltaNOrbits": 0.00013351784004844437}