{"SMBHMASS": 800000.0, "SecondaryMass": 10, "PROCAMASS": 5e-18, "p0": 12.799999999999999, "e0": 0.3, "BHSpin": 1, "Trajectory Exit Reason": "Separatrix reached!", "mismatch": 3.213207477870128e-12, "faithfulness": 0.999999999994945, "DeltaNOrbits": 6.955438949714591e-08}