{"SMBHMASS": 900000.0, "SecondaryMass": 10, "PROCAMASS": 7e-18, "p0": 11.899999999999999, "e0": 0.3, "BHSpin": 1, "Trajectory Exit Reason": "Separatrix reached!", "mismatch": 6.275182531378931e-07, "faithfulness": 0.9999985817074807, "DeltaNOrbits": 3.954370851725869e-05}