{"SMBHMASS": 800000.0, "SecondaryMass": 10, "PROCAMASS": 8e-18, "p0": 12.71, "e0": 0.4, "BHSpin": 1, "Trajectory Exit Reason": "Separatrix reached!", "mismatch": 3.4827532744419187e-06, "faithfulness": 0.9999927392494357, "DeltaNOrbits": 9.38327437990992e-05}