{"SMBHMASS": 30000000.0, "SecondaryMass": 10, "PROCAMASS": 6e-19, "p0": 4.83, "e0": 0.2, "BHSpin": 1, "Trajectory Exit Reason": "Integration reached time boundary. Boundary location t = 1708561.96", "mismatch": 0.8628660594173231, "faithfulness": 0.12567364586969224, "DeltaNOrbits": -0.4825358319381976}