{"SMBHMASS": 300000.0, "SecondaryMass": 10, "PROCAMASS": 2e-17, "p0": 20.05, "e0": 0.2, "BHSpin": 1, "Trajectory Exit Reason": "Separatrix reached!", "mismatch": 7.184342104671337e-06, "faithfulness": 0.9999911585089095, "DeltaNOrbits": 0.0001156310227664386}