{"SMBHMASS": 1000000.0, "SecondaryMass": 10, "PROCAMASS": 3e-18, "p0": 11.0, "e0": 0.3, "BHSpin": 1, "Trajectory Exit Reason": "Separatrix reached!", "mismatch": 5.651035195342047e-14, "faithfulness": 0.9999999999999668, "DeltaNOrbits": 4.632018480097623e-10}