{"SMBHMASS": 800000.0, "SecondaryMass": 10, "PROCAMASS": 7e-18, "p0": 12.849999999999998, "e0": 0.2, "BHSpin": 1, "Trajectory Exit Reason": "Separatrix reached!", "mismatch": 7.095055198913514e-08, "faithfulness": 0.9999998380231223, "DeltaNOrbits": 1.3931536701850416e-05}