{"SMBHMASS": 1000000.0, "SecondaryMass": 10, "PROCAMASS": 1e-17, "p0": 11.05, "e0": 0.2, "BHSpin": 1, "Trajectory Exit Reason": "Separatrix reached!", "mismatch": 0.07979143492791085, "faithfulness": 0.8142977205442398, "DeltaNOrbits": 0.014527519509880736}