{"SMBHMASS": 700000.0, "SecondaryMass": 10, "PROCAMASS": 1e-17, "p0": 13.479999999999999, "e0": 0.5, "BHSpin": 1, "Trajectory Exit Reason": "Separatrix reached!", "mismatch": 3.67141929605852e-05, "faithfulness": 0.9999317229727792, "DeltaNOrbits": 0.00026388279481400374}