{"SMBHMASS": 100000.0, "SecondaryMass": 10, "PROCAMASS": 6e-17, "p0": 35.1, "e0": 0.1, "BHSpin": 1, "Trajectory Exit Reason": "Separatrix reached!", "mismatch": 0.002409069837277178, "faithfulness": 0.9987889483748138, "DeltaNOrbits": 0.00141789350322413}