{"SMBHMASS": 700000.0, "SecondaryMass": 10, "PROCAMASS": 2e-17, "p0": 13.202, "e0": 0.6, "BHSpin": 1, "Trajectory Exit Reason": "Separatrix reached!", "mismatch": 0.9426424888883463, "faithfulness": 0.0194509790371677, "DeltaNOrbits": 2.671398460383008}