{"SMBHMASS": 800000.0, "SecondaryMass": 10, "PROCAMASS": 6e-18, "p0": 12.849999999999998, "e0": 0.2, "BHSpin": 1, "Trajectory Exit Reason": "Separatrix reached!", "mismatch": 2.0475299233879696e-10, "faithfulness": 0.9999999995514862, "DeltaNOrbits": 7.362871295223978e-07}