{"SMBHMASS": 1000000.0, "SecondaryMass": 10, "PROCAMASS": 1e-17, "p0": 10.47, "e0": 0.7, "BHSpin": 1, "Trajectory Exit Reason": "Separatrix reached!", "mismatch": 0.1081815538148917, "faithfulness": 0.8093451963490909, "DeltaNOrbits": 0.012653188063632406}