{"SMBHMASS": 90000000.0, "SecondaryMass": 10, "PROCAMASS": 2e-19, "p0": 4.46, "e0": 0.7, "BHSpin": 1, "Trajectory Exit Reason": "Integration reached time boundary. Boundary location t = 569520.65", "mismatch": 0.7067132501565305, "faithfulness": 0.777369155145404, "DeltaNOrbits": -0.07874845332063536}