{"SMBHMASS": 90000000.0, "SecondaryMass": 10, "PROCAMASS": 1e-19, "p0": 4.609999999999999, "e0": 0.6, "BHSpin": 1, "Trajectory Exit Reason": "Integration reached time boundary. Boundary location t = 569520.65", "mismatch": 2.4876361082171172e-08, "faithfulness": 0.9998608134689249, "DeltaNOrbits": 4.57398565756741e-06}