{"SMBHMASS": 8000000.0, "SecondaryMass": 10, "PROCAMASS": 2e-18, "p0": 5.178, "e0": 0.1, "BHSpin": 1, "Trajectory Exit Reason": "Separatrix reached!", "mismatch": 1.1127544225288128, "faithfulness": -0.1361655896981113, "DeltaNOrbits": -2.2032328990611165}