{"SMBHMASS": 700000.0, "SecondaryMass": 10, "PROCAMASS": 4e-17, "p0": 13.749999999999996, "e0": 0.2, "BHSpin": 1, "Trajectory Exit Reason": "Separatrix reached!", "mismatch": 0.999145600166098, "faithfulness": 0.0006058868801569352, "DeltaNOrbits": 11776.505089734273}