{"SMBHMASS": 300000.0, "SecondaryMass": 10, "PROCAMASS": 9e-18, "p0": 20.1, "e0": 0.1, "BHSpin": 1, "Trajectory Exit Reason": "Separatrix reached!", "mismatch": 2.6423307986078726e-14, "faithfulness": 0.9999999999999917, "DeltaNOrbits": 2.5012899792527164e-09}