{"SMBHMASS": 100000.0, "SecondaryMass": 10, "PROCAMASS": 7e-17, "p0": 34.5, "e0": 0.4, "BHSpin": 1, "Trajectory Exit Reason": "Separatrix reached!", "mismatch": 0.08422946971646839, "faithfulness": 0.9523561956249993, "DeltaNOrbits": 0.008801309393821698}