{"SMBHMASS": 500000.0, "SecondaryMass": 10, "PROCAMASS": 2e-17, "p0": 14.56, "e0": 0.7, "BHSpin": 1, "Trajectory Exit Reason": "Separatrix reached!", "mismatch": 0.44647414881940295, "faithfulness": 0.3756029067337504, "DeltaNOrbits": 0.035077580906142325}