{"SMBHMASS": 400000.0, "SecondaryMass": 10, "PROCAMASS": 1e-17, "p0": 17.35, "e0": 0.2, "BHSpin": 1, "Trajectory Exit Reason": "Separatrix reached!", "mismatch": 4.1460945787719083e-11, "faithfulness": 0.9999999999446704, "DeltaNOrbits": 2.965232950219294e-07}