{"SMBHMASS": 400000.0, "SecondaryMass": 10, "PROCAMASS": 7e-18, "p0": 16.625, "e0": 0.6, "BHSpin": 1, "Trajectory Exit Reason": "Separatrix reached!", "mismatch": 5.2735593669694936e-14, "faithfulness": 0.9999999999999697, "DeltaNOrbits": 2.297481166128421e-09}