{"SMBHMASS": 300000.0, "SecondaryMass": 10, "PROCAMASS": 3e-17, "p0": 20.05, "e0": 0.2, "BHSpin": 1, "Trajectory Exit Reason": "Separatrix reached!", "mismatch": 0.1849565513267608, "faithfulness": 0.7529745273657716, "DeltaNOrbits": 0.023038250507950525}