{"SMBHMASS": 1000000.0, "SecondaryMass": 10, "PROCAMASS": 8e-18, "p0": 11.05, "e0": 0.2, "BHSpin": 1, "Trajectory Exit Reason": "Separatrix reached!", "mismatch": 0.00017215140633641823, "faithfulness": 0.9995943006836543, "DeltaNOrbits": 0.0006502922983057675}