{"SMBHMASS": 100000.0, "SecondaryMass": 10, "PROCAMASS": 6e-17, "p0": 34.95, "e0": 0.2, "BHSpin": 1, "Trajectory Exit Reason": "Separatrix reached!", "mismatch": 0.0010491700091431744, "faithfulness": 0.9995030353025105, "DeltaNOrbits": 0.0009331807096173858}