{"SMBHMASS": 600000.0, "SecondaryMass": 10, "PROCAMASS": 9e-18, "p0": 14.7, "e0": 0.1, "BHSpin": 1, "Trajectory Exit Reason": "Separatrix reached!", "mismatch": 3.774295986858078e-08, "faithfulness": 0.9999999259670487, "DeltaNOrbits": 9.47912937033706e-06}