{"SMBHMASS": 900000.0, "SecondaryMass": 10, "PROCAMASS": 5e-18, "p0": 11.830000000000002, "e0": 0.4, "BHSpin": 1, "Trajectory Exit Reason": "Separatrix reached!", "mismatch": 8.165546017124825e-11, "faithfulness": 0.9999999998379138, "DeltaNOrbits": 4.348724229854852e-07}