{"SMBHMASS": 300000.0, "SecondaryMass": 10, "PROCAMASS": 3e-17, "p0": 20.1, "e0": 0.1, "BHSpin": 1, "Trajectory Exit Reason": "Separatrix reached!", "mismatch": 0.3933151283537465, "faithfulness": 0.43781015416471725, "DeltaNOrbits": 0.053740366560080466}