{"SMBHMASS": 700000.0, "SecondaryMass": 10, "PROCAMASS": 4e-17, "p0": 13.799999999999999, "e0": 0.1, "BHSpin": 1, "Trajectory Exit Reason": "Separatrix reached!", "mismatch": 0.999052987580401, "faithfulness": 0.0004641238902153477, "DeltaNOrbits": 8853.381593634664}