{"SMBHMASS": 900000.0, "SecondaryMass": 10, "PROCAMASS": 8e-18, "p0": 11.830000000000002, "e0": 0.4, "BHSpin": 1, "Trajectory Exit Reason": "Separatrix reached!", "mismatch": 1.2486320899451897e-05, "faithfulness": 0.9999732846041636, "DeltaNOrbits": 0.00016075284880239183}