{"SMBHMASS": 900000.0, "SecondaryMass": 10, "PROCAMASS": 6e-18, "p0": 11.759999999999998, "e0": 0.5, "BHSpin": 1, "Trajectory Exit Reason": "Separatrix reached!", "mismatch": 7.18353643236469e-09, "faithfulness": 0.9999999854742143, "DeltaNOrbits": 4.194033340693512e-06}