{"SMBHMASS": 700000.0, "SecondaryMass": 10, "PROCAMASS": 8e-18, "p0": 13.202, "e0": 0.6, "BHSpin": 1, "Trajectory Exit Reason": "Separatrix reached!", "mismatch": 2.1991772491958272e-07, "faithfulness": 0.9999996192572916, "DeltaNOrbits": 2.04528999357581e-05}