{"SMBHMASS": 1000000.0, "SecondaryMass": 10, "PROCAMASS": 7e-18, "p0": 11.0, "e0": 0.3, "BHSpin": 1, "Trajectory Exit Reason": "Separatrix reached!", "mismatch": 8.617439561486862e-06, "faithfulness": 0.9999801711866829, "DeltaNOrbits": 0.00016038358428915842}