{"SMBHMASS": 800000.0, "SecondaryMass": 10, "PROCAMASS": 9e-18, "p0": 12.899999999999999, "e0": 0.1, "BHSpin": 1, "Trajectory Exit Reason": "Separatrix reached!", "mismatch": 1.2654493716013349e-05, "faithfulness": 0.9999702551141678, "DeltaNOrbits": 0.00018773268892230763}