{"SMBHMASS": 40000000.0, "SecondaryMass": 10, "PROCAMASS": 1e-19, "p0": 4.83, "e0": 0.3, "BHSpin": 1, "Trajectory Exit Reason": "Integration reached time boundary. Boundary location t = 1281421.47", "mismatch": 2.1871393585115584e-14, "faithfulness": 0.9999999928768709, "DeltaNOrbits": 9.287197052595734e-10}