{"SMBHMASS": 100000.0, "SecondaryMass": 10, "PROCAMASS": 6e-17, "p0": 35.1, "e0": 0.1, "BHSpin": 1, "Trajectory Exit Reason": "Separatrix reached!", "mismatch": 0.001379830682473715, "faithfulness": 0.999329779580957, "DeltaNOrbits": 0.0010906730064993413}