{"SMBHMASS": 100000.0, "SecondaryMass": 10, "PROCAMASS": 8e-17, "p0": 35.1, "e0": 0.1, "BHSpin": 1, "Trajectory Exit Reason": "Separatrix reached!", "mismatch": 0.49003749839166977, "faithfulness": 0.45960231543809954, "DeltaNOrbits": 0.08383076822804073}