{"SMBHMASS": 700000.0, "SecondaryMass": 10, "PROCAMASS": 7e-18, "p0": 12.924, "e0": 0.7, "BHSpin": 1, "Trajectory Exit Reason": "Separatrix reached!", "mismatch": 2.6139247433221158e-09, "faithfulness": 0.9999999957861329, "DeltaNOrbits": 1.9325429581554495e-06}