{"SMBHMASS": 800000.0, "SecondaryMass": 10, "PROCAMASS": 4e-18, "p0": 12.71, "e0": 0.4, "BHSpin": 1, "Trajectory Exit Reason": "Separatrix reached!", "mismatch": 4.118927421359331e-14, "faithfulness": 0.9999999999999819, "DeltaNOrbits": 1.7231108745963157e-09}