{"SMBHMASS": 700000.0, "SecondaryMass": 10, "PROCAMASS": 1e-17, "p0": 13.479999999999999, "e0": 0.5, "BHSpin": 1, "Trajectory Exit Reason": "Separatrix reached!", "mismatch": 1.0900494580745601e-05, "faithfulness": 0.9999794716973388, "DeltaNOrbits": 0.00015725962132966315}