{"SMBHMASS": 300000.0, "SecondaryMass": 10, "PROCAMASS": 1e-17, "p0": 19.6, "e0": 0.5, "BHSpin": 1, "Trajectory Exit Reason": "Separatrix reached!", "mismatch": 1.8884893648873913e-13, "faithfulness": 0.999999999999851, "DeltaNOrbits": 9.986631843090476e-09}