{"SMBHMASS": 600000.0, "SecondaryMass": 10, "PROCAMASS": 5e-18, "p0": 14.7, "e0": 0.1, "BHSpin": 1, "Trajectory Exit Reason": "Separatrix reached!", "mismatch": 4.3076653355456074e-14, "faithfulness": 0.9999999999999549, "DeltaNOrbits": 2.3901215357303735e-09}