{"SMBHMASS": 40000000.0, "SecondaryMass": 10, "PROCAMASS": 5e-19, "p0": 4.609999999999999, "e0": 0.6, "BHSpin": 1, "Trajectory Exit Reason": "Integration reached time boundary. Boundary location t = 1281421.47", "mismatch": 0.9466094909726083, "faithfulness": 0.09913190364753335, "DeltaNOrbits": -3.2171669806860863}