{"SMBHMASS": 200000.0, "SecondaryMass": 10, "PROCAMASS": 4e-17, "p0": 25.6, "e0": 0.7, "BHSpin": 1, "Trajectory Exit Reason": "Separatrix reached!", "mismatch": 0.5325683733078874, "faithfulness": 0.32096534314175784, "DeltaNOrbits": 0.038728168885563144}