{"SMBHMASS": 400000.0, "SecondaryMass": 10, "PROCAMASS": 1e-17, "p0": 17.4, "e0": 0.1, "BHSpin": 1, "Trajectory Exit Reason": "Separatrix reached!", "mismatch": 8.111289417911394e-12, "faithfulness": 0.9999999999892487, "DeltaNOrbits": 1.2851072071182846e-07}