{"SMBHMASS": 80000000.0, "SecondaryMass": 10, "PROCAMASS": 1e-19, "p0": 4.609999999999999, "e0": 0.6, "BHSpin": 1, "Trajectory Exit Reason": "Integration reached time boundary. Boundary location t = 640710.74", "mismatch": 2.0751619311809577e-09, "faithfulness": 0.9999171376867304, "DeltaNOrbits": -9.536086985577579e-07}