{"SMBHMASS": 900000.0, "SecondaryMass": 10, "PROCAMASS": 7e-18, "p0": 11.95, "e0": 0.2, "BHSpin": 1, "Trajectory Exit Reason": "Separatrix reached!", "mismatch": 2.6243125683667046e-07, "faithfulness": 0.9999993840491551, "DeltaNOrbits": 2.7138181039639477e-05}