{"SMBHMASS": 30000000.0, "SecondaryMass": 10, "PROCAMASS": 1e-18, "p0": 4.83, "e0": 0.1, "BHSpin": 1, "Trajectory Exit Reason": "Integration reached time boundary. Boundary location t = 1708561.96", "mismatch": 0.9923721383874029, "faithfulness": 0.0049710004500357514, "DeltaNOrbits": -188.15096803210196}