{"SMBHMASS": 30000000.0, "SecondaryMass": 10, "PROCAMASS": 3e-19, "p0": 4.83, "e0": 0.3, "BHSpin": 1, "Trajectory Exit Reason": "Integration reached time boundary. Boundary location t = 1708561.96", "mismatch": 5.090475364566416e-07, "faithfulness": 0.9999682716519268, "DeltaNOrbits": -6.724223409647253e-05}