{"SMBHMASS": 800000.0, "SecondaryMass": 10, "PROCAMASS": 7e-18, "p0": 12.849999999999998, "e0": 0.2, "BHSpin": 1, "Trajectory Exit Reason": "Separatrix reached!", "mismatch": 2.1562172491940146e-08, "faithfulness": 0.9999999510068345, "DeltaNOrbits": 7.561269910763519e-06}