{"SMBHMASS": 50000000.0, "SecondaryMass": 10, "PROCAMASS": 7e-19, "p0": 4.83, "e0": 0.3, "BHSpin": 1, "Trajectory Exit Reason": "Integration reached time boundary. Boundary location t = 1025137.18", "mismatch": 0.9937204482106409, "faithfulness": 0.2032638469080219, "DeltaNOrbits": -271.68051696171494}