{"SMBHMASS": 700000.0, "SecondaryMass": 10, "PROCAMASS": 5e-18, "p0": 13.749999999999996, "e0": 0.2, "BHSpin": 1, "Trajectory Exit Reason": "Separatrix reached!", "mismatch": 4.0101255649460654e-13, "faithfulness": 0.9999999999995536, "DeltaNOrbits": 1.6415873493465975e-08}