{"SMBHMASS": 700000.0, "SecondaryMass": 10, "PROCAMASS": 9e-18, "p0": 12.924, "e0": 0.7, "BHSpin": 1, "Trajectory Exit Reason": "Separatrix reached!", "mismatch": 7.943427128731528e-06, "faithfulness": 0.9999870778068125, "DeltaNOrbits": 0.00010866724618345984}