{"SMBHMASS": 1000000.0, "SecondaryMass": 10, "PROCAMASS": 8e-18, "p0": 11.05, "e0": 0.2, "BHSpin": 1, "Trajectory Exit Reason": "Separatrix reached!", "mismatch": 0.00012611872602730223, "faithfulness": 0.9997029362529634, "DeltaNOrbits": 0.0005881780051159457}