{"SMBHMASS": 500000.0, "SecondaryMass": 10, "PROCAMASS": 9e-18, "p0": 15.6, "e0": 0.1, "BHSpin": 1, "Trajectory Exit Reason": "Separatrix reached!", "mismatch": 8.208678181631512e-11, "faithfulness": 0.9999999998658569, "DeltaNOrbits": 4.5844013301222197e-07}