{"SMBHMASS": 300000.0, "SecondaryMass": 10, "PROCAMASS": 7e-17, "p0": 18.7, "e0": 0.7, "BHSpin": 1, "Trajectory Exit Reason": "Separatrix reached!", "mismatch": 0.9976462432449572, "faithfulness": 0.0014395721926198594, "DeltaNOrbits": 1639.4736855352276}