{"SMBHMASS": 900000.0, "SecondaryMass": 10, "PROCAMASS": 3e-18, "p0": 11.999999999999998, "e0": 0.1, "BHSpin": 1, "Trajectory Exit Reason": "Separatrix reached!", "mismatch": -7.105427357601002e-15, "faithfulness": 0.9999999999999954, "DeltaNOrbits": -4.632018480097623e-10}