{"SMBHMASS": 2000000.0, "SecondaryMass": 10, "PROCAMASS": 8e-18, "p0": 9.05, "e0": 0.1, "BHSpin": 1, "Trajectory Exit Reason": "Integration reached time boundary. Boundary location t = 25628429.41", "mismatch": 0.9764108916971593, "faithfulness": -0.0003155212029053303, "DeltaNOrbits": -24.185459169704455}