{"SMBHMASS": 60000000.0, "SecondaryMass": 10, "PROCAMASS": 3e-19, "p0": 4.46, "e0": 0.7, "BHSpin": 1, "Trajectory Exit Reason": "Integration reached time boundary. Boundary location t = 854280.98", "mismatch": 0.8493163027514219, "faithfulness": 0.2550870652981926, "DeltaNOrbits": -0.2816575793276818}