{"SMBHMASS": 90000000.0, "SecondaryMass": 10, "PROCAMASS": 1e-19, "p0": 4.83, "e0": 0.3, "BHSpin": 1, "Trajectory Exit Reason": "Integration reached time boundary. Boundary location t = 569520.65", "mismatch": 5.0250297811693656e-08, "faithfulness": 0.9951687419217843, "DeltaNOrbits": 3.201205573265692e-05}