{"SMBHMASS": 400000.0, "SecondaryMass": 10, "PROCAMASS": 7e-17, "p0": 17.150000000000002, "e0": 0.4, "BHSpin": 1, "Trajectory Exit Reason": "Separatrix reached!", "mismatch": 0.999487773122319, "faithfulness": 5.0727247067100445e-05, "DeltaNOrbits": 12188.83735227886}