{"SMBHMASS": 700000.0, "SecondaryMass": 10, "PROCAMASS": 8e-18, "p0": 13.479999999999999, "e0": 0.5, "BHSpin": 1, "Trajectory Exit Reason": "Separatrix reached!", "mismatch": 2.7679072034381136e-08, "faithfulness": 0.9999999482864472, "DeltaNOrbits": 7.826499288933908e-06}