{"SMBHMASS": 600000.0, "SecondaryMass": 10, "PROCAMASS": 5e-18, "p0": 14.339999999999998, "e0": 0.5, "BHSpin": 1, "Trajectory Exit Reason": "Separatrix reached!", "mismatch": 1.0191847366058937e-13, "faithfulness": 0.9999999999999521, "DeltaNOrbits": 1.7045828006759252e-09}