{"SMBHMASS": 300000.0, "SecondaryMass": 10, "PROCAMASS": 9e-18, "p0": 20.0, "e0": 0.3, "BHSpin": 1, "Trajectory Exit Reason": "Separatrix reached!", "mismatch": 5.323519403077626e-13, "faithfulness": 0.9999999999997516, "DeltaNOrbits": 3.6315024883965363e-09}