{"SMBHMASS": 90000000.0, "SecondaryMass": 10, "PROCAMASS": 1e-19, "p0": 4.83, "e0": 0.1, "BHSpin": 1, "Trajectory Exit Reason": "Integration reached time boundary. Boundary location t = 569520.65", "mismatch": 2.22262486193614e-09, "faithfulness": 0.9984417934006725, "DeltaNOrbits": 5.261784238637836e-06}