{"SMBHMASS": 1000000.0, "SecondaryMass": 10, "PROCAMASS": 9e-18, "p0": 10.47, "e0": 0.7, "BHSpin": 1, "Trajectory Exit Reason": "Separatrix reached!", "mismatch": 0.008999294249049883, "faithfulness": 0.9839539508300588, "DeltaNOrbits": 0.004074171534151759}