{"SMBHMASS": 6000000.0, "SecondaryMass": 10, "PROCAMASS": 2e-18, "p0": 5.526, "e0": 0.1, "BHSpin": 1, "Trajectory Exit Reason": "Separatrix reached!", "mismatch": 0.0022250051332437515, "faithfulness": 0.9953909799563192, "DeltaNOrbits": -0.03614688709229969}