{"SMBHMASS": 20000000.0, "SecondaryMass": 10, "PROCAMASS": 2e-18, "p0": 4.83, "e0": 0.1, "BHSpin": 1, "Trajectory Exit Reason": "Integration reached time boundary. Boundary location t = 2562842.94", "mismatch": 0.9878329361172876, "faithfulness": 0.013057721119605554, "DeltaNOrbits": -64.71135718698505}