{"SMBHMASS": 100000.0, "SecondaryMass": 10, "PROCAMASS": 7e-17, "p0": 33.35, "e0": 0.6, "BHSpin": 1, "Trajectory Exit Reason": "Separatrix reached!", "mismatch": 0.2207078520946929, "faithfulness": 0.8278568706848577, "DeltaNOrbits": 0.015215437268154636}