{"SMBHMASS": 600000.0, "SecondaryMass": 10, "PROCAMASS": 8e-18, "p0": 14.7, "e0": 0.1, "BHSpin": 1, "Trajectory Exit Reason": "Separatrix reached!", "mismatch": 6.391885909451389e-10, "faithfulness": 0.9999999987566576, "DeltaNOrbits": 1.3057660095395199e-06}