{"SMBHMASS": 40000000.0, "SecondaryMass": 10, "PROCAMASS": 1e-19, "p0": 4.46, "e0": 0.7, "BHSpin": 1, "Trajectory Exit Reason": "Integration reached time boundary. Boundary location t = 1281421.47", "mismatch": -1.2878587085651816e-14, "faithfulness": 0.9999999999850512, "DeltaNOrbits": -1.9570278078412458e-10}