{"SMBHMASS": 100000.0, "SecondaryMass": 10, "PROCAMASS": 8e-17, "p0": 34.5, "e0": 0.4, "BHSpin": 1, "Trajectory Exit Reason": "Separatrix reached!", "mismatch": 0.6527445837489358, "faithfulness": 0.26389027173265195, "DeltaNOrbits": 0.06571812003481035}