{"SMBHMASS": 90000000.0, "SecondaryMass": 10, "PROCAMASS": 1e-19, "p0": 4.795, "e0": 0.4, "BHSpin": 1, "Trajectory Exit Reason": "Integration reached time boundary. Boundary location t = 569520.65", "mismatch": 1.8758409536800968e-07, "faithfulness": 0.9992486305552323, "DeltaNOrbits": -3.8748256615690004e-05}