{"SMBHMASS": 900000.0, "SecondaryMass": 10, "PROCAMASS": 5e-18, "p0": 11.999999999999998, "e0": 0.1, "BHSpin": 1, "Trajectory Exit Reason": "Separatrix reached!", "mismatch": 4.9297232962430826e-11, "faithfulness": 0.9999999998914553, "DeltaNOrbits": 3.4173179538768225e-07}