{"SMBHMASS": 400000.0, "SecondaryMass": 10, "PROCAMASS": 8e-18, "p0": 17.3, "e0": 0.3, "BHSpin": 1, "Trajectory Exit Reason": "Separatrix reached!", "mismatch": 3.50941498084012e-13, "faithfulness": 0.9999999999997499, "DeltaNOrbits": 1.2636146413706315e-08}