{"SMBHMASS": 800000.0, "SecondaryMass": 10, "PROCAMASS": 5e-18, "p0": 12.71, "e0": 0.4, "BHSpin": 1, "Trajectory Exit Reason": "Separatrix reached!", "mismatch": 4.892752869523065e-12, "faithfulness": 0.9999999999921283, "DeltaNOrbits": 8.962029355292881e-08}