{"SMBHMASS": 1000000.0, "SecondaryMass": 10, "PROCAMASS": 9e-18, "p0": 10.9, "e0": 0.5, "BHSpin": 1, "Trajectory Exit Reason": "Separatrix reached!", "mismatch": 0.013053448305256232, "faithfulness": 0.9729420202725725, "DeltaNOrbits": 0.006005217590687106}