{"SMBHMASS": 50000000.0, "SecondaryMass": 10, "PROCAMASS": 1e-19, "p0": 4.46, "e0": 0.7, "BHSpin": 1, "Trajectory Exit Reason": "Integration reached time boundary. Boundary location t = 1025137.18", "mismatch": 2.6610935677240377e-12, "faithfulness": 0.9999997190255329, "DeltaNOrbits": 7.943332691057412e-08}