{"SMBHMASS": 1000000.0, "SecondaryMass": 10, "PROCAMASS": 7e-18, "p0": 10.47, "e0": 0.7, "BHSpin": 1, "Trajectory Exit Reason": "Separatrix reached!", "mismatch": 9.790534084452851e-06, "faithfulness": 0.9999824891332503, "DeltaNOrbits": 0.00013294387737453853}