{"SMBHMASS": 800000.0, "SecondaryMass": 10, "PROCAMASS": 5e-17, "p0": 12.106, "e0": 0.7, "BHSpin": 1, "Trajectory Exit Reason": "Separatrix reached!", "mismatch": 0.997782148823039, "faithfulness": 0.0007518896628791612, "DeltaNOrbits": 462.82628122637954}