{"SMBHMASS": 100000.0, "SecondaryMass": 10, "PROCAMASS": 5e-17, "p0": 34.2, "e0": 0.5, "BHSpin": 1, "Trajectory Exit Reason": "Separatrix reached!", "mismatch": 4.978489943296971e-06, "faithfulness": 0.9999976299107026, "DeltaNOrbits": 5.535793839438175e-05}