{"SMBHMASS": 800000.0, "SecondaryMass": 10, "PROCAMASS": 5e-18, "p0": 12.799999999999999, "e0": 0.3, "BHSpin": 1, "Trajectory Exit Reason": "Separatrix reached!", "mismatch": 2.556510558804348e-12, "faithfulness": 0.9999999999960105, "DeltaNOrbits": 6.121675623297019e-08}