{"SMBHMASS": 800000.0, "SecondaryMass": 10, "PROCAMASS": 5e-18, "p0": 12.849999999999998, "e0": 0.2, "BHSpin": 1, "Trajectory Exit Reason": "Separatrix reached!", "mismatch": 1.8801626922027026e-12, "faithfulness": 0.9999999999970912, "DeltaNOrbits": 5.2082415790217676e-08}