{"SMBHMASS": 90000000.0, "SecondaryMass": 10, "PROCAMASS": 4e-19, "p0": 4.609999999999999, "e0": 0.6, "BHSpin": 1, "Trajectory Exit Reason": "Integration reached time boundary. Boundary location t = 569520.65", "mismatch": 1.0058545050691021, "faithfulness": 0.7260096963565622, "DeltaNOrbits": -773.6055519831671}