{"SMBHMASS": 40000000.0, "SecondaryMass": 10, "PROCAMASS": 8e-19, "p0": 4.795, "e0": 0.4, "BHSpin": 1, "Trajectory Exit Reason": "Integration reached time boundary. Boundary location t = 1281421.47", "mismatch": 1.0000321603487856, "faithfulness": 0.023670571502681776, "DeltaNOrbits": -1147.0093429821172}