{"SMBHMASS": 400000.0, "SecondaryMass": 10, "PROCAMASS": 7e-18, "p0": 17.4, "e0": 0.1, "BHSpin": 1, "Trajectory Exit Reason": "Separatrix reached!", "mismatch": 1.4099832412739488e-14, "faithfulness": 0.9999999999999738, "DeltaNOrbits": 3.242412936068336e-09}