{"SMBHMASS": 20000000.0, "SecondaryMass": 10, "PROCAMASS": 5e-19, "p0": 4.76, "e0": 0.5, "BHSpin": 1, "Trajectory Exit Reason": "Integration reached time boundary. Boundary location t = 2562842.94", "mismatch": 4.966225586844342e-05, "faithfulness": 0.9998811446694417, "DeltaNOrbits": -0.0005100269344051154}