{"SMBHMASS": 300000.0, "SecondaryMass": 10, "PROCAMASS": 9e-18, "p0": 20.05, "e0": 0.2, "BHSpin": 1, "Trajectory Exit Reason": "Separatrix reached!", "mismatch": 3.347322419244847e-13, "faithfulness": 0.9999999999998282, "DeltaNOrbits": 1.1116844352234295e-10}