{"SMBHMASS": 400000.0, "SecondaryMass": 10, "PROCAMASS": 2e-17, "p0": 17.0, "e0": 0.5, "BHSpin": 1, "Trajectory Exit Reason": "Separatrix reached!", "mismatch": 0.026932094343539492, "faithfulness": 0.9638803090044774, "DeltaNOrbits": 0.006889262895103793}