{"SMBHMASS": 1000000.0, "SecondaryMass": 10, "PROCAMASS": 6e-18, "p0": 10.9, "e0": 0.5, "BHSpin": 1, "Trajectory Exit Reason": "Separatrix reached!", "mismatch": 5.717739248733977e-08, "faithfulness": 0.9999998829388896, "DeltaNOrbits": 1.2022932015200112e-05}