{"SMBHMASS": 900000.0, "SecondaryMass": 10, "PROCAMASS": 6e-18, "p0": 11.830000000000002, "e0": 0.4, "BHSpin": 1, "Trajectory Exit Reason": "Separatrix reached!", "mismatch": 3.633631950883398e-09, "faithfulness": 0.9999999923013455, "DeltaNOrbits": 2.7325944540748713e-06}