{"SMBHMASS": 800000.0, "SecondaryMass": 10, "PROCAMASS": 6e-18, "p0": 12.106, "e0": 0.7, "BHSpin": 1, "Trajectory Exit Reason": "Separatrix reached!", "mismatch": 3.544189386417429e-10, "faithfulness": 0.9999999994098849, "DeltaNOrbits": 7.378434877317105e-07}