{"SMBHMASS": 10000000.0, "SecondaryMass": 10, "PROCAMASS": 1e-18, "p0": 4.83, "e0": 0.1, "BHSpin": 1, "Trajectory Exit Reason": "Separatrix reached!", "mismatch": 1.4177865486186825e-05, "faithfulness": 0.9999510457942972, "DeltaNOrbits": -0.002469526412783443}