{"SMBHMASS": 800000.0, "SecondaryMass": 10, "PROCAMASS": 6e-18, "p0": 12.71, "e0": 0.4, "BHSpin": 1, "Trajectory Exit Reason": "Separatrix reached!", "mismatch": 3.264550851866943e-10, "faithfulness": 0.999999999343089, "DeltaNOrbits": 8.703192162625026e-07}