{"SMBHMASS": 300000.0, "SecondaryMass": 10, "PROCAMASS": 1e-17, "p0": 20.05, "e0": 0.2, "BHSpin": 1, "Trajectory Exit Reason": "Separatrix reached!", "mismatch": 2.4646951146678475e-13, "faithfulness": 0.999999999999849, "DeltaNOrbits": 9.097284294911732e-09}