{"SMBHMASS": 50000000.0, "SecondaryMass": 10, "PROCAMASS": 1e-19, "p0": 4.46, "e0": 0.7, "BHSpin": 1, "Trajectory Exit Reason": "Integration reached time boundary. Boundary location t = 1025137.18", "mismatch": 3.47499806707674e-14, "faithfulness": 0.9999999943473857, "DeltaNOrbits": -3.212883818257714e-09}