{"SMBHMASS": 800000.0, "SecondaryMass": 10, "PROCAMASS": 1e-17, "p0": 12.62, "e0": 0.5, "BHSpin": 1, "Trajectory Exit Reason": "Separatrix reached!", "mismatch": 0.0021294929721588085, "faithfulness": 0.9957924324471804, "DeltaNOrbits": 0.0022027366187555514}