{"SMBHMASS": 20000000.0, "SecondaryMass": 10, "PROCAMASS": 4e-19, "p0": 4.83, "e0": 0.1, "BHSpin": 1, "Trajectory Exit Reason": "Integration reached time boundary. Boundary location t = 2562842.94", "mismatch": 8.923452510245511e-08, "faithfulness": 0.9999985998574419, "DeltaNOrbits": -3.4495005234737686e-05}