{"SMBHMASS": 300000.0, "SecondaryMass": 10, "PROCAMASS": 2e-17, "p0": 20.05, "e0": 0.2, "BHSpin": 1, "Trajectory Exit Reason": "Separatrix reached!", "mismatch": 3.8579157072282655e-06, "faithfulness": 0.9999951394999714, "DeltaNOrbits": 8.598582657270501e-05}