{"SMBHMASS": 400000.0, "SecondaryMass": 10, "PROCAMASS": 9e-18, "p0": 16.625, "e0": 0.6, "BHSpin": 1, "Trajectory Exit Reason": "Separatrix reached!", "mismatch": 1.0875744749228033e-12, "faithfulness": 0.9999999999989512, "DeltaNOrbits": 3.0830715003529777e-08}