{"SMBHMASS": 100000.0, "SecondaryMass": 10, "PROCAMASS": 3e-17, "p0": 34.2, "e0": 0.5, "BHSpin": 1, "Trajectory Exit Reason": "Separatrix reached!", "mismatch": 8.314682276022722e-12, "faithfulness": 0.9999999999958277, "DeltaNOrbits": 6.740513292238061e-08}