{"SMBHMASS": 700000.0, "SecondaryMass": 10, "PROCAMASS": 3e-17, "p0": 12.924, "e0": 0.7, "BHSpin": 1, "Trajectory Exit Reason": "Separatrix reached!", "mismatch": 0.9945863412967532, "faithfulness": 0.002058424395617521, "DeltaNOrbits": 239.42984594680402}