{"SMBHMASS": 600000.0, "SecondaryMass": 10, "PROCAMASS": 7e-18, "p0": 14.649999999999997, "e0": 0.2, "BHSpin": 1, "Trajectory Exit Reason": "Separatrix reached!", "mismatch": 9.468981154725498e-12, "faithfulness": 0.9999999999840566, "DeltaNOrbits": 1.432590675524593e-07}