{"SMBHMASS": 700000.0, "SecondaryMass": 10, "PROCAMASS": 8e-18, "p0": 13.479999999999999, "e0": 0.5, "BHSpin": 1, "Trajectory Exit Reason": "Separatrix reached!", "mismatch": 6.719888101525129e-08, "faithfulness": 0.9999998752062776, "DeltaNOrbits": 1.1319949098549616e-05}