{"SMBHMASS": 800000.0, "SecondaryMass": 10, "PROCAMASS": 9e-18, "p0": 12.363, "e0": 0.6, "BHSpin": 1, "Trajectory Exit Reason": "Separatrix reached!", "mismatch": 7.932715756397979e-05, "faithfulness": 0.9998545053138939, "DeltaNOrbits": 0.0003796140729884256}