{"SMBHMASS": 700000.0, "SecondaryMass": 10, "PROCAMASS": 8e-18, "p0": 12.924, "e0": 0.7, "BHSpin": 1, "Trajectory Exit Reason": "Separatrix reached!", "mismatch": 1.829599355351874e-07, "faithfulness": 0.9999997025519505, "DeltaNOrbits": 1.6099803080458036e-05}