{"SMBHMASS": 800000.0, "SecondaryMass": 10, "PROCAMASS": 4e-17, "p0": 12.62, "e0": 0.5, "BHSpin": 1, "Trajectory Exit Reason": "Separatrix reached!", "mismatch": 0.9992459647724167, "faithfulness": 2.9917597046469035e-05, "DeltaNOrbits": 7027.74612713373}