{"SMBHMASS": 30000000.0, "SecondaryMass": 10, "PROCAMASS": 6e-19, "p0": 4.46, "e0": 0.7, "BHSpin": 1, "Trajectory Exit Reason": "Integration reached time boundary. Boundary location t = 1708561.96", "mismatch": 0.7956653077800407, "faithfulness": 0.11914195678884179, "DeltaNOrbits": 0.08272975142633333}