{"SMBHMASS": 5000000.0, "SecondaryMass": 10, "PROCAMASS": 7e-19, "p0": 5.7, "e0": 0.1, "BHSpin": 1, "Trajectory Exit Reason": "Separatrix reached!", "mismatch": 8.326672684688674e-15, "faithfulness": 0.9999999999996093, "DeltaNOrbits": -9.217716775394269e-10}