{"SMBHMASS": 900000.0, "SecondaryMass": 10, "PROCAMASS": 4e-18, "p0": 11.759999999999998, "e0": 0.5, "BHSpin": 1, "Trajectory Exit Reason": "Separatrix reached!", "mismatch": 4.460876112943879e-13, "faithfulness": 0.9999999999995346, "DeltaNOrbits": 1.7916647481017607e-08}