{"SMBHMASS": 400000.0, "SecondaryMass": 10, "PROCAMASS": 9e-18, "p0": 17.4, "e0": 0.1, "BHSpin": 1, "Trajectory Exit Reason": "Separatrix reached!", "mismatch": 2.159494805198392e-12, "faithfulness": 0.9999999999976836, "DeltaNOrbits": 5.936394884093114e-08}