{"SMBHMASS": 900000.0, "SecondaryMass": 10, "PROCAMASS": 1e-17, "p0": 11.95, "e0": 0.2, "BHSpin": 1, "Trajectory Exit Reason": "Separatrix reached!", "mismatch": 0.002470184565317446, "faithfulness": 0.99432901728133, "DeltaNOrbits": 0.0021768682222058984}