{"SMBHMASS": 200000.0, "SecondaryMass": 10, "PROCAMASS": 1e-16, "p0": 26.250000000000004, "e0": 0.6, "BHSpin": 1, "Trajectory Exit Reason": "Separatrix reached!", "mismatch": 0.9990900548674986, "faithfulness": 8.442914562254401e-05, "DeltaNOrbits": 5844.5121667418525}