{"SMBHMASS": 400000.0, "SecondaryMass": 10, "PROCAMASS": 9e-18, "p0": 16.625, "e0": 0.6, "BHSpin": 1, "Trajectory Exit Reason": "Separatrix reached!", "mismatch": 5.724531959572232e-12, "faithfulness": 0.999999999994091, "DeltaNOrbits": 7.902223527046545e-08}