{"SMBHMASS": 500000.0, "SecondaryMass": 10, "PROCAMASS": 1e-17, "p0": 14.56, "e0": 0.7, "BHSpin": 1, "Trajectory Exit Reason": "Separatrix reached!", "mismatch": 7.578612182257416e-09, "faithfulness": 0.9999999897260992, "DeltaNOrbits": 3.0679155358860985e-06}