{"SMBHMASS": 80000000.0, "SecondaryMass": 10, "PROCAMASS": 4e-19, "p0": 4.76, "e0": 0.5, "BHSpin": 1, "Trajectory Exit Reason": "Integration reached time boundary. Boundary location t = 640710.74", "mismatch": 0.9924836819804614, "faithfulness": 0.47173933649997035, "DeltaNOrbits": -163.050900662227}