{"SMBHMASS": 300000.0, "SecondaryMass": 10, "PROCAMASS": 2e-17, "p0": 20.0, "e0": 0.3, "BHSpin": 1, "Trajectory Exit Reason": "Separatrix reached!", "mismatch": 4.1577153105931686e-06, "faithfulness": 0.9999948211402895, "DeltaNOrbits": 8.631444049175706e-05}