{"SMBHMASS": 200000.0, "SecondaryMass": 10, "PROCAMASS": 2e-17, "p0": 25.6, "e0": 0.7, "BHSpin": 1, "Trajectory Exit Reason": "Separatrix reached!", "mismatch": 2.291673628640467e-09, "faithfulness": 0.9999999978124466, "DeltaNOrbits": 1.088876376227429e-06}