{"SMBHMASS": 1000000.0, "SecondaryMass": 10, "PROCAMASS": 8e-18, "p0": 11.1, "e0": 0.1, "BHSpin": 1, "Trajectory Exit Reason": "Separatrix reached!", "mismatch": 0.00027603899156958267, "faithfulness": 0.9993197685972477, "DeltaNOrbits": 0.0008892013987316596}