{"SMBHMASS": 600000.0, "SecondaryMass": 10, "PROCAMASS": 8e-18, "p0": 13.741999999999999, "e0": 0.7, "BHSpin": 1, "Trajectory Exit Reason": "Separatrix reached!", "mismatch": 4.439345446805021e-09, "faithfulness": 0.9999999933837331, "DeltaNOrbits": 2.403628501618338e-06}