{"SMBHMASS": 300000.0, "SecondaryMass": 10, "PROCAMASS": 9e-17, "p0": 18.7, "e0": 0.7, "BHSpin": 1, "Trajectory Exit Reason": "Separatrix reached!", "mismatch": 0.999505945737469, "faithfulness": 7.434646843913448e-05, "DeltaNOrbits": 7263.2281285212775}