{"SMBHMASS": 50000000.0, "SecondaryMass": 10, "PROCAMASS": 1e-19, "p0": 4.83, "e0": 0.1, "BHSpin": 1, "Trajectory Exit Reason": "Integration reached time boundary. Boundary location t = 1025137.18", "mismatch": 4.661826480401032e-13, "faithfulness": 0.9999990623328343, "DeltaNOrbits": 1.2138204427095821e-08}