{"SMBHMASS": 70000000.0, "SecondaryMass": 10, "PROCAMASS": 5e-19, "p0": 4.795, "e0": 0.4, "BHSpin": 1, "Trajectory Exit Reason": "Integration reached time boundary. Boundary location t = 732240.84", "mismatch": 0.9925234171322086, "faithfulness": 0.41003103753019016, "DeltaNOrbits": -180.00877067118822}