{"SMBHMASS": 1000000.0, "SecondaryMass": 10, "PROCAMASS": 4e-18, "p0": 10.685, "e0": 0.6, "BHSpin": 1, "Trajectory Exit Reason": "Separatrix reached!", "mismatch": 2.6935120800430923e-12, "faithfulness": 0.9999999999965576, "DeltaNOrbits": 5.454664962162961e-08}