{"SMBHMASS": 40000000.0, "SecondaryMass": 10, "PROCAMASS": 2e-19, "p0": 4.83, "e0": 0.1, "BHSpin": 1, "Trajectory Exit Reason": "Integration reached time boundary. Boundary location t = 1281421.47", "mismatch": 8.547506369360747e-09, "faithfulness": 0.9999208278978372, "DeltaNOrbits": -1.1001192114823218e-05}