{"SMBHMASS": 500000.0, "SecondaryMass": 10, "PROCAMASS": 1e-17, "p0": 14.879999999999999, "e0": 0.6, "BHSpin": 1, "Trajectory Exit Reason": "Separatrix reached!", "mismatch": 1.917182745891921e-09, "faithfulness": 0.9999999972438481, "DeltaNOrbits": 1.8135649314756622e-06}