{"SMBHMASS": 300000.0, "SecondaryMass": 10, "PROCAMASS": 9e-18, "p0": 20.05, "e0": 0.2, "BHSpin": 1, "Trajectory Exit Reason": "Separatrix reached!", "mismatch": 1.0325074129013956e-13, "faithfulness": 0.999999999999954, "DeltaNOrbits": 5.743702915321053e-10}