{"SMBHMASS": 300000.0, "SecondaryMass": 10, "PROCAMASS": 3e-17, "p0": 20.0, "e0": 0.3, "BHSpin": 1, "Trajectory Exit Reason": "Separatrix reached!", "mismatch": 0.27966443617354075, "faithfulness": 0.6166212093196608, "DeltaNOrbits": 0.03225123554677086}