{"SMBHMASS": 800000.0, "SecondaryMass": 10, "PROCAMASS": 9e-18, "p0": 12.899999999999999, "e0": 0.1, "BHSpin": 1, "Trajectory Exit Reason": "Separatrix reached!", "mismatch": 9.023788048789783e-06, "faithfulness": 0.9999787603895787, "DeltaNOrbits": 0.00015815584279326637}