{"SMBHMASS": 600000.0, "SecondaryMass": 10, "PROCAMASS": 9e-18, "p0": 13.741999999999999, "e0": 0.7, "BHSpin": 1, "Trajectory Exit Reason": "Separatrix reached!", "mismatch": 2.0438846726200666e-08, "faithfulness": 0.9999999688515698, "DeltaNOrbits": 5.33078625993123e-06}