{"SMBHMASS": 900000.0, "SecondaryMass": 10, "PROCAMASS": 5e-18, "p0": 11.523999999999997, "e0": 0.6, "BHSpin": 1, "Trajectory Exit Reason": "Separatrix reached!", "mismatch": 3.009081872562547e-11, "faithfulness": 0.9999999999495987, "DeltaNOrbits": 2.291459542104294e-07}