{"SMBHMASS": 100000.0, "SecondaryMass": 10, "PROCAMASS": 4e-17, "p0": 34.8, "e0": 0.3, "BHSpin": 1, "Trajectory Exit Reason": "Separatrix reached!", "mismatch": 1.7060764911924764e-08, "faithfulness": 0.9999999914240988, "DeltaNOrbits": 3.5734725608778736e-06}