{"SMBHMASS": 400000.0, "SecondaryMass": 10, "PROCAMASS": 9e-18, "p0": 17.3, "e0": 0.3, "BHSpin": 1, "Trajectory Exit Reason": "Separatrix reached!", "mismatch": 2.584710223629827e-12, "faithfulness": 0.9999999999973668, "DeltaNOrbits": 5.4731930360833515e-08}