{"SMBHMASS": 800000.0, "SecondaryMass": 10, "PROCAMASS": 6e-18, "p0": 12.71, "e0": 0.4, "BHSpin": 1, "Trajectory Exit Reason": "Separatrix reached!", "mismatch": 5.240614608936767e-10, "faithfulness": 0.9999999989398957, "DeltaNOrbits": 1.12167106706652e-06}