{"SMBHMASS": 500000.0, "SecondaryMass": 10, "PROCAMASS": 9e-18, "p0": 15.350000000000001, "e0": 0.4, "BHSpin": 1, "Trajectory Exit Reason": "Separatrix reached!", "mismatch": 6.426169596451814e-10, "faithfulness": 0.9999999990366061, "DeltaNOrbits": 1.1928188709208196e-06}