{"SMBHMASS": 600000.0, "SecondaryMass": 10, "PROCAMASS": 9e-18, "p0": 14.041, "e0": 0.6, "BHSpin": 1, "Trajectory Exit Reason": "Separatrix reached!", "mismatch": 4.84816728985038e-08, "faithfulness": 0.999999923086222, "DeltaNOrbits": 9.13661939584472e-06}