{"SMBHMASS": 1000000.0, "SecondaryMass": 10, "PROCAMASS": 8e-18, "p0": 11.1, "e0": 0.1, "BHSpin": 1, "Trajectory Exit Reason": "Separatrix reached!", "mismatch": 0.00017850773064020942, "faithfulness": 0.9995638676394226, "DeltaNOrbits": 0.0007057282769475019}