{"SMBHMASS": 500000.0, "SecondaryMass": 10, "PROCAMASS": 1e-17, "p0": 15.549999999999999, "e0": 0.2, "BHSpin": 1, "Trajectory Exit Reason": "Separatrix reached!", "mismatch": 6.020234533110624e-09, "faithfulness": 0.9999999901501719, "DeltaNOrbits": 3.866494049928849e-06}