{"SMBHMASS": 300000.0, "SecondaryMass": 10, "PROCAMASS": 9e-18, "p0": 20.1, "e0": 0.1, "BHSpin": 1, "Trajectory Exit Reason": "Separatrix reached!", "mismatch": 5.129230373768223e-14, "faithfulness": 0.9999999999999735, "DeltaNOrbits": 9.078756220991341e-10}