{"SMBHMASS": 100000.0, "SecondaryMass": 10, "PROCAMASS": 6e-17, "p0": 34.95, "e0": 0.2, "BHSpin": 1, "Trajectory Exit Reason": "Separatrix reached!", "mismatch": 0.0023154161567155995, "faithfulness": 0.9988501949444568, "DeltaNOrbits": 0.0013933577754473487}