{"SMBHMASS": 500000.0, "SecondaryMass": 10, "PROCAMASS": 2e-17, "p0": 14.56, "e0": 0.7, "BHSpin": 1, "Trajectory Exit Reason": "Separatrix reached!", "mismatch": 0.3130896956960315, "faithfulness": 0.5631963349913145, "DeltaNOrbits": 0.026265829534532867}