{"SMBHMASS": 800000.0, "SecondaryMass": 10, "PROCAMASS": 9e-18, "p0": 12.849999999999998, "e0": 0.2, "BHSpin": 1, "Trajectory Exit Reason": "Separatrix reached!", "mismatch": 1.2651846584277315e-05, "faithfulness": 0.9999711090654314, "DeltaNOrbits": 0.0001787598762279931}