{"SMBHMASS": 1000000.0, "SecondaryMass": 10, "PROCAMASS": 5e-18, "p0": 11.0, "e0": 0.3, "BHSpin": 1, "Trajectory Exit Reason": "Separatrix reached!", "mismatch": 6.281027919996518e-10, "faithfulness": 0.9999999985984552, "DeltaNOrbits": 1.3407099569533765e-06}