{"SMBHMASS": 500000.0, "SecondaryMass": 10, "PROCAMASS": 6e-18, "p0": 14.879999999999999, "e0": 0.6, "BHSpin": 1, "Trajectory Exit Reason": "Separatrix reached!", "mismatch": 5.218048215738236e-14, "faithfulness": 0.9999999999999621, "DeltaNOrbits": 2.0195600573225635e-09}