{"SMBHMASS": 600000.0, "SecondaryMass": 10, "PROCAMASS": 9e-18, "p0": 14.339999999999998, "e0": 0.5, "BHSpin": 1, "Trajectory Exit Reason": "Separatrix reached!", "mismatch": 2.0172557513298273e-08, "faithfulness": 0.9999999655655026, "DeltaNOrbits": 6.906747171451804e-06}