{"SMBHMASS": 900000.0, "SecondaryMass": 10, "PROCAMASS": 3e-18, "p0": 11.95, "e0": 0.2, "BHSpin": 1, "Trajectory Exit Reason": "Separatrix reached!", "mismatch": -8.881784197001252e-16, "faithfulness": 0.999999999999997, "DeltaNOrbits": 5.558422176117148e-10}