{"SMBHMASS": 600000.0, "SecondaryMass": 10, "PROCAMASS": 6e-18, "p0": 14.469999999999999, "e0": 0.4, "BHSpin": 1, "Trajectory Exit Reason": "Separatrix reached!", "mismatch": 6.751266212745577e-13, "faithfulness": 0.9999999999992809, "DeltaNOrbits": 2.5142596309969896e-08}