{"SMBHMASS": 700000.0, "SecondaryMass": 10, "PROCAMASS": 7e-18, "p0": 13.590000000000002, "e0": 0.4, "BHSpin": 1, "Trajectory Exit Reason": "Separatrix reached!", "mismatch": 7.718399253064945e-10, "faithfulness": 0.9999999985104954, "DeltaNOrbits": 1.3567182128205937e-06}