{"SMBHMASS": 10000000.0, "SecondaryMass": 10, "PROCAMASS": 7e-19, "p0": 4.83, "e0": 0.2, "BHSpin": 1, "Trajectory Exit Reason": "Separatrix reached!", "mismatch": 1.719843600866966e-09, "faithfulness": 0.9999998901220147, "DeltaNOrbits": -2.274096420831648e-05}