{"SMBHMASS": 700000.0, "SecondaryMass": 10, "PROCAMASS": 5e-18, "p0": 12.924, "e0": 0.7, "BHSpin": 1, "Trajectory Exit Reason": "Separatrix reached!", "mismatch": 2.362554596402333e-13, "faithfulness": 0.9999999999997726, "DeltaNOrbits": 9.616070364682666e-09}