{"SMBHMASS": 400000.0, "SecondaryMass": 10, "PROCAMASS": 2e-17, "p0": 17.3, "e0": 0.3, "BHSpin": 1, "Trajectory Exit Reason": "Separatrix reached!", "mismatch": 0.02311900562931324, "faithfulness": 0.9670945320119261, "DeltaNOrbits": 0.007142531252817988}