{"SMBHMASS": 500000.0, "SecondaryMass": 10, "PROCAMASS": 2e-17, "p0": 15.2, "e0": 0.5, "BHSpin": 1, "Trajectory Exit Reason": "Separatrix reached!", "mismatch": 0.3089315611535711, "faithfulness": 0.5267323142920359, "DeltaNOrbits": 0.032365234653842535}