{"SMBHMASS": 800000.0, "SecondaryMass": 10, "PROCAMASS": 7e-18, "p0": 12.799999999999999, "e0": 0.3, "BHSpin": 1, "Trajectory Exit Reason": "Separatrix reached!", "mismatch": 1.0670643812993319e-08, "faithfulness": 0.9999999769457373, "DeltaNOrbits": 6.3045477128912724e-06}