{"SMBHMASS": 1000000.0, "SecondaryMass": 10, "PROCAMASS": 6e-18, "p0": 11.05, "e0": 0.2, "BHSpin": 1, "Trajectory Exit Reason": "Separatrix reached!", "mismatch": 6.82746390534561e-08, "faithfulness": 0.9999998379055773, "DeltaNOrbits": 1.3944284016707646e-05}