{"SMBHMASS": 1000000.0, "SecondaryMass": 10, "PROCAMASS": 7e-18, "p0": 10.685, "e0": 0.6, "BHSpin": 1, "Trajectory Exit Reason": "Separatrix reached!", "mismatch": 4.551247723028062e-06, "faithfulness": 0.9999913328777595, "DeltaNOrbits": 0.00010317519156812553}