{"SMBHMASS": 600000.0, "SecondaryMass": 10, "PROCAMASS": 7e-18, "p0": 14.469999999999999, "e0": 0.4, "BHSpin": 1, "Trajectory Exit Reason": "Separatrix reached!", "mismatch": 1.3501644247071454e-11, "faithfulness": 0.9999999999788813, "DeltaNOrbits": 1.61750085325009e-07}