{"SMBHMASS": 100000.0, "SecondaryMass": 10, "PROCAMASS": 6e-17, "p0": 34.8, "e0": 0.3, "BHSpin": 1, "Trajectory Exit Reason": "Separatrix reached!", "mismatch": 0.003021266026747127, "faithfulness": 0.9984620392055799, "DeltaNOrbits": 0.0014823054258046716}