{"SMBHMASS": 400000.0, "SecondaryMass": 10, "PROCAMASS": 9e-18, "p0": 17.150000000000002, "e0": 0.4, "BHSpin": 1, "Trajectory Exit Reason": "Separatrix reached!", "mismatch": 1.056488230233299e-12, "faithfulness": 0.9999999999989827, "DeltaNOrbits": 3.360992609158835e-08}