{"SMBHMASS": 70000000.0, "SecondaryMass": 10, "PROCAMASS": 4e-19, "p0": 4.83, "e0": 0.2, "BHSpin": 1, "Trajectory Exit Reason": "Integration reached time boundary. Boundary location t = 732240.84", "mismatch": 0.990782862343709, "faithfulness": -0.21460499798124147, "DeltaNOrbits": -157.6026606703281}