{"SMBHMASS": 900000.0, "SecondaryMass": 10, "PROCAMASS": 4e-18, "p0": 11.523999999999997, "e0": 0.6, "BHSpin": 1, "Trajectory Exit Reason": "Separatrix reached!", "mismatch": 4.048983370807946e-13, "faithfulness": 0.9999999999995925, "DeltaNOrbits": 1.4961419690715322e-08}