{"SMBHMASS": 700000.0, "SecondaryMass": 10, "PROCAMASS": 6e-18, "p0": 13.202, "e0": 0.6, "BHSpin": 1, "Trajectory Exit Reason": "Separatrix reached!", "mismatch": 7.990164085924789e-12, "faithfulness": 0.99999999998823, "DeltaNOrbits": 9.893991473488523e-08}