{"SMBHMASS": 800000.0, "SecondaryMass": 10, "PROCAMASS": 5e-18, "p0": 12.363, "e0": 0.6, "BHSpin": 1, "Trajectory Exit Reason": "Separatrix reached!", "mismatch": 2.383426789265286e-12, "faithfulness": 0.999999999996885, "DeltaNOrbits": 4.675559453810541e-08}