{"SMBHMASS": 700000.0, "SecondaryMass": 10, "PROCAMASS": 8e-18, "p0": 13.799999999999999, "e0": 0.1, "BHSpin": 1, "Trajectory Exit Reason": "Separatrix reached!", "mismatch": 6.801767349351451e-08, "faithfulness": 0.9999998511042965, "DeltaNOrbits": 1.3500777511275258e-05}