{"SMBHMASS": 300000.0, "SecondaryMass": 10, "PROCAMASS": 1e-17, "p0": 20.0, "e0": 0.3, "BHSpin": 1, "Trajectory Exit Reason": "Separatrix reached!", "mismatch": 1.1646239528317892e-13, "faithfulness": 0.9999999999999358, "DeltaNOrbits": 5.2063887716297286e-09}