{"SMBHMASS": 900000.0, "SecondaryMass": 10, "PROCAMASS": 4e-18, "p0": 11.523999999999997, "e0": 0.6, "BHSpin": 1, "Trajectory Exit Reason": "Separatrix reached!", "mismatch": 2.3876456367588617e-12, "faithfulness": 0.9999999999982454, "DeltaNOrbits": 2.5911511377666104e-08}