{"SMBHMASS": 500000.0, "SecondaryMass": 10, "PROCAMASS": 1e-17, "p0": 15.2, "e0": 0.5, "BHSpin": 1, "Trajectory Exit Reason": "Separatrix reached!", "mismatch": 2.4649516872088384e-09, "faithfulness": 0.9999999962895211, "DeltaNOrbits": 2.2364496906346546e-06}