{"SMBHMASS": 700000.0, "SecondaryMass": 10, "PROCAMASS": 4e-18, "p0": 13.749999999999996, "e0": 0.2, "BHSpin": 1, "Trajectory Exit Reason": "Separatrix reached!", "mismatch": 2.930988785010413e-14, "faithfulness": 0.9999999999999906, "DeltaNOrbits": 6.114264393728862e-10}