{"SMBHMASS": 800000.0, "SecondaryMass": 10, "PROCAMASS": 6e-18, "p0": 12.799999999999999, "e0": 0.3, "BHSpin": 1, "Trajectory Exit Reason": "Separatrix reached!", "mismatch": 6.542830721656401e-10, "faithfulness": 0.9999999986020154, "DeltaNOrbits": 1.2984659484148861e-06}