{"SMBHMASS": 600000.0, "SecondaryMass": 10, "PROCAMASS": 9e-18, "p0": 14.599999999999998, "e0": 0.3, "BHSpin": 1, "Trajectory Exit Reason": "Separatrix reached!", "mismatch": 6.462699808640338e-08, "faithfulness": 0.9999998805005438, "DeltaNOrbits": 1.2603796396641314e-05}