{"SMBHMASS": 900000.0, "SecondaryMass": 10, "PROCAMASS": 5e-18, "p0": 11.95, "e0": 0.2, "BHSpin": 1, "Trajectory Exit Reason": "Separatrix reached!", "mismatch": 7.280309688439957e-11, "faithfulness": 0.9999999998419038, "DeltaNOrbits": 4.226809503458683e-07}