{"SMBHMASS": 400000.0, "SecondaryMass": 10, "PROCAMASS": 8e-18, "p0": 17.0, "e0": 0.5, "BHSpin": 1, "Trajectory Exit Reason": "Separatrix reached!", "mismatch": 7.713829575095588e-13, "faithfulness": 0.9999999999995776, "DeltaNOrbits": 1.2877011374671393e-08}