{"SMBHMASS": 700000.0, "SecondaryMass": 10, "PROCAMASS": 7e-18, "p0": 13.749999999999996, "e0": 0.2, "BHSpin": 1, "Trajectory Exit Reason": "Separatrix reached!", "mismatch": 7.070144469878414e-10, "faithfulness": 0.9999999985118125, "DeltaNOrbits": 1.3715962561786673e-06}