{"SMBHMASS": 600000.0, "SecondaryMass": 10, "PROCAMASS": 8e-18, "p0": 14.469999999999999, "e0": 0.4, "BHSpin": 1, "Trajectory Exit Reason": "Separatrix reached!", "mismatch": 1.570901853042983e-09, "faithfulness": 0.9999999972490633, "DeltaNOrbits": 1.869167681310754e-06}