{"SMBHMASS": 300000.0, "SecondaryMass": 10, "PROCAMASS": 1e-17, "p0": 19.15, "e0": 0.6, "BHSpin": 1, "Trajectory Exit Reason": "Separatrix reached!", "mismatch": 1.432187701766452e-13, "faithfulness": 0.9999999999999363, "DeltaNOrbits": 5.187860697709338e-09}