{"SMBHMASS": 500000.0, "SecondaryMass": 10, "PROCAMASS": 1e-17, "p0": 14.879999999999999, "e0": 0.6, "BHSpin": 1, "Trajectory Exit Reason": "Separatrix reached!", "mismatch": 3.3901178531081655e-09, "faithfulness": 0.9999999951624979, "DeltaNOrbits": 2.4042584561316315e-06}