{"SMBHMASS": 800000.0, "SecondaryMass": 10, "PROCAMASS": 8e-18, "p0": 12.799999999999999, "e0": 0.3, "BHSpin": 1, "Trajectory Exit Reason": "Separatrix reached!", "mismatch": 2.1937821084172526e-06, "faithfulness": 0.9999951924565234, "DeltaNOrbits": 7.629419872257499e-05}