{"SMBHMASS": 700000.0, "SecondaryMass": 10, "PROCAMASS": 9e-18, "p0": 13.202, "e0": 0.6, "BHSpin": 1, "Trajectory Exit Reason": "Separatrix reached!", "mismatch": 5.846412458598849e-07, "faithfulness": 0.9999989750598858, "DeltaNOrbits": 3.0976808866392054e-05}