{"SMBHMASS": 900000.0, "SecondaryMass": 10, "PROCAMASS": 3e-18, "p0": 11.95, "e0": 0.2, "BHSpin": 1, "Trajectory Exit Reason": "Separatrix reached!", "mismatch": 9.103828801926284e-15, "faithfulness": 0.9999999999999957, "DeltaNOrbits": 5.5584221761171474e-11}