{"SMBHMASS": 800000.0, "SecondaryMass": 10, "PROCAMASS": 8e-18, "p0": 12.106, "e0": 0.7, "BHSpin": 1, "Trajectory Exit Reason": "Separatrix reached!", "mismatch": 1.1266543400445528e-06, "faithfulness": 0.9999980652999368, "DeltaNOrbits": 4.250913601225415e-05}