{"SMBHMASS": 500000.0, "SecondaryMass": 10, "PROCAMASS": 7e-18, "p0": 15.2, "e0": 0.5, "BHSpin": 1, "Trajectory Exit Reason": "Separatrix reached!", "mismatch": 1.5218937221561646e-12, "faithfulness": 0.9999999999985844, "DeltaNOrbits": 3.648177754924888e-08}