{"SMBHMASS": 30000000.0, "SecondaryMass": 10, "PROCAMASS": 3e-19, "p0": 4.83, "e0": 0.1, "BHSpin": 1, "Trajectory Exit Reason": "Integration reached time boundary. Boundary location t = 1708561.96", "mismatch": 1.310602487314405e-06, "faithfulness": 0.9999866331131324, "DeltaNOrbits": -0.00013799888483421094}