{"SMBHMASS": 800000.0, "SecondaryMass": 10, "PROCAMASS": 7e-18, "p0": 12.799999999999999, "e0": 0.3, "BHSpin": 1, "Trajectory Exit Reason": "Separatrix reached!", "mismatch": 3.698487083259039e-08, "faithfulness": 0.9999999191737959, "DeltaNOrbits": 9.92571153604023e-06}