{"SMBHMASS": 2000000.0, "SecondaryMass": 10, "PROCAMASS": 7e-18, "p0": 8.9425, "e0": 0.4, "BHSpin": 1, "Trajectory Exit Reason": "Separatrix reached!", "mismatch": 0.9122944757143996, "faithfulness": 0.03476609471812204, "DeltaNOrbits": 0.3942543378662}