{"SMBHMASS": 900000.0, "SecondaryMass": 10, "PROCAMASS": 4e-18, "p0": 11.830000000000002, "e0": 0.4, "BHSpin": 1, "Trajectory Exit Reason": "Separatrix reached!", "mismatch": 5.969669203409467e-13, "faithfulness": 0.9999999999993479, "DeltaNOrbits": 1.765725444613214e-08}