{"SMBHMASS": 1000000.0, "SecondaryMass": 10, "PROCAMASS": 7e-18, "p0": 10.950000000000003, "e0": 0.4, "BHSpin": 1, "Trajectory Exit Reason": "Separatrix reached!", "mismatch": 3.5653704589799773e-06, "faithfulness": 0.9999923071069385, "DeltaNOrbits": 9.821607847103734e-05}