{"SMBHMASS": 6000000.0, "SecondaryMass": 10, "PROCAMASS": 5e-19, "p0": 5.526, "e0": 0.1, "BHSpin": 1, "Trajectory Exit Reason": "Separatrix reached!", "mismatch": 4.9960036108132044e-15, "faithfulness": 0.9999999999997636, "DeltaNOrbits": -1.6675266528351442e-10}