{"SMBHMASS": 600000.0, "SecondaryMass": 10, "PROCAMASS": 7e-18, "p0": 14.599999999999998, "e0": 0.3, "BHSpin": 1, "Trajectory Exit Reason": "Separatrix reached!", "mismatch": 1.3126943976260463e-11, "faithfulness": 0.9999999999785009, "DeltaNOrbits": 1.6178714147284976e-07}