{"SMBHMASS": 6000000.0, "SecondaryMass": 10, "PROCAMASS": 8e-19, "p0": 5.465999999999999, "e0": 0.2, "BHSpin": 1, "Trajectory Exit Reason": "Separatrix reached!", "mismatch": 7.788214517745473e-13, "faithfulness": 0.9999999999163923, "DeltaNOrbits": -7.416787990332313e-08}