{"SMBHMASS": 100000.0, "SecondaryMass": 10, "PROCAMASS": 9e-17, "p0": 33.35, "e0": 0.6, "BHSpin": 1, "Trajectory Exit Reason": "Separatrix reached!", "mismatch": 0.7746228098916694, "faithfulness": 0.14999542814197708, "DeltaNOrbits": 0.2186157232230527}