{"SMBHMASS": 300000.0, "SecondaryMass": 10, "PROCAMASS": 3e-17, "p0": 20.1, "e0": 0.1, "BHSpin": 1, "Trajectory Exit Reason": "Separatrix reached!", "mismatch": 0.41967225712365164, "faithfulness": 0.39978257467292194, "DeltaNOrbits": 0.05849585747733297}