{"SMBHMASS": 400000.0, "SecondaryMass": 10, "PROCAMASS": 9e-18, "p0": 17.3, "e0": 0.3, "BHSpin": 1, "Trajectory Exit Reason": "Separatrix reached!", "mismatch": 5.041522754822836e-12, "faithfulness": 0.9999999999944477, "DeltaNOrbits": 8.459918552050299e-08}