{"SMBHMASS": 100000.0, "SecondaryMass": 10, "PROCAMASS": 8e-17, "p0": 33.35, "e0": 0.6, "BHSpin": 1, "Trajectory Exit Reason": "Separatrix reached!", "mismatch": 0.5832600482669807, "faithfulness": 0.3595359183050045, "DeltaNOrbits": 0.06528590188811048}