{"SMBHMASS": 200000.0, "SecondaryMass": 10, "PROCAMASS": 3e-17, "p0": 25.6, "e0": 0.7, "BHSpin": 1, "Trajectory Exit Reason": "Separatrix reached!", "mismatch": 0.0009708527630758468, "faithfulness": 0.9991146701884401, "DeltaNOrbits": 0.0006822145762562431}