{"SMBHMASS": 300000.0, "SecondaryMass": 10, "PROCAMASS": 2e-17, "p0": 19.800000000000004, "e0": 0.4, "BHSpin": 1, "Trajectory Exit Reason": "Separatrix reached!", "mismatch": 4.215589048506274e-06, "faithfulness": 0.999994871446849, "DeltaNOrbits": 8.294586990036478e-05}