{"SMBHMASS": 200000.0, "SecondaryMass": 10, "PROCAMASS": 1e-16, "p0": 27.150000000000002, "e0": 0.4, "BHSpin": 1, "Trajectory Exit Reason": "Separatrix reached!", "mismatch": 0.9958865587925699, "faithfulness": 0.0014060247679706021, "DeltaNOrbits": 803.4648028130624}