{"SMBHMASS": 900000.0, "SecondaryMass": 10, "PROCAMASS": 3e-17, "p0": 11.830000000000002, "e0": 0.4, "BHSpin": 1, "Trajectory Exit Reason": "Separatrix reached!", "mismatch": 0.9986803852397675, "faithfulness": 0.0006327708276442174, "DeltaNOrbits": 4015.8562056074834}