{"SMBHMASS": 900000.0, "SecondaryMass": 10, "PROCAMASS": 7e-18, "p0": 11.830000000000002, "e0": 0.4, "BHSpin": 1, "Trajectory Exit Reason": "Separatrix reached!", "mismatch": 8.227926698856081e-07, "faithfulness": 0.9999982258257001, "DeltaNOrbits": 4.6618820296425085e-05}