{"SMBHMASS": 9000000.0, "SecondaryMass": 10, "PROCAMASS": 9e-19, "p0": 4.988999999999999, "e0": 0.2, "BHSpin": 1, "Trajectory Exit Reason": "Separatrix reached!", "mismatch": 4.333157177516256e-08, "faithfulness": 0.9999997850620916, "DeltaNOrbits": -0.0001326229155500156}