{"SMBHMASS": 400000.0, "SecondaryMass": 10, "PROCAMASS": 5e-17, "p0": 17.3, "e0": 0.3, "BHSpin": 1, "Trajectory Exit Reason": "Separatrix reached!", "mismatch": 0.9967282676861118, "faithfulness": 0.0009861170534978397, "DeltaNOrbits": 1246.6887530868753}