{"SMBHMASS": 1000000.0, "SecondaryMass": 10, "PROCAMASS": 6e-18, "p0": 11.0, "e0": 0.3, "BHSpin": 1, "Trajectory Exit Reason": "Separatrix reached!", "mismatch": 8.786146876715861e-08, "faithfulness": 0.9999997989720667, "DeltaNOrbits": 1.5925305680275797e-05}