{"SMBHMASS": 800000.0, "SecondaryMass": 10, "PROCAMASS": 4e-18, "p0": 12.363, "e0": 0.6, "BHSpin": 1, "Trajectory Exit Reason": "Separatrix reached!", "mismatch": 1.1690648449302898e-13, "faithfulness": 0.9999999999999122, "DeltaNOrbits": 4.4652658148141084e-09}