{"SMBHMASS": 900000.0, "SecondaryMass": 10, "PROCAMASS": 8e-18, "p0": 11.523999999999997, "e0": 0.6, "BHSpin": 1, "Trajectory Exit Reason": "Separatrix reached!", "mismatch": 5.4783421315152125e-05, "faithfulness": 0.9998959208601975, "DeltaNOrbits": 0.0003448864593656636}