{"SMBHMASS": 500000.0, "SecondaryMass": 10, "PROCAMASS": 4e-17, "p0": 14.879999999999999, "e0": 0.6, "BHSpin": 1, "Trajectory Exit Reason": "Separatrix reached!", "mismatch": 0.9960008895046397, "faithfulness": 0.0018992551979518655, "DeltaNOrbits": 555.250066520132}