{"SMBHMASS": 700000.0, "SecondaryMass": 10, "PROCAMASS": 9e-18, "p0": 13.479999999999999, "e0": 0.5, "BHSpin": 1, "Trajectory Exit Reason": "Separatrix reached!", "mismatch": 5.852431120834112e-07, "faithfulness": 0.9999988980419818, "DeltaNOrbits": 3.649091188969163e-05}