{"SMBHMASS": 300000.0, "SecondaryMass": 10, "PROCAMASS": 1e-17, "p0": 19.6, "e0": 0.5, "BHSpin": 1, "Trajectory Exit Reason": "Separatrix reached!", "mismatch": 2.150279954094003e-12, "faithfulness": 0.9999999999989768, "DeltaNOrbits": 2.562432623190005e-08}