{"SMBHMASS": 1000000.0, "SecondaryMass": 10, "PROCAMASS": 6e-18, "p0": 10.685, "e0": 0.6, "BHSpin": 1, "Trajectory Exit Reason": "Separatrix reached!", "mismatch": 1.2313891739612615e-07, "faithfulness": 0.999999763576067, "DeltaNOrbits": 1.718082355334322e-05}