{"SMBHMASS": 900000.0, "SecondaryMass": 10, "PROCAMASS": 5e-18, "p0": 11.523999999999997, "e0": 0.6, "BHSpin": 1, "Trajectory Exit Reason": "Separatrix reached!", "mismatch": 4.0534242629064465e-11, "faithfulness": 0.9999999999311037, "DeltaNOrbits": 2.7118615393579544e-07}