{"SMBHMASS": 30000000.0, "SecondaryMass": 10, "PROCAMASS": 3e-19, "p0": 4.83, "e0": 0.3, "BHSpin": 1, "Trajectory Exit Reason": "Integration reached time boundary. Boundary location t = 1708561.96", "mismatch": 1.1839298064142412e-07, "faithfulness": 0.9999664903363742, "DeltaNOrbits": -2.1014082870677367e-05}