{"SMBHMASS": 500000.0, "SecondaryMass": 10, "PROCAMASS": 1e-17, "p0": 14.879999999999999, "e0": 0.6, "BHSpin": 1, "Trajectory Exit Reason": "Separatrix reached!", "mismatch": 4.7353208021405635e-09, "faithfulness": 0.9999999932695014, "DeltaNOrbits": 2.789753562119276e-06}