{"SMBHMASS": 700000.0, "SecondaryMass": 10, "PROCAMASS": 6e-18, "p0": 12.924, "e0": 0.7, "BHSpin": 1, "Trajectory Exit Reason": "Separatrix reached!", "mismatch": 1.0730971666816913e-11, "faithfulness": 0.9999999999848653, "DeltaNOrbits": 1.081576315102795e-07}