{"SMBHMASS": 900000.0, "SecondaryMass": 10, "PROCAMASS": 7e-18, "p0": 11.999999999999998, "e0": 0.1, "BHSpin": 1, "Trajectory Exit Reason": "Separatrix reached!", "mismatch": 2.580848398325841e-07, "faithfulness": 0.9999993781021067, "DeltaNOrbits": 2.5813405226257635e-05}