{"SMBHMASS": 700000.0, "SecondaryMass": 10, "PROCAMASS": 7e-18, "p0": 13.590000000000002, "e0": 0.4, "BHSpin": 1, "Trajectory Exit Reason": "Separatrix reached!", "mismatch": 3.407102933117301e-09, "faithfulness": 0.999999993416356, "DeltaNOrbits": 2.819602289205025e-06}