{"SMBHMASS": 100000.0, "SecondaryMass": 10, "PROCAMASS": 5e-17, "p0": 34.8, "e0": 0.3, "BHSpin": 1, "Trajectory Exit Reason": "Separatrix reached!", "mismatch": 4.344608094619673e-06, "faithfulness": 0.9999979772367407, "DeltaNOrbits": 5.8954070789664256e-05}