{"SMBHMASS": 100000.0, "SecondaryMass": 10, "PROCAMASS": 5e-17, "p0": 34.95, "e0": 0.2, "BHSpin": 1, "Trajectory Exit Reason": "Separatrix reached!", "mismatch": 7.124630914456809e-06, "faithfulness": 0.9999965189941405, "DeltaNOrbits": 7.632169438427285e-05}