{"SMBHMASS": 800000.0, "SecondaryMass": 10, "PROCAMASS": 4e-18, "p0": 12.849999999999998, "e0": 0.2, "BHSpin": 1, "Trajectory Exit Reason": "Separatrix reached!", "mismatch": 4.4254599984583365e-12, "faithfulness": 0.9999999999962192, "DeltaNOrbits": 2.5568742010138878e-08}