{"SMBHMASS": 500000.0, "SecondaryMass": 10, "PROCAMASS": 7e-18, "p0": 15.350000000000001, "e0": 0.4, "BHSpin": 1, "Trajectory Exit Reason": "Separatrix reached!", "mismatch": 7.065459328714496e-13, "faithfulness": 0.9999999999993658, "DeltaNOrbits": 2.258572210895601e-08}