{"SMBHMASS": 700000.0, "SecondaryMass": 10, "PROCAMASS": 4e-18, "p0": 13.7, "e0": 0.3, "BHSpin": 1, "Trajectory Exit Reason": "Separatrix reached!", "mismatch": 5.753175713607561e-13, "faithfulness": 0.9999999999995729, "DeltaNOrbits": -4.113232410326689e-09}