{"SMBHMASS": 600000.0, "SecondaryMass": 10, "PROCAMASS": 7e-18, "p0": 14.469999999999999, "e0": 0.4, "BHSpin": 1, "Trajectory Exit Reason": "Separatrix reached!", "mismatch": 3.745936894006263e-11, "faithfulness": 0.9999999999396095, "DeltaNOrbits": 2.704728230898604e-07}