{"SMBHMASS": 300000.0, "SecondaryMass": 10, "PROCAMASS": 9e-18, "p0": 20.05, "e0": 0.2, "BHSpin": 1, "Trajectory Exit Reason": "Separatrix reached!", "mismatch": 4.884981308350689e-14, "faithfulness": 0.9999999999999639, "DeltaNOrbits": 1.8342793181186586e-09}