{"SMBHMASS": 50000000.0, "SecondaryMass": 10, "PROCAMASS": 4e-19, "p0": 4.83, "e0": 0.1, "BHSpin": 1, "Trajectory Exit Reason": "Integration reached time boundary. Boundary location t = 1025137.18", "mismatch": 0.9351630695293474, "faithfulness": 0.21356806712118628, "DeltaNOrbits": -2.922271387395159}