{"SMBHMASS": 800000.0, "SecondaryMass": 10, "PROCAMASS": 5e-18, "p0": 12.363, "e0": 0.6, "BHSpin": 1, "Trajectory Exit Reason": "Separatrix reached!", "mismatch": 9.16455800137328e-12, "faithfulness": 0.9999999999862014, "DeltaNOrbits": 1.2791782234637595e-07}