{"SMBHMASS": 1000000.0, "SecondaryMass": 10, "PROCAMASS": 7e-18, "p0": 11.05, "e0": 0.2, "BHSpin": 1, "Trajectory Exit Reason": "Separatrix reached!", "mismatch": 6.554873442143894e-06, "faithfulness": 0.999984336456283, "DeltaNOrbits": 0.00013689565614872294}