{"SMBHMASS": 400000.0, "SecondaryMass": 10, "PROCAMASS": 8e-18, "p0": 17.150000000000002, "e0": 0.4, "BHSpin": 1, "Trajectory Exit Reason": "Separatrix reached!", "mismatch": 1.1524114995609125e-13, "faithfulness": 0.999999999999922, "DeltaNOrbits": 6.577466241738624e-09}