{"SMBHMASS": 700000.0, "SecondaryMass": 10, "PROCAMASS": 7e-18, "p0": 12.924, "e0": 0.7, "BHSpin": 1, "Trajectory Exit Reason": "Separatrix reached!", "mismatch": 8.660359096523962e-10, "faithfulness": 0.9999999986049084, "DeltaNOrbits": 1.211680450171777e-06}