{"SMBHMASS": 900000.0, "SecondaryMass": 10, "PROCAMASS": 5e-18, "p0": 11.288, "e0": 0.7, "BHSpin": 1, "Trajectory Exit Reason": "Separatrix reached!", "mismatch": 6.30979712923363e-11, "faithfulness": 0.9999999998976663, "DeltaNOrbits": 2.985243270053316e-07}