{"SMBHMASS": 500000.0, "SecondaryMass": 10, "PROCAMASS": 8e-18, "p0": 15.350000000000001, "e0": 0.4, "BHSpin": 1, "Trajectory Exit Reason": "Separatrix reached!", "mismatch": 1.2447709529794793e-11, "faithfulness": 0.9999999999834552, "DeltaNOrbits": 1.4642736819284606e-07}