{"SMBHMASS": 600000.0, "SecondaryMass": 10, "PROCAMASS": 6e-18, "p0": 14.041, "e0": 0.6, "BHSpin": 1, "Trajectory Exit Reason": "Separatrix reached!", "mismatch": 4.226619054747971e-13, "faithfulness": 0.9999999999995764, "DeltaNOrbits": 1.8583658142151663e-08}