{"SMBHMASS": 400000.0, "SecondaryMass": 10, "PROCAMASS": 3e-17, "p0": 16.625, "e0": 0.6, "BHSpin": 1, "Trajectory Exit Reason": "Separatrix reached!", "mismatch": 0.8902771643235294, "faithfulness": 0.04795683578499942, "DeltaNOrbits": 0.874422155438419}