{"SMBHMASS": 100000.0, "SecondaryMass": 10, "PROCAMASS": 5e-17, "p0": 34.5, "e0": 0.4, "BHSpin": 1, "Trajectory Exit Reason": "Separatrix reached!", "mismatch": 5.828621638670484e-06, "faithfulness": 0.999997207788044, "DeltaNOrbits": 6.403632146602738e-05}