{"SMBHMASS": 600000.0, "SecondaryMass": 10, "PROCAMASS": 7e-18, "p0": 14.7, "e0": 0.1, "BHSpin": 1, "Trajectory Exit Reason": "Separatrix reached!", "mismatch": 5.3274828992755374e-11, "faithfulness": 0.9999999999043265, "DeltaNOrbits": 3.517369553046931e-07}