{"SMBHMASS": 100000.0, "SecondaryMass": 10, "PROCAMASS": 4e-17, "p0": 35.1, "e0": 0.1, "BHSpin": 1, "Trajectory Exit Reason": "Separatrix reached!", "mismatch": 7.877897001407064e-09, "faithfulness": 0.999999996388252, "DeltaNOrbits": 2.6301712614429526e-06}