{"SMBHMASS": 900000.0, "SecondaryMass": 10, "PROCAMASS": 7e-18, "p0": 11.759999999999998, "e0": 0.5, "BHSpin": 1, "Trajectory Exit Reason": "Separatrix reached!", "mismatch": 7.974182300030108e-07, "faithfulness": 0.9999983733082053, "DeltaNOrbits": 4.373983553030521e-05}