{"SMBHMASS": 200000.0, "SecondaryMass": 10, "PROCAMASS": 8e-17, "p0": 27.5, "e0": 0.2, "BHSpin": 1, "Trajectory Exit Reason": "Separatrix reached!", "mismatch": 0.993839433607255, "faithfulness": 0.0015989733486934403, "DeltaNOrbits": 474.3366684654739}