{"SMBHMASS": 400000.0, "SecondaryMass": 10, "PROCAMASS": 8e-18, "p0": 17.0, "e0": 0.5, "BHSpin": 1, "Trajectory Exit Reason": "Separatrix reached!", "mismatch": 4.991562718714704e-13, "faithfulness": 0.9999999999996407, "DeltaNOrbits": 1.6119424310739727e-08}