{"SMBHMASS": 600000.0, "SecondaryMass": 10, "PROCAMASS": 7e-18, "p0": 14.339999999999998, "e0": 0.5, "BHSpin": 1, "Trajectory Exit Reason": "Separatrix reached!", "mismatch": 9.644085530169377e-11, "faithfulness": 0.9999999998480008, "DeltaNOrbits": 4.3353840166321714e-07}