{"SMBHMASS": 30000000.0, "SecondaryMass": 10, "PROCAMASS": 1e-19, "p0": 4.83, "e0": 0.1, "BHSpin": 1, "Trajectory Exit Reason": "Integration reached time boundary. Boundary location t = 1708561.96", "mismatch": -3.1086244689504383e-15, "faithfulness": 0.9999999999726227, "DeltaNOrbits": 2.3160092400488116e-11}