{"SMBHMASS": 400000.0, "SecondaryMass": 10, "PROCAMASS": 9e-18, "p0": 17.3, "e0": 0.3, "BHSpin": 1, "Trajectory Exit Reason": "Separatrix reached!", "mismatch": 3.1260549704370533e-12, "faithfulness": 0.9999999999966863, "DeltaNOrbits": 6.301397940324806e-08}