{"SMBHMASS": 500000.0, "SecondaryMass": 10, "PROCAMASS": 7e-17, "p0": 15.350000000000001, "e0": 0.4, "BHSpin": 1, "Trajectory Exit Reason": "Separatrix reached!", "mismatch": 0.9992491917547938, "faithfulness": 0.0008431489046015259, "DeltaNOrbits": 9984.211815777626}