{"SMBHMASS": 600000.0, "SecondaryMass": 10, "PROCAMASS": 9e-18, "p0": 14.7, "e0": 0.1, "BHSpin": 1, "Trajectory Exit Reason": "Separatrix reached!", "mismatch": 2.997528325554555e-08, "faithfulness": 0.9999999410707026, "DeltaNOrbits": 8.88704624013706e-06}