{"SMBHMASS": 6000000.0, "SecondaryMass": 10, "PROCAMASS": 5e-19, "p0": 5.465999999999999, "e0": 0.2, "BHSpin": 1, "Trajectory Exit Reason": "Separatrix reached!", "mismatch": 2.9531932455029164e-14, "faithfulness": 0.9999999999996994, "DeltaNOrbits": -1.1116844352234295e-10}