{"SMBHMASS": 1000000.0, "SecondaryMass": 10, "PROCAMASS": 9e-18, "p0": 11.1, "e0": 0.1, "BHSpin": 1, "Trajectory Exit Reason": "Separatrix reached!", "mismatch": 0.0026020761881752064, "faithfulness": 0.9937060408279271, "DeltaNOrbits": 0.002654003441196829}