{"SMBHMASS": 50000000.0, "SecondaryMass": 10, "PROCAMASS": 7e-19, "p0": 4.795, "e0": 0.4, "BHSpin": 1, "Trajectory Exit Reason": "Integration reached time boundary. Boundary location t = 1025137.18", "mismatch": 0.9936559640371356, "faithfulness": 0.12252095479636979, "DeltaNOrbits": -245.51346837202004}