{"SMBHMASS": 2000000.0, "SecondaryMass": 10, "PROCAMASS": 4e-18, "p0": 8.9425, "e0": 0.4, "BHSpin": 1, "Trajectory Exit Reason": "Separatrix reached!", "mismatch": 1.4621998467134745e-05, "faithfulness": 0.9999604324846223, "DeltaNOrbits": 0.00010912528796288277}