{"SMBHMASS": 800000.0, "SecondaryMass": 10, "PROCAMASS": 5e-18, "p0": 12.899999999999999, "e0": 0.1, "BHSpin": 1, "Trajectory Exit Reason": "Separatrix reached!", "mismatch": 1.839750574106347e-12, "faithfulness": 0.9999999999970246, "DeltaNOrbits": 4.817299219301528e-08}