{"SMBHMASS": 600000.0, "SecondaryMass": 10, "PROCAMASS": 1e-17, "p0": 14.649999999999997, "e0": 0.2, "BHSpin": 1, "Trajectory Exit Reason": "Separatrix reached!", "mismatch": 8.006177353303556e-07, "faithfulness": 0.9999984629971738, "DeltaNOrbits": 4.5316481980560834e-05}