{"SMBHMASS": 2000000.0, "SecondaryMass": 10, "PROCAMASS": 1e-17, "p0": 9.05, "e0": 0.1, "BHSpin": 1, "Trajectory Exit Reason": "Separatrix reached!", "mismatch": 0.9940352999672057, "faithfulness": 1.207853872266754e-05, "DeltaNOrbits": 38.00276055433024}