{"SMBHMASS": 1000000.0, "SecondaryMass": 10, "PROCAMASS": 1e-17, "p0": 11.1, "e0": 0.1, "BHSpin": 1, "Trajectory Exit Reason": "Separatrix reached!", "mismatch": 0.08224011306224255, "faithfulness": 0.8018296084343511, "DeltaNOrbits": 0.015766845124778835}