{"SMBHMASS": 30000000.0, "SecondaryMass": 10, "PROCAMASS": 7e-19, "p0": 4.83, "e0": 0.3, "BHSpin": 1, "Trajectory Exit Reason": "Integration reached time boundary. Boundary location t = 1708561.96", "mismatch": 0.8999311190210919, "faithfulness": 0.10033238148300781, "DeltaNOrbits": -1.2798454502502439}