{"SMBHMASS": 800000.0, "SecondaryMass": 10, "PROCAMASS": 4e-18, "p0": 12.849999999999998, "e0": 0.2, "BHSpin": 1, "Trajectory Exit Reason": "Separatrix reached!", "mismatch": 2.929878561985788e-13, "faithfulness": 0.9999999999997291, "DeltaNOrbits": 3.353581379590679e-09}