{"SMBHMASS": 4000000.0, "SecondaryMass": 10, "PROCAMASS": 3e-18, "p0": 6.26, "e0": 0.3, "BHSpin": 1, "Trajectory Exit Reason": "Separatrix reached!", "mismatch": 0.0047308484627516245, "faithfulness": 0.9918748471714794, "DeltaNOrbits": -0.01966864844015503}