{"SMBHMASS": 700000.0, "SecondaryMass": 10, "PROCAMASS": 6e-18, "p0": 12.924, "e0": 0.7, "BHSpin": 1, "Trajectory Exit Reason": "Separatrix reached!", "mismatch": 8.225298220310151e-11, "faithfulness": 0.9999999998756555, "DeltaNOrbits": 3.3376472360191434e-07}