{"SMBHMASS": 300000.0, "SecondaryMass": 10, "PROCAMASS": 2e-17, "p0": 19.6, "e0": 0.5, "BHSpin": 1, "Trajectory Exit Reason": "Separatrix reached!", "mismatch": 2.1443752488137235e-05, "faithfulness": 0.9999755910047788, "DeltaNOrbits": 0.0001698928958919118}