{"SMBHMASS": 500000.0, "SecondaryMass": 10, "PROCAMASS": 9e-18, "p0": 14.56, "e0": 0.7, "BHSpin": 1, "Trajectory Exit Reason": "Separatrix reached!", "mismatch": 1.1677984135261e-09, "faithfulness": 0.9999999984562467, "DeltaNOrbits": 1.1762547728359903e-06}