{"SMBHMASS": 400000.0, "SecondaryMass": 10, "PROCAMASS": 2e-17, "p0": 17.4, "e0": 0.1, "BHSpin": 1, "Trajectory Exit Reason": "Separatrix reached!", "mismatch": 0.0027177077792971405, "faithfulness": 0.9959045001167017, "DeltaNOrbits": 0.002561062972381588}