{"SMBHMASS": 60000000.0, "SecondaryMass": 10, "PROCAMASS": 6e-19, "p0": 4.46, "e0": 0.7, "BHSpin": 1, "Trajectory Exit Reason": "Integration reached time boundary. Boundary location t = 854280.98", "mismatch": 0.9994547187292829, "faithfulness": 0.18766194153118956, "DeltaNOrbits": -346.7219868436598}