{"SMBHMASS": 500000.0, "SecondaryMass": 10, "PROCAMASS": 8e-17, "p0": 15.2, "e0": 0.5, "BHSpin": 1, "Trajectory Exit Reason": "Separatrix reached!", "mismatch": 0.9987060851630466, "faithfulness": 0.001868507367149768, "DeltaNOrbits": 11246.919741731506}