{"SMBHMASS": 400000.0, "SecondaryMass": 10, "PROCAMASS": 8e-18, "p0": 16.625, "e0": 0.6, "BHSpin": 1, "Trajectory Exit Reason": "Separatrix reached!", "mismatch": 4.599653991022024e-13, "faithfulness": 0.9999999999996927, "DeltaNOrbits": 1.2747314857228659e-08}