{"SMBHMASS": 400000.0, "SecondaryMass": 10, "PROCAMASS": 2e-17, "p0": 17.0, "e0": 0.5, "BHSpin": 1, "Trajectory Exit Reason": "Separatrix reached!", "mismatch": 0.021918952140374537, "faithfulness": 0.9706274799875878, "DeltaNOrbits": 0.006108716328746067}