{"SMBHMASS": 100000.0, "SecondaryMass": 10, "PROCAMASS": 5e-17, "p0": 33.35, "e0": 0.6, "BHSpin": 1, "Trajectory Exit Reason": "Separatrix reached!", "mismatch": 1.107559499735622e-05, "faithfulness": 0.9999943181362478, "DeltaNOrbits": 7.19077328061443e-05}