{"SMBHMASS": 700000.0, "SecondaryMass": 10, "PROCAMASS": 9e-18, "p0": 12.924, "e0": 0.7, "BHSpin": 1, "Trajectory Exit Reason": "Separatrix reached!", "mismatch": 2.5394760279073836e-06, "faithfulness": 0.9999958559408217, "DeltaNOrbits": 5.9327226198420925e-05}