{"SMBHMASS": 300000.0, "SecondaryMass": 10, "PROCAMASS": 1e-17, "p0": 19.800000000000004, "e0": 0.4, "BHSpin": 1, "Trajectory Exit Reason": "Separatrix reached!", "mismatch": 2.453592884421596e-13, "faithfulness": 0.9999999999998417, "DeltaNOrbits": 9.338149255876808e-09}