{"SMBHMASS": 300000.0, "SecondaryMass": 10, "PROCAMASS": 9e-18, "p0": 19.15, "e0": 0.6, "BHSpin": 1, "Trajectory Exit Reason": "Separatrix reached!", "mismatch": 3.652633751016765e-14, "faithfulness": 0.9999999999999863, "DeltaNOrbits": 2.2048407965264687e-09}