{"SMBHMASS": 7000000.0, "SecondaryMass": 10, "PROCAMASS": 9e-19, "p0": 5.352, "e0": 0.1, "BHSpin": 1, "Trajectory Exit Reason": "Separatrix reached!", "mismatch": 1.6628687316000423e-10, "faithfulness": 0.9999999869556041, "DeltaNOrbits": -8.7978289321919e-06}