{"SMBHMASS": 400000.0, "SecondaryMass": 10, "PROCAMASS": 9e-17, "p0": 16.25, "e0": 0.7, "BHSpin": 1, "Trajectory Exit Reason": "Separatrix reached!", "mismatch": 0.9994563266396177, "faithfulness": 0.0004891791941221161, "DeltaNOrbits": 16451.54429760858}