{"SMBHMASS": 700000.0, "SecondaryMass": 10, "PROCAMASS": 8e-18, "p0": 12.924, "e0": 0.7, "BHSpin": 1, "Trajectory Exit Reason": "Separatrix reached!", "mismatch": 2.2362634344297305e-07, "faithfulness": 0.9999996365934588, "DeltaNOrbits": 1.7945365995594212e-05}