{"SMBHMASS": 900000.0, "SecondaryMass": 10, "PROCAMASS": 9e-18, "p0": 11.759999999999998, "e0": 0.5, "BHSpin": 1, "Trajectory Exit Reason": "Separatrix reached!", "mismatch": 0.0005144346484711182, "faithfulness": 0.9989536029868383, "DeltaNOrbits": 0.001099162143823964}