{"SMBHMASS": 100000.0, "SecondaryMass": 10, "PROCAMASS": 5e-17, "p0": 34.95, "e0": 0.2, "BHSpin": 1, "Trajectory Exit Reason": "Separatrix reached!", "mismatch": 2.2819223938097544e-05, "faithfulness": 0.9999886494708716, "DeltaNOrbits": 0.00013322022359706114}