{"SMBHMASS": 300000.0, "SecondaryMass": 10, "PROCAMASS": 1e-17, "p0": 19.800000000000004, "e0": 0.4, "BHSpin": 1, "Trajectory Exit Reason": "Separatrix reached!", "mismatch": 1.7896795156957523e-13, "faithfulness": 0.9999999999999034, "DeltaNOrbits": 7.2815330507134635e-09}