{"SMBHMASS": 700000.0, "SecondaryMass": 10, "PROCAMASS": 7e-18, "p0": 13.479999999999999, "e0": 0.5, "BHSpin": 1, "Trajectory Exit Reason": "Separatrix reached!", "mismatch": 8.28902613214666e-10, "faithfulness": 0.9999999984873917, "DeltaNOrbits": 1.4857847757500339e-06}