{"SMBHMASS": 700000.0, "SecondaryMass": 10, "PROCAMASS": 7e-18, "p0": 12.924, "e0": 0.7, "BHSpin": 1, "Trajectory Exit Reason": "Separatrix reached!", "mismatch": 1.6476267017395685e-09, "faithfulness": 0.9999999973438188, "DeltaNOrbits": 1.4848769001279348e-06}