{"SMBHMASS": 90000000.0, "SecondaryMass": 10, "PROCAMASS": 1e-19, "p0": 4.83, "e0": 0.1, "BHSpin": 1, "Trajectory Exit Reason": "Integration reached time boundary. Boundary location t = 569520.65", "mismatch": 7.434207371925794e-08, "faithfulness": 0.9995867296039849, "DeltaNOrbits": -3.328144650107223e-05}