{"SMBHMASS": 700000.0, "SecondaryMass": 10, "PROCAMASS": 9e-18, "p0": 12.924, "e0": 0.7, "BHSpin": 1, "Trajectory Exit Reason": "Separatrix reached!", "mismatch": 1.006574608330979e-06, "faithfulness": 0.9999983497047452, "DeltaNOrbits": 4.174148085358453e-05}