{"SMBHMASS": 500000.0, "SecondaryMass": 10, "PROCAMASS": 6e-18, "p0": 15.549999999999999, "e0": 0.2, "BHSpin": 1, "Trajectory Exit Reason": "Separatrix reached!", "mismatch": 7.66053886991358e-15, "faithfulness": 0.9999999999999919, "DeltaNOrbits": 1.6675266528351443e-09}