{"SMBHMASS": 1000000.0, "SecondaryMass": 10, "PROCAMASS": 5e-18, "p0": 11.05, "e0": 0.2, "BHSpin": 1, "Trajectory Exit Reason": "Separatrix reached!", "mismatch": 6.059522883461455e-10, "faithfulness": 0.9999999985886651, "DeltaNOrbits": 1.3200882106799818e-06}