{"SMBHMASS": 900000.0, "SecondaryMass": 10, "PROCAMASS": 6e-18, "p0": 11.523999999999997, "e0": 0.6, "BHSpin": 1, "Trajectory Exit Reason": "Separatrix reached!", "mismatch": 5.8765496913082416e-09, "faithfulness": 0.999999988992502, "DeltaNOrbits": 3.5359439471521226e-06}