{"SMBHMASS": 600000.0, "SecondaryMass": 10, "PROCAMASS": 8e-18, "p0": 14.649999999999997, "e0": 0.2, "BHSpin": 1, "Trajectory Exit Reason": "Separatrix reached!", "mismatch": 3.6268077430179346e-10, "faithfulness": 0.999999999308386, "DeltaNOrbits": 9.82784624959273e-07}