{"SMBHMASS": 800000.0, "SecondaryMass": 10, "PROCAMASS": 6e-18, "p0": 12.899999999999999, "e0": 0.1, "BHSpin": 1, "Trajectory Exit Reason": "Separatrix reached!", "mismatch": 9.27162790986813e-10, "faithfulness": 0.9999999978690376, "DeltaNOrbits": 1.5850211396676453e-06}