{"SMBHMASS": 100000.0, "SecondaryMass": 10, "PROCAMASS": 4e-17, "p0": 34.5, "e0": 0.4, "BHSpin": 1, "Trajectory Exit Reason": "Separatrix reached!", "mismatch": 4.6169070899715337e-08, "faithfulness": 0.9999999768718277, "DeltaNOrbits": 5.589882845633971e-06}