{"SMBHMASS": 500000.0, "SecondaryMass": 10, "PROCAMASS": 8e-18, "p0": 15.2, "e0": 0.5, "BHSpin": 1, "Trajectory Exit Reason": "Separatrix reached!", "mismatch": 2.992506242804893e-11, "faithfulness": 0.999999999960526, "DeltaNOrbits": 2.26042501828764e-07}