{"SMBHMASS": 100000.0, "SecondaryMass": 10, "PROCAMASS": 3e-17, "p0": 35.1, "e0": 0.1, "BHSpin": 1, "Trajectory Exit Reason": "Separatrix reached!", "mismatch": 3.2708280528481737e-12, "faithfulness": 0.9999999999985416, "DeltaNOrbits": 3.946479745043175e-08}