{"SMBHMASS": 800000.0, "SecondaryMass": 10, "PROCAMASS": 7e-18, "p0": 12.71, "e0": 0.4, "BHSpin": 1, "Trajectory Exit Reason": "Separatrix reached!", "mismatch": 3.9478209701293565e-08, "faithfulness": 0.9999999180211955, "DeltaNOrbits": 9.918430002989518e-06}