{"SMBHMASS": 600000.0, "SecondaryMass": 10, "PROCAMASS": 1e-17, "p0": 14.7, "e0": 0.1, "BHSpin": 1, "Trajectory Exit Reason": "Separatrix reached!", "mismatch": 1.045370166985471e-06, "faithfulness": 0.9999979517468071, "DeltaNOrbits": 5.291499331990434e-05}