{"SMBHMASS": 800000.0, "SecondaryMass": 10, "PROCAMASS": 3e-17, "p0": 12.62, "e0": 0.5, "BHSpin": 1, "Trajectory Exit Reason": "Separatrix reached!", "mismatch": 0.9976702828659811, "faithfulness": 9.726152485475264e-05, "DeltaNOrbits": 1201.6727905416371}