{"SMBHMASS": 700000.0, "SecondaryMass": 10, "PROCAMASS": 5e-18, "p0": 13.590000000000002, "e0": 0.4, "BHSpin": 1, "Trajectory Exit Reason": "Separatrix reached!", "mismatch": 3.7492231541591536e-13, "faithfulness": 0.9999999999996182, "DeltaNOrbits": 1.5452413649605672e-08}