{"SMBHMASS": 300000.0, "SecondaryMass": 10, "PROCAMASS": 2e-17, "p0": 19.6, "e0": 0.5, "BHSpin": 1, "Trajectory Exit Reason": "Separatrix reached!", "mismatch": 4.553233014514824e-06, "faithfulness": 0.9999945990901791, "DeltaNOrbits": 8.22092307374379e-05}