{"SMBHMASS": 1000000.0, "SecondaryMass": 10, "PROCAMASS": 9e-18, "p0": 10.685, "e0": 0.6, "BHSpin": 1, "Trajectory Exit Reason": "Separatrix reached!", "mismatch": 0.0038348586464652668, "faithfulness": 0.9927162611987429, "DeltaNOrbits": 0.0029889127365651754}