{"SMBHMASS": 100000.0, "SecondaryMass": 10, "PROCAMASS": 3e-17, "p0": 34.95, "e0": 0.2, "BHSpin": 1, "Trajectory Exit Reason": "Separatrix reached!", "mismatch": 1.0401013383898317e-11, "faithfulness": 0.9999999999949594, "DeltaNOrbits": 8.86753617829889e-08}