{"SMBHMASS": 300000.0, "SecondaryMass": 10, "PROCAMASS": 1e-17, "p0": 20.05, "e0": 0.2, "BHSpin": 1, "Trajectory Exit Reason": "Separatrix reached!", "mismatch": 9.736655925962623e-14, "faithfulness": 0.9999999999999636, "DeltaNOrbits": 4.13176048424708e-09}