{"SMBHMASS": 900000.0, "SecondaryMass": 10, "PROCAMASS": 8e-18, "p0": 11.999999999999998, "e0": 0.1, "BHSpin": 1, "Trajectory Exit Reason": "Separatrix reached!", "mismatch": 2.5971200646290882e-05, "faithfulness": 0.9999368424677755, "DeltaNOrbits": 0.0002672110668446192}