{"SMBHMASS": 200000.0, "SecondaryMass": 10, "PROCAMASS": 7e-17, "p0": 26.900000000000002, "e0": 0.5, "BHSpin": 1, "Trajectory Exit Reason": "Separatrix reached!", "mismatch": 0.9882728545031995, "faithfulness": 0.004611538515550756, "DeltaNOrbits": 95.8207333368821}