{"SMBHMASS": 90000000.0, "SecondaryMass": 10, "PROCAMASS": 3e-19, "p0": 4.46, "e0": 0.7, "BHSpin": 1, "Trajectory Exit Reason": "Integration reached time boundary. Boundary location t = 569520.65", "mismatch": 0.9850371949625067, "faithfulness": 0.6840612473244345, "DeltaNOrbits": -30.58621021096451}