{"SMBHMASS": 100000.0, "SecondaryMass": 10, "PROCAMASS": 4e-17, "p0": 34.2, "e0": 0.5, "BHSpin": 1, "Trajectory Exit Reason": "Separatrix reached!", "mismatch": 2.402035359505561e-08, "faithfulness": 0.9999999875885894, "DeltaNOrbits": 3.7328510527410723e-06}