{"SMBHMASS": 300000.0, "SecondaryMass": 10, "PROCAMASS": 9e-18, "p0": 20.05, "e0": 0.2, "BHSpin": 1, "Trajectory Exit Reason": "Separatrix reached!", "mismatch": 2.6756374893466273e-14, "faithfulness": 0.9999999999999933, "DeltaNOrbits": 4.817299219301528e-10}