{"SMBHMASS": 700000.0, "SecondaryMass": 10, "PROCAMASS": 9e-18, "p0": 13.749999999999996, "e0": 0.2, "BHSpin": 1, "Trajectory Exit Reason": "Separatrix reached!", "mismatch": 3.848793806437989e-06, "faithfulness": 0.9999918039331339, "DeltaNOrbits": 0.00010574390520837455}