{"SMBHMASS": 1000000.0, "SecondaryMass": 10, "PROCAMASS": 8e-18, "p0": 10.950000000000003, "e0": 0.4, "BHSpin": 1, "Trajectory Exit Reason": "Separatrix reached!", "mismatch": 0.00011193402264575436, "faithfulness": 0.9997593597780011, "DeltaNOrbits": 0.0005537264412665236}