{"SMBHMASS": 1000000.0, "SecondaryMass": 10, "PROCAMASS": 3e-18, "p0": 10.9, "e0": 0.5, "BHSpin": 1, "Trajectory Exit Reason": "Separatrix reached!", "mismatch": 1.6542323066914832e-14, "faithfulness": 0.9999999999999807, "DeltaNOrbits": 1.1024203982632343e-09}