{"SMBHMASS": 600000.0, "SecondaryMass": 10, "PROCAMASS": 1e-17, "p0": 14.469999999999999, "e0": 0.4, "BHSpin": 1, "Trajectory Exit Reason": "Separatrix reached!", "mismatch": 2.0621930352238138e-07, "faithfulness": 0.999999627186358, "DeltaNOrbits": 2.2562562016555522e-05}