{"SMBHMASS": 10000000.0, "SecondaryMass": 10, "PROCAMASS": 6e-19, "p0": 4.83, "e0": 0.2, "BHSpin": 1, "Trajectory Exit Reason": "Separatrix reached!", "mismatch": 8.087686076407863e-11, "faithfulness": 0.9999999811403785, "DeltaNOrbits": -3.7174820154241086e-06}