{"SMBHMASS": 500000.0, "SecondaryMass": 10, "PROCAMASS": 8e-18, "p0": 15.549999999999999, "e0": 0.2, "BHSpin": 1, "Trajectory Exit Reason": "Separatrix reached!", "mismatch": 2.1148416351479682e-11, "faithfulness": 0.9999999999697536, "DeltaNOrbits": 2.0762559635189587e-07}