{"SMBHMASS": 80000000.0, "SecondaryMass": 10, "PROCAMASS": 5e-19, "p0": 4.76, "e0": 0.5, "BHSpin": 1, "Trajectory Exit Reason": "Integration reached time boundary. Boundary location t = 640710.74", "mismatch": 0.9938859369066071, "faithfulness": 0.6479627202523592, "DeltaNOrbits": -1284.062864056364}