{"SMBHMASS": 700000.0, "SecondaryMass": 10, "PROCAMASS": 9e-18, "p0": 13.590000000000002, "e0": 0.4, "BHSpin": 1, "Trajectory Exit Reason": "Separatrix reached!", "mismatch": 1.3305836594756926e-06, "faithfulness": 0.9999973861517908, "DeltaNOrbits": 5.61586105807775e-05}