{"SMBHMASS": 700000.0, "SecondaryMass": 10, "PROCAMASS": 6e-18, "p0": 13.479999999999999, "e0": 0.5, "BHSpin": 1, "Trajectory Exit Reason": "Separatrix reached!", "mismatch": 1.2249534719899202e-11, "faithfulness": 0.9999999999805206, "DeltaNOrbits": 1.619353660642129e-07}