{"SMBHMASS": 500000.0, "SecondaryMass": 10, "PROCAMASS": 9e-18, "p0": 15.350000000000001, "e0": 0.4, "BHSpin": 1, "Trajectory Exit Reason": "Separatrix reached!", "mismatch": 3.3685543243677785e-10, "faithfulness": 0.9999999994932391, "DeltaNOrbits": 8.408781068030021e-07}