{"SMBHMASS": 500000.0, "SecondaryMass": 10, "PROCAMASS": 9e-18, "p0": 15.6, "e0": 0.1, "BHSpin": 1, "Trajectory Exit Reason": "Separatrix reached!", "mismatch": 1.9867862910416534e-10, "faithfulness": 0.9999999996765762, "DeltaNOrbits": 7.173143818279179e-07}