{"SMBHMASS": 900000.0, "SecondaryMass": 10, "PROCAMASS": 1e-17, "p0": 11.95, "e0": 0.2, "BHSpin": 1, "Trajectory Exit Reason": "Separatrix reached!", "mismatch": 0.015866543966406743, "faithfulness": 0.9625766299287026, "DeltaNOrbits": 0.006641202760440546}