{"SMBHMASS": 1000000.0, "SecondaryMass": 10, "PROCAMASS": 4e-17, "p0": 10.9, "e0": 0.5, "BHSpin": 1, "Trajectory Exit Reason": "Separatrix reached!", "mismatch": 0.9964643643506861, "faithfulness": 0.001478425620908237, "DeltaNOrbits": 348.3098920854428}