{"SMBHMASS": 300000.0, "SecondaryMass": 10, "PROCAMASS": 9e-18, "p0": 20.1, "e0": 0.1, "BHSpin": 1, "Trajectory Exit Reason": "Separatrix reached!", "mismatch": 1.2323475573339238e-14, "faithfulness": 0.9999999999999789, "DeltaNOrbits": 1.4451897657904583e-09}