{"SMBHMASS": 600000.0, "SecondaryMass": 10, "PROCAMASS": 7e-18, "p0": 14.469999999999999, "e0": 0.4, "BHSpin": 1, "Trajectory Exit Reason": "Separatrix reached!", "mismatch": 8.704115206370489e-11, "faithfulness": 0.9999999998567487, "DeltaNOrbits": 4.3077771864907894e-07}