{"SMBHMASS": 600000.0, "SecondaryMass": 10, "PROCAMASS": 9e-18, "p0": 14.599999999999998, "e0": 0.3, "BHSpin": 1, "Trajectory Exit Reason": "Separatrix reached!", "mismatch": 2.5234974776466856e-08, "faithfulness": 0.9999999529413878, "DeltaNOrbits": 7.91712009847854e-06}