{"SMBHMASS": 500000.0, "SecondaryMass": 10, "PROCAMASS": 8e-18, "p0": 14.879999999999999, "e0": 0.6, "BHSpin": 1, "Trajectory Exit Reason": "Separatrix reached!", "mismatch": 4.3051118225889695e-12, "faithfulness": 0.9999999999949847, "DeltaNOrbits": 7.26671059157715e-08}