{"SMBHMASS": 100000.0, "SecondaryMass": 10, "PROCAMASS": 6e-17, "p0": 33.35, "e0": 0.6, "BHSpin": 1, "Trajectory Exit Reason": "Separatrix reached!", "mismatch": 0.002655155105678042, "faithfulness": 0.9986391274379521, "DeltaNOrbits": 0.001111195812858001}