{"SMBHMASS": 1000000.0, "SecondaryMass": 10, "PROCAMASS": 1e-17, "p0": 11.1, "e0": 0.1, "BHSpin": 1, "Trajectory Exit Reason": "Separatrix reached!", "mismatch": 0.010215448955032125, "faithfulness": 0.9754024453067809, "DeltaNOrbits": 0.00551507152277954}