{"SMBHMASS": 1000000.0, "SecondaryMass": 10, "PROCAMASS": 9e-18, "p0": 10.685, "e0": 0.6, "BHSpin": 1, "Trajectory Exit Reason": "Separatrix reached!", "mismatch": 0.013752303344321648, "faithfulness": 0.9734900719520501, "DeltaNOrbits": 0.005798235465078429}