{"SMBHMASS": 300000.0, "SecondaryMass": 10, "PROCAMASS": 1e-17, "p0": 19.800000000000004, "e0": 0.4, "BHSpin": 1, "Trajectory Exit Reason": "Separatrix reached!", "mismatch": 1.7863488466218769e-13, "faithfulness": 0.9999999999999065, "DeltaNOrbits": 4.928467662823871e-09}