{"SMBHMASS": 70000000.0, "SecondaryMass": 10, "PROCAMASS": 1e-19, "p0": 4.76, "e0": 0.5, "BHSpin": 1, "Trajectory Exit Reason": "Integration reached time boundary. Boundary location t = 732240.84", "mismatch": 1.5474332926146417e-10, "faithfulness": 0.9999980628319023, "DeltaNOrbits": -8.548129553980658e-07}