{"SMBHMASS": 300000.0, "SecondaryMass": 10, "PROCAMASS": 1e-16, "p0": 19.800000000000004, "e0": 0.4, "BHSpin": 1, "Trajectory Exit Reason": "Separatrix reached!", "mismatch": 0.9985190219307529, "faithfulness": 0.0007608518798446795, "DeltaNOrbits": 2523.834330548111}