{"SMBHMASS": 400000.0, "SecondaryMass": 10, "PROCAMASS": 8e-18, "p0": 17.4, "e0": 0.1, "BHSpin": 1, "Trajectory Exit Reason": "Separatrix reached!", "mismatch": 1.0114131754335176e-13, "faithfulness": 0.9999999999999368, "DeltaNOrbits": 7.3185891985542444e-09}