{"SMBHMASS": 500000.0, "SecondaryMass": 10, "PROCAMASS": 7e-18, "p0": 15.350000000000001, "e0": 0.4, "BHSpin": 1, "Trajectory Exit Reason": "Separatrix reached!", "mismatch": 6.334932578511143e-13, "faithfulness": 0.9999999999994499, "DeltaNOrbits": 2.028824094282759e-08}