{"SMBHMASS": 100000.0, "SecondaryMass": 10, "PROCAMASS": 6e-17, "p0": 33.35, "e0": 0.6, "BHSpin": 1, "Trajectory Exit Reason": "Separatrix reached!", "mismatch": 0.0011769916596319208, "faithfulness": 0.9994299101631103, "DeltaNOrbits": 0.0007596574785057344}