{"SMBHMASS": 1000000.0, "SecondaryMass": 10, "PROCAMASS": 5e-18, "p0": 10.950000000000003, "e0": 0.4, "BHSpin": 1, "Trajectory Exit Reason": "Separatrix reached!", "mismatch": 2.7617730324891454e-10, "faithfulness": 0.9999999994288535, "DeltaNOrbits": 8.383953448976698e-07}