{"SMBHMASS": 40000000.0, "SecondaryMass": 10, "PROCAMASS": 8e-19, "p0": 4.83, "e0": 0.1, "BHSpin": 1, "Trajectory Exit Reason": "Integration reached time boundary. Boundary location t = 1281421.47", "mismatch": 0.9946859691569873, "faithfulness": 0.16422873005965133, "DeltaNOrbits": -421.9342138434885}