{"SMBHMASS": 300000.0, "SecondaryMass": 10, "PROCAMASS": 9e-18, "p0": 19.800000000000004, "e0": 0.4, "BHSpin": 1, "Trajectory Exit Reason": "Separatrix reached!", "mismatch": 1.4799272918253337e-13, "faithfulness": 0.9999999999999177, "DeltaNOrbits": 1.3525493961885059e-09}