{"SMBHMASS": 100000.0, "SecondaryMass": 10, "PROCAMASS": 4e-17, "p0": 34.5, "e0": 0.4, "BHSpin": 1, "Trajectory Exit Reason": "Separatrix reached!", "mismatch": 2.7338520891539986e-08, "faithfulness": 0.9999999860891935, "DeltaNOrbits": 4.222140428830745e-06}