{"SMBHMASS": 900000.0, "SecondaryMass": 10, "PROCAMASS": 7e-18, "p0": 11.288, "e0": 0.7, "BHSpin": 1, "Trajectory Exit Reason": "Separatrix reached!", "mismatch": 1.5929188360574997e-06, "faithfulness": 0.9999971770490071, "DeltaNOrbits": 5.155767294468133e-05}