{"SMBHMASS": 100000.0, "SecondaryMass": 10, "PROCAMASS": 3e-17, "p0": 34.2, "e0": 0.5, "BHSpin": 1, "Trajectory Exit Reason": "Separatrix reached!", "mismatch": 1.557798334772542e-11, "faithfulness": 0.9999999999922281, "DeltaNOrbits": 8.57479261035672e-08}