{"SMBHMASS": 8000000.0, "SecondaryMass": 10, "PROCAMASS": 1e-18, "p0": 5.148, "e0": 0.2, "BHSpin": 1, "Trajectory Exit Reason": "Separatrix reached!", "mismatch": 1.0896707014484974e-07, "faithfulness": 0.9999996473413065, "DeltaNOrbits": -0.0002117915040763782}