{"SMBHMASS": 700000.0, "SecondaryMass": 10, "PROCAMASS": 4e-18, "p0": 13.749999999999996, "e0": 0.2, "BHSpin": 1, "Trajectory Exit Reason": "Separatrix reached!", "mismatch": 1.952993322618113e-12, "faithfulness": 0.9999999999984925, "DeltaNOrbits": 7.652094529121274e-09}