{"SMBHMASS": 100000.0, "SecondaryMass": 10, "PROCAMASS": 5e-17, "p0": 34.2, "e0": 0.5, "BHSpin": 1, "Trajectory Exit Reason": "Separatrix reached!", "mismatch": 3.19478449186672e-05, "faithfulness": 0.9999837834939316, "DeltaNOrbits": 0.00013351361564759053}