{"SMBHMASS": 2000000.0, "SecondaryMass": 10, "PROCAMASS": 6e-18, "p0": 8.9, "e0": 0.5, "BHSpin": 1, "Trajectory Exit Reason": "Separatrix reached!", "mismatch": 0.6729228249169248, "faithfulness": -0.34529374451319755, "DeltaNOrbits": 0.03745035054861285}