{"SMBHMASS": 800000.0, "SecondaryMass": 10, "PROCAMASS": 9e-18, "p0": 12.62, "e0": 0.5, "BHSpin": 1, "Trajectory Exit Reason": "Separatrix reached!", "mismatch": 5.6207037882227695e-05, "faithfulness": 0.9998891483472102, "DeltaNOrbits": 0.0003528954601827134}