{"SMBHMASS": 30000000.0, "SecondaryMass": 10, "PROCAMASS": 4e-19, "p0": 4.46, "e0": 0.7, "BHSpin": 1, "Trajectory Exit Reason": "Integration reached time boundary. Boundary location t = 1708561.96", "mismatch": 0.0024307353741703785, "faithfulness": 0.9933181801025245, "DeltaNOrbits": -0.0019244164824017169}