{"SMBHMASS": 100000.0, "SecondaryMass": 10, "PROCAMASS": 8e-17, "p0": 33.35, "e0": 0.6, "BHSpin": 1, "Trajectory Exit Reason": "Separatrix reached!", "mismatch": 0.6375066789945485, "faithfulness": 0.28996784410772025, "DeltaNOrbits": 0.08292328212163962}