{"SMBHMASS": 700000.0, "SecondaryMass": 10, "PROCAMASS": 7e-18, "p0": 13.7, "e0": 0.3, "BHSpin": 1, "Trajectory Exit Reason": "Separatrix reached!", "mismatch": 7.31954274968416e-10, "faithfulness": 0.9999999985209441, "DeltaNOrbits": 1.3763023869544465e-06}