{"SMBHMASS": 600000.0, "SecondaryMass": 10, "PROCAMASS": 9e-18, "p0": 14.469999999999999, "e0": 0.4, "BHSpin": 1, "Trajectory Exit Reason": "Separatrix reached!", "mismatch": 1.0103181546927686e-07, "faithfulness": 0.9999998215850284, "DeltaNOrbits": 1.5476036943854167e-05}