{"SMBHMASS": 90000000.0, "SecondaryMass": 10, "PROCAMASS": 1e-19, "p0": 4.795, "e0": 0.4, "BHSpin": 1, "Trajectory Exit Reason": "Integration reached time boundary. Boundary location t = 569520.65", "mismatch": 9.938659806252303e-08, "faithfulness": 0.9994592324549044, "DeltaNOrbits": -2.6761328122131072e-05}