{"SMBHMASS": 100000.0, "SecondaryMass": 10, "PROCAMASS": 4e-17, "p0": 35.1, "e0": 0.1, "BHSpin": 1, "Trajectory Exit Reason": "Separatrix reached!", "mismatch": 2.052201009128396e-08, "faithfulness": 0.9999999898421612, "DeltaNOrbits": 4.087107826098939e-06}