{"SMBHMASS": 700000.0, "SecondaryMass": 10, "PROCAMASS": 8e-18, "p0": 13.202, "e0": 0.6, "BHSpin": 1, "Trajectory Exit Reason": "Separatrix reached!", "mismatch": 1.4251477276072677e-07, "faithfulness": 0.999999753537222, "DeltaNOrbits": 1.6354434400345962e-05}