{"SMBHMASS": 500000.0, "SecondaryMass": 10, "PROCAMASS": 9e-18, "p0": 15.350000000000001, "e0": 0.4, "BHSpin": 1, "Trajectory Exit Reason": "Separatrix reached!", "mismatch": 2.7164859250916606e-10, "faithfulness": 0.9999999995915895, "DeltaNOrbits": 7.547781472949474e-07}