{"SMBHMASS": 10000000.0, "SecondaryMass": 10, "PROCAMASS": 3e-19, "p0": 4.83, "e0": 0.2, "BHSpin": 1, "Trajectory Exit Reason": "Separatrix reached!", "mismatch": 1.0436096431476471e-14, "faithfulness": 0.9999999999979327, "DeltaNOrbits": -1.250644989626358e-10}