{"SMBHMASS": 70000000.0, "SecondaryMass": 10, "PROCAMASS": 1e-19, "p0": 4.76, "e0": 0.5, "BHSpin": 1, "Trajectory Exit Reason": "Integration reached time boundary. Boundary location t = 732240.84", "mismatch": 4.4372061580588706e-11, "faithfulness": 0.9999900856573934, "DeltaNOrbits": 1.6122493022982794e-07}