{"SMBHMASS": 600000.0, "SecondaryMass": 10, "PROCAMASS": 6e-18, "p0": 13.741999999999999, "e0": 0.7, "BHSpin": 1, "Trajectory Exit Reason": "Separatrix reached!", "mismatch": 1.1445289160860739e-12, "faithfulness": 0.9999999999989355, "DeltaNOrbits": 2.5439045492696144e-08}