{"SMBHMASS": 500000.0, "SecondaryMass": 10, "PROCAMASS": 8e-18, "p0": 14.56, "e0": 0.7, "BHSpin": 1, "Trajectory Exit Reason": "Separatrix reached!", "mismatch": 8.607670132221301e-12, "faithfulness": 0.9999999999899113, "DeltaNOrbits": 9.166764572113196e-08}