{"SMBHMASS": 800000.0, "SecondaryMass": 10, "PROCAMASS": 9e-18, "p0": 12.363, "e0": 0.6, "BHSpin": 1, "Trajectory Exit Reason": "Separatrix reached!", "mismatch": 1.2508063856553342e-05, "faithfulness": 0.9999769686824299, "DeltaNOrbits": 0.00015481399894850425}