{"SMBHMASS": 1000000.0, "SecondaryMass": 10, "PROCAMASS": 3e-18, "p0": 11.1, "e0": 0.1, "BHSpin": 1, "Trajectory Exit Reason": "Separatrix reached!", "mismatch": 4.4075854077618715e-14, "faithfulness": 0.9999999999999654, "DeltaNOrbits": 7.781791046564007e-10}