{"SMBHMASS": 1000000.0, "SecondaryMass": 10, "PROCAMASS": 1e-17, "p0": 10.685, "e0": 0.6, "BHSpin": 1, "Trajectory Exit Reason": "Separatrix reached!", "mismatch": 0.16802190888503554, "faithfulness": 0.6840286338249424, "DeltaNOrbits": 0.022090138320009882}