{"SMBHMASS": 100000.0, "SecondaryMass": 10, "PROCAMASS": 4e-17, "p0": 33.35, "e0": 0.6, "BHSpin": 1, "Trajectory Exit Reason": "Separatrix reached!", "mismatch": 2.437985171521717e-07, "faithfulness": 0.9999997479242103, "DeltaNOrbits": 3.2969947890304147e-05}