{"SMBHMASS": 600000.0, "SecondaryMass": 10, "PROCAMASS": 5e-18, "p0": 14.469999999999999, "e0": 0.4, "BHSpin": 1, "Trajectory Exit Reason": "Separatrix reached!", "mismatch": 3.68594044175552e-14, "faithfulness": 0.9999999999999735, "DeltaNOrbits": 1.4266616918700678e-09}