{"SMBHMASS": 900000.0, "SecondaryMass": 10, "PROCAMASS": 4e-18, "p0": 11.830000000000002, "e0": 0.4, "BHSpin": 1, "Trajectory Exit Reason": "Separatrix reached!", "mismatch": 2.580158309228864e-13, "faithfulness": 0.9999999999997283, "DeltaNOrbits": 8.207936746732988e-09}