{"SMBHMASS": 700000.0, "SecondaryMass": 10, "PROCAMASS": 7e-18, "p0": 13.7, "e0": 0.3, "BHSpin": 1, "Trajectory Exit Reason": "Separatrix reached!", "mismatch": 4.01556121687463e-10, "faithfulness": 0.9999999991864235, "DeltaNOrbits": 1.030809392560925e-06}