{"SMBHMASS": 300000.0, "SecondaryMass": 10, "PROCAMASS": 8e-17, "p0": 19.15, "e0": 0.6, "BHSpin": 1, "Trajectory Exit Reason": "Separatrix reached!", "mismatch": 0.999043727861619, "faithfulness": 0.00034768780789633247, "DeltaNOrbits": 4835.6565733715815}