{"SMBHMASS": 100000.0, "SecondaryMass": 10, "PROCAMASS": 8e-17, "p0": 34.95, "e0": 0.2, "BHSpin": 1, "Trajectory Exit Reason": "Separatrix reached!", "mismatch": 0.3630966619866842, "faithfulness": 0.6254657256606455, "DeltaNOrbits": 0.045985302056337815}