{"SMBHMASS": 100000.0, "SecondaryMass": 10, "PROCAMASS": 3e-17, "p0": 35.1, "e0": 0.1, "BHSpin": 1, "Trajectory Exit Reason": "Separatrix reached!", "mismatch": 6.50601794660588e-12, "faithfulness": 0.9999999999968356, "DeltaNOrbits": 5.198977542061572e-08}