{"SMBHMASS": 900000.0, "SecondaryMass": 10, "PROCAMASS": 6e-18, "p0": 11.759999999999998, "e0": 0.5, "BHSpin": 1, "Trajectory Exit Reason": "Separatrix reached!", "mismatch": 1.8128784584625635e-08, "faithfulness": 0.9999999629461312, "DeltaNOrbits": 6.762413475611962e-06}