{"SMBHMASS": 900000.0, "SecondaryMass": 10, "PROCAMASS": 6e-18, "p0": 11.999999999999998, "e0": 0.1, "BHSpin": 1, "Trajectory Exit Reason": "Separatrix reached!", "mismatch": 5.357238319625424e-09, "faithfulness": 0.9999999871177473, "DeltaNOrbits": 3.893285644817734e-06}