{"SMBHMASS": 100000.0, "SecondaryMass": 10, "PROCAMASS": 9e-17, "p0": 34.8, "e0": 0.3, "BHSpin": 1, "Trajectory Exit Reason": "Separatrix reached!", "mismatch": 0.8054967149232034, "faithfulness": 0.12489640561989825, "DeltaNOrbits": 0.5469983127688485}