{"SMBHMASS": 700000.0, "SecondaryMass": 10, "PROCAMASS": 1e-17, "p0": 13.749999999999996, "e0": 0.2, "BHSpin": 1, "Trajectory Exit Reason": "Separatrix reached!", "mismatch": 1.1328334255211736e-05, "faithfulness": 0.9999756233131888, "DeltaNOrbits": 0.0001760104582827985}