{"SMBHMASS": 300000.0, "SecondaryMass": 10, "PROCAMASS": 7e-17, "p0": 20.1, "e0": 0.1, "BHSpin": 1, "Trajectory Exit Reason": "Separatrix reached!", "mismatch": 0.9972464596599032, "faithfulness": 0.0008443919915017875, "DeltaNOrbits": 1968.1679594389934}