{"SMBHMASS": 400000.0, "SecondaryMass": 10, "PROCAMASS": 2e-17, "p0": 17.35, "e0": 0.2, "BHSpin": 1, "Trajectory Exit Reason": "Separatrix reached!", "mismatch": 0.012107854264401419, "faithfulness": 0.9824754653019883, "DeltaNOrbits": 0.005177912474563485}