{"SMBHMASS": 700000.0, "SecondaryMass": 10, "PROCAMASS": 5e-18, "p0": 13.7, "e0": 0.3, "BHSpin": 1, "Trajectory Exit Reason": "Separatrix reached!", "mismatch": 8.878453527927377e-13, "faithfulness": 0.9999999999990009, "DeltaNOrbits": 2.6180168449511767e-08}