{"SMBHMASS": 500000.0, "SecondaryMass": 10, "PROCAMASS": 9e-18, "p0": 14.56, "e0": 0.7, "BHSpin": 1, "Trajectory Exit Reason": "Separatrix reached!", "mismatch": 2.2655033404817004e-10, "faithfulness": 0.9999999996986368, "DeltaNOrbits": 5.240758348752053e-07}