{"SMBHMASS": 900000.0, "SecondaryMass": 10, "PROCAMASS": 5e-18, "p0": 11.288, "e0": 0.7, "BHSpin": 1, "Trajectory Exit Reason": "Separatrix reached!", "mismatch": 8.34682323258562e-11, "faithfulness": 0.9999999998631138, "DeltaNOrbits": 3.537657793989759e-07}