{"SMBHMASS": 900000.0, "SecondaryMass": 10, "PROCAMASS": 8e-18, "p0": 11.999999999999998, "e0": 0.1, "BHSpin": 1, "Trajectory Exit Reason": "Separatrix reached!", "mismatch": 1.4468484377916369e-05, "faithfulness": 0.9999650323750707, "DeltaNOrbits": 0.00019288208533855826}