{"SMBHMASS": 500000.0, "SecondaryMass": 10, "PROCAMASS": 8e-18, "p0": 15.549999999999999, "e0": 0.2, "BHSpin": 1, "Trajectory Exit Reason": "Separatrix reached!", "mismatch": 4.690470234436361e-12, "faithfulness": 0.9999999999937158, "DeltaNOrbits": 8.993527080957545e-08}