{"SMBHMASS": 300000.0, "SecondaryMass": 10, "PROCAMASS": 9e-18, "p0": 20.1, "e0": 0.1, "BHSpin": 1, "Trajectory Exit Reason": "Separatrix reached!", "mismatch": 7.405187574249794e-14, "faithfulness": 0.9999999999999785, "DeltaNOrbits": 2.6124584227750593e-09}