{"SMBHMASS": 50000000.0, "SecondaryMass": 10, "PROCAMASS": 7e-19, "p0": 4.83, "e0": 0.1, "BHSpin": 1, "Trajectory Exit Reason": "Integration reached time boundary. Boundary location t = 1025137.18", "mismatch": 0.999688163410667, "faithfulness": 0.2163082989520223, "DeltaNOrbits": -944.0285311056168}