{"SMBHMASS": 600000.0, "SecondaryMass": 10, "PROCAMASS": 7e-18, "p0": 14.041, "e0": 0.6, "BHSpin": 1, "Trajectory Exit Reason": "Separatrix reached!", "mismatch": 8.122835737367495e-11, "faithfulness": 0.9999999998798701, "DeltaNOrbits": 3.5749918629393454e-07}