{"SMBHMASS": 800000.0, "SecondaryMass": 10, "PROCAMASS": 5e-18, "p0": 12.799999999999999, "e0": 0.3, "BHSpin": 1, "Trajectory Exit Reason": "Separatrix reached!", "mismatch": 5.369482636297107e-12, "faithfulness": 0.9999999999907392, "DeltaNOrbits": 1.0021835183539217e-07}