{"SMBHMASS": 800000.0, "SecondaryMass": 10, "PROCAMASS": 9e-18, "p0": 12.106, "e0": 0.7, "BHSpin": 1, "Trajectory Exit Reason": "Separatrix reached!", "mismatch": 4.4970438842883986e-05, "faithfulness": 0.9999228331636313, "DeltaNOrbits": 0.0002598212927860628}