{"SMBHMASS": 400000.0, "SecondaryMass": 10, "PROCAMASS": 7e-18, "p0": 17.35, "e0": 0.2, "BHSpin": 1, "Trajectory Exit Reason": "Separatrix reached!", "mismatch": -1.554312234475219e-14, "faithfulness": 0.9999999999999962, "DeltaNOrbits": 9.81987917780696e-10}