{"SMBHMASS": 300000.0, "SecondaryMass": 10, "PROCAMASS": 9e-18, "p0": 20.1, "e0": 0.1, "BHSpin": 1, "Trajectory Exit Reason": "Separatrix reached!", "mismatch": 7.438494264988549e-15, "faithfulness": 0.9999999999999899, "DeltaNOrbits": 1.8528073920390493e-10}