{"SMBHMASS": 700000.0, "SecondaryMass": 10, "PROCAMASS": 6e-18, "p0": 13.799999999999999, "e0": 0.1, "BHSpin": 1, "Trajectory Exit Reason": "Separatrix reached!", "mismatch": 2.228073281429488e-11, "faithfulness": 0.9999999999571956, "DeltaNOrbits": 2.2211455015764123e-07}