{"SMBHMASS": 700000.0, "SecondaryMass": 10, "PROCAMASS": 8e-18, "p0": 13.7, "e0": 0.3, "BHSpin": 1, "Trajectory Exit Reason": "Separatrix reached!", "mismatch": 1.1693693446890308e-07, "faithfulness": 0.9999997599778914, "DeltaNOrbits": 1.7391265416931014e-05}