{"SMBHMASS": 600000.0, "SecondaryMass": 10, "PROCAMASS": 9e-18, "p0": 14.7, "e0": 0.1, "BHSpin": 1, "Trajectory Exit Reason": "Separatrix reached!", "mismatch": 7.385501477052969e-08, "faithfulness": 0.9999998555996037, "DeltaNOrbits": 1.4039851821989019e-05}