{"SMBHMASS": 400000.0, "SecondaryMass": 10, "PROCAMASS": 9e-18, "p0": 17.150000000000002, "e0": 0.4, "BHSpin": 1, "Trajectory Exit Reason": "Separatrix reached!", "mismatch": 3.1363800445660672e-12, "faithfulness": 0.9999999999967236, "DeltaNOrbits": 6.045710520223418e-08}