{"SMBHMASS": 900000.0, "SecondaryMass": 10, "PROCAMASS": 2e-17, "p0": 11.830000000000002, "e0": 0.4, "BHSpin": 1, "Trajectory Exit Reason": "Separatrix reached!", "mismatch": 0.9743082550354505, "faithfulness": 0.006628558179940298, "DeltaNOrbits": 13.154983285955165}