{"SMBHMASS": 700000.0, "SecondaryMass": 10, "PROCAMASS": 1e-17, "p0": 13.202, "e0": 0.6, "BHSpin": 1, "Trajectory Exit Reason": "Separatrix reached!", "mismatch": 9.912548958124212e-05, "faithfulness": 0.9998283815497327, "DeltaNOrbits": 0.00042803437791213023}