{"SMBHMASS": 500000.0, "SecondaryMass": 10, "PROCAMASS": 1e-17, "p0": 15.2, "e0": 0.5, "BHSpin": 1, "Trajectory Exit Reason": "Separatrix reached!", "mismatch": 1.8402550594487366e-09, "faithfulness": 0.9999999972174776, "DeltaNOrbits": 2.0586542932945875e-06}