{"SMBHMASS": 800000.0, "SecondaryMass": 10, "PROCAMASS": 6e-18, "p0": 12.71, "e0": 0.4, "BHSpin": 1, "Trajectory Exit Reason": "Separatrix reached!", "mismatch": 1.7497792104137488e-10, "faithfulness": 0.99999999964997, "DeltaNOrbits": 6.638794166415117e-07}