{"SMBHMASS": 900000.0, "SecondaryMass": 10, "PROCAMASS": 8e-18, "p0": 11.899999999999999, "e0": 0.3, "BHSpin": 1, "Trajectory Exit Reason": "Separatrix reached!", "mismatch": 1.5170093647043359e-05, "faithfulness": 0.9999657905443837, "DeltaNOrbits": 0.0002010827220241666}