{"SMBHMASS": 700000.0, "SecondaryMass": 10, "PROCAMASS": 6e-18, "p0": 13.479999999999999, "e0": 0.5, "BHSpin": 1, "Trajectory Exit Reason": "Separatrix reached!", "mismatch": 3.5681457788427906e-11, "faithfulness": 0.9999999999404863, "DeltaNOrbits": 2.585592715590493e-07}