{"SMBHMASS": 700000.0, "SecondaryMass": 10, "PROCAMASS": 4e-18, "p0": 13.590000000000002, "e0": 0.4, "BHSpin": 1, "Trajectory Exit Reason": "Separatrix reached!", "mismatch": 4.7628567756419216e-14, "faithfulness": 0.9999999999999895, "DeltaNOrbits": 8.337633264175721e-10}