{"SMBHMASS": 400000.0, "SecondaryMass": 10, "PROCAMASS": 3e-17, "p0": 17.4, "e0": 0.1, "BHSpin": 1, "Trajectory Exit Reason": "Separatrix reached!", "mismatch": 0.8614130668597367, "faithfulness": 0.028300482046961103, "DeltaNOrbits": 0.8472038875589096}