{"SMBHMASS": 900000.0, "SecondaryMass": 10, "PROCAMASS": 3e-18, "p0": 11.523999999999997, "e0": 0.6, "BHSpin": 1, "Trajectory Exit Reason": "Separatrix reached!", "mismatch": 1.0980105713542798e-13, "faithfulness": 0.99999999999992, "DeltaNOrbits": 2.0380881312429541e-10}