{"SMBHMASS": 40000000.0, "SecondaryMass": 10, "PROCAMASS": 2e-19, "p0": 4.83, "e0": 0.3, "BHSpin": 1, "Trajectory Exit Reason": "Integration reached time boundary. Boundary location t = 1281421.47", "mismatch": 1.1136243927012401e-08, "faithfulness": 0.9999728700533779, "DeltaNOrbits": -1.0077285076764466e-05}