{"SMBHMASS": 600000.0, "SecondaryMass": 10, "PROCAMASS": 9e-18, "p0": 14.599999999999998, "e0": 0.3, "BHSpin": 1, "Trajectory Exit Reason": "Separatrix reached!", "mismatch": 7.89566748649051e-08, "faithfulness": 0.9999998542485299, "DeltaNOrbits": 1.4081929077862227e-05}