{"SMBHMASS": 4000000.0, "SecondaryMass": 10, "PROCAMASS": 7e-19, "p0": 6.305, "e0": 0.2, "BHSpin": 1, "Trajectory Exit Reason": "Separatrix reached!", "mismatch": 5.773159728050814e-15, "faithfulness": 0.9999999999999323, "DeltaNOrbits": -4.632018480097623e-11}