{"SMBHMASS": 100000.0, "SecondaryMass": 10, "PROCAMASS": 4e-17, "p0": 32.5, "e0": 0.7, "BHSpin": 1, "Trajectory Exit Reason": "Separatrix reached!", "mismatch": 2.707031454551867e-08, "faithfulness": 0.9999999859375627, "DeltaNOrbits": 3.049665383074514e-06}