{"SMBHMASS": 600000.0, "SecondaryMass": 10, "PROCAMASS": 9e-18, "p0": 14.041, "e0": 0.6, "BHSpin": 1, "Trajectory Exit Reason": "Separatrix reached!", "mismatch": 3.023048789074778e-08, "faithfulness": 0.9999999515747233, "DeltaNOrbits": 7.233045081263801e-06}