{"SMBHMASS": 700000.0, "SecondaryMass": 10, "PROCAMASS": 7e-18, "p0": 13.202, "e0": 0.6, "BHSpin": 1, "Trajectory Exit Reason": "Separatrix reached!", "mismatch": 2.718408498303404e-09, "faithfulness": 0.9999999953441608, "DeltaNOrbits": 2.462510720537339e-06}