{"SMBHMASS": 700000.0, "SecondaryMass": 10, "PROCAMASS": 4e-18, "p0": 13.749999999999996, "e0": 0.2, "BHSpin": 1, "Trajectory Exit Reason": "Separatrix reached!", "mismatch": 1.1151080059335072e-12, "faithfulness": 0.9999999999991082, "DeltaNOrbits": -8.393217485936893e-09}