{"SMBHMASS": 300000.0, "SecondaryMass": 10, "PROCAMASS": 1e-17, "p0": 19.6, "e0": 0.5, "BHSpin": 1, "Trajectory Exit Reason": "Separatrix reached!", "mismatch": 1.673106098110111e-13, "faithfulness": 0.9999999999998945, "DeltaNOrbits": 9.189924664513684e-09}