{"SMBHMASS": 100000.0, "SecondaryMass": 10, "PROCAMASS": 9e-17, "p0": 32.5, "e0": 0.7, "BHSpin": 1, "Trajectory Exit Reason": "Separatrix reached!", "mismatch": 0.8230401240562637, "faithfulness": 0.11514232105979008, "DeltaNOrbits": 0.23308616920606248}