{"SMBHMASS": 100000.0, "SecondaryMass": 10, "PROCAMASS": 8e-17, "p0": 34.8, "e0": 0.3, "BHSpin": 1, "Trajectory Exit Reason": "Separatrix reached!", "mismatch": 0.5044028381916658, "faithfulness": 0.4413473021453955, "DeltaNOrbits": 0.07929872708659294}