{"SMBHMASS": 200000.0, "SecondaryMass": 10, "PROCAMASS": 4e-17, "p0": 27.5, "e0": 0.2, "BHSpin": 1, "Trajectory Exit Reason": "Separatrix reached!", "mismatch": 0.25754436208112463, "faithfulness": 0.633726949805513, "DeltaNOrbits": 0.02900072582387124}