{"SMBHMASS": 800000.0, "SecondaryMass": 10, "PROCAMASS": 6e-18, "p0": 12.849999999999998, "e0": 0.2, "BHSpin": 1, "Trajectory Exit Reason": "Separatrix reached!", "mismatch": 1.5402401576380953e-10, "faithfulness": 0.9999999996637402, "DeltaNOrbits": 6.048860292789884e-07}