{"SMBHMASS": 1000000.0, "SecondaryMass": 10, "PROCAMASS": 4e-18, "p0": 10.9, "e0": 0.5, "BHSpin": 1, "Trajectory Exit Reason": "Separatrix reached!", "mismatch": 2.1325163857000007e-12, "faithfulness": 0.999999999997348, "DeltaNOrbits": 4.412460804140996e-08}