{"SMBHMASS": 100000.0, "SecondaryMass": 10, "PROCAMASS": 3e-17, "p0": 34.5, "e0": 0.4, "BHSpin": 1, "Trajectory Exit Reason": "Separatrix reached!", "mismatch": 9.566791803194974e-12, "faithfulness": 0.9999999999952753, "DeltaNOrbits": 7.111074770645871e-08}