{"SMBHMASS": 900000.0, "SecondaryMass": 10, "PROCAMASS": 4e-18, "p0": 11.999999999999998, "e0": 0.1, "BHSpin": 1, "Trajectory Exit Reason": "Separatrix reached!", "mismatch": 4.1155967522854553e-13, "faithfulness": 0.9999999999994817, "DeltaNOrbits": 1.582297512801348e-08}