{"SMBHMASS": 600000.0, "SecondaryMass": 10, "PROCAMASS": 6e-18, "p0": 14.7, "e0": 0.1, "BHSpin": 1, "Trajectory Exit Reason": "Separatrix reached!", "mismatch": 4.3787196091216174e-13, "faithfulness": 0.999999999999521, "DeltaNOrbits": 1.839837740294776e-08}