{"SMBHMASS": 100000.0, "SecondaryMass": 10, "PROCAMASS": 3e-17, "p0": 34.95, "e0": 0.2, "BHSpin": 1, "Trajectory Exit Reason": "Separatrix reached!", "mismatch": 1.3265721854338608e-11, "faithfulness": 0.9999999999936011, "DeltaNOrbits": 1.009409467182874e-07}