{"SMBHMASS": 800000.0, "SecondaryMass": 10, "PROCAMASS": 7e-18, "p0": 12.62, "e0": 0.5, "BHSpin": 1, "Trajectory Exit Reason": "Separatrix reached!", "mismatch": 7.457699968682618e-08, "faithfulness": 0.9999998530071731, "DeltaNOrbits": 1.3047803160069551e-05}