{"SMBHMASS": 100000.0, "SecondaryMass": 10, "PROCAMASS": 3e-16, "p0": 33.35, "e0": 0.6, "BHSpin": 1, "Trajectory Exit Reason": "Separatrix reached!", "mismatch": 1.0004559430808755, "faithfulness": -0.0007733309351503088, "DeltaNOrbits": 44498.962232188}