{"SMBHMASS": 100000.0, "SecondaryMass": 10, "PROCAMASS": 7e-17, "p0": 34.2, "e0": 0.5, "BHSpin": 1, "Trajectory Exit Reason": "Separatrix reached!", "mismatch": 0.21433086686931546, "faithfulness": 0.8258810832096561, "DeltaNOrbits": 0.01712025967085098}