{"SMBHMASS": 800000.0, "SecondaryMass": 10, "PROCAMASS": 9e-18, "p0": 12.899999999999999, "e0": 0.1, "BHSpin": 1, "Trajectory Exit Reason": "Separatrix reached!", "mismatch": 2.6144968521490952e-05, "faithfulness": 0.9999395608662626, "DeltaNOrbits": 0.00024825039945433543}