{"SMBHMASS": 7000000.0, "SecondaryMass": 10, "PROCAMASS": 3e-18, "p0": 5.352, "e0": 0.1, "BHSpin": 1, "Trajectory Exit Reason": "Separatrix reached!", "mismatch": 0.6750337944633796, "faithfulness": 0.18432941463448121, "DeltaNOrbits": -22.271562603419547}