{"SMBHMASS": 2000000.0, "SecondaryMass": 10, "PROCAMASS": 2e-17, "p0": 8.9, "e0": 0.5, "BHSpin": 1, "Trajectory Exit Reason": "Separatrix reached!", "mismatch": 0.9971843273483302, "faithfulness": -0.00027599143750318066, "DeltaNOrbits": 268.81884602041066}