{"SMBHMASS": 400000.0, "SecondaryMass": 10, "PROCAMASS": 2e-17, "p0": 16.625, "e0": 0.6, "BHSpin": 1, "Trajectory Exit Reason": "Separatrix reached!", "mismatch": 0.009202087633438327, "faithfulness": 0.9881064832037423, "DeltaNOrbits": 0.0035559497831922555}