{"SMBHMASS": 70000000.0, "SecondaryMass": 10, "PROCAMASS": 1e-19, "p0": 4.76, "e0": 0.5, "BHSpin": 1, "Trajectory Exit Reason": "Integration reached time boundary. Boundary location t = 732240.84", "mismatch": 7.862055451113292e-11, "faithfulness": 0.9999872017864558, "DeltaNOrbits": -4.1500511672203653e-07}