{"SMBHMASS": 8000000.0, "SecondaryMass": 10, "PROCAMASS": 7e-19, "p0": 5.148, "e0": 0.2, "BHSpin": 1, "Trajectory Exit Reason": "Separatrix reached!", "mismatch": 1.1892931084389602e-11, "faithfulness": 0.9999999966929373, "DeltaNOrbits": -1.1751291923453266e-06}