{"SMBHMASS": 800000.0, "SecondaryMass": 10, "PROCAMASS": 8e-18, "p0": 12.71, "e0": 0.4, "BHSpin": 1, "Trajectory Exit Reason": "Separatrix reached!", "mismatch": 1.3516544528080487e-06, "faithfulness": 0.9999971871834162, "DeltaNOrbits": 5.7912403945785984e-05}