{"SMBHMASS": 900000.0, "SecondaryMass": 10, "PROCAMASS": 3e-18, "p0": 11.95, "e0": 0.2, "BHSpin": 1, "Trajectory Exit Reason": "Separatrix reached!", "mismatch": -1.354472090042691e-14, "faithfulness": 0.999999999999998, "DeltaNOrbits": 3.7056147840780985e-11}