{"SMBHMASS": 60000000.0, "SecondaryMass": 10, "PROCAMASS": 3e-19, "p0": 4.83, "e0": 0.1, "BHSpin": 1, "Trajectory Exit Reason": "Integration reached time boundary. Boundary location t = 854280.98", "mismatch": 0.8412536288398454, "faithfulness": 0.5779449305701568, "DeltaNOrbits": -0.8065129952556798}