{"SMBHMASS": 400000.0, "SecondaryMass": 10, "PROCAMASS": 7e-18, "p0": 17.3, "e0": 0.3, "BHSpin": 1, "Trajectory Exit Reason": "Separatrix reached!", "mismatch": 3.164135620181696e-14, "faithfulness": 0.9999999999999736, "DeltaNOrbits": 6.670106611340577e-10}