{"SMBHMASS": 700000.0, "SecondaryMass": 10, "PROCAMASS": 4e-18, "p0": 13.202, "e0": 0.6, "BHSpin": 1, "Trajectory Exit Reason": "Separatrix reached!", "mismatch": 6.039613253960852e-14, "faithfulness": 0.9999999999999609, "DeltaNOrbits": 1.0746282873826486e-09}