{"SMBHMASS": 400000.0, "SecondaryMass": 10, "PROCAMASS": 9e-18, "p0": 17.3, "e0": 0.3, "BHSpin": 1, "Trajectory Exit Reason": "Separatrix reached!", "mismatch": 1.6103784972187896e-12, "faithfulness": 0.9999999999983225, "DeltaNOrbits": 4.4930579256946944e-08}