{"SMBHMASS": 400000.0, "SecondaryMass": 10, "PROCAMASS": 4e-17, "p0": 17.4, "e0": 0.1, "BHSpin": 1, "Trajectory Exit Reason": "Separatrix reached!", "mismatch": 0.9698084038411484, "faithfulness": 0.007009537372733136, "DeltaNOrbits": 18.87454736678005}