{"SMBHMASS": 300000.0, "SecondaryMass": 10, "PROCAMASS": 3e-17, "p0": 20.05, "e0": 0.2, "BHSpin": 1, "Trajectory Exit Reason": "Separatrix reached!", "mismatch": 0.42635618135397013, "faithfulness": 0.39495266108603266, "DeltaNOrbits": 0.058307376847122644}