{"SMBHMASS": 60000000.0, "SecondaryMass": 10, "PROCAMASS": 3e-19, "p0": 4.795, "e0": 0.4, "BHSpin": 1, "Trajectory Exit Reason": "Integration reached time boundary. Boundary location t = 854280.98", "mismatch": 0.8249179028859259, "faithfulness": 0.4000540510568731, "DeltaNOrbits": -0.38533436438306706}