{"SMBHMASS": 50000000.0, "SecondaryMass": 10, "PROCAMASS": 2e-19, "p0": 4.76, "e0": 0.5, "BHSpin": 1, "Trajectory Exit Reason": "Integration reached time boundary. Boundary location t = 1025137.18", "mismatch": 2.7577608100459727e-06, "faithfulness": 0.9998391066660002, "DeltaNOrbits": -8.303656134819123e-05}