{"SMBHMASS": 50000000.0, "SecondaryMass": 10, "PROCAMASS": 2e-19, "p0": 4.609999999999999, "e0": 0.6, "BHSpin": 1, "Trajectory Exit Reason": "Integration reached time boundary. Boundary location t = 1025137.18", "mismatch": 2.5887486535536297e-06, "faithfulness": 0.9999110463806333, "DeltaNOrbits": -3.4614724384374286e-05}