{"SMBHMASS": 700000.0, "SecondaryMass": 10, "PROCAMASS": 6e-18, "p0": 13.590000000000002, "e0": 0.4, "BHSpin": 1, "Trajectory Exit Reason": "Separatrix reached!", "mismatch": 8.89754936395093e-12, "faithfulness": 0.9999999999852878, "DeltaNOrbits": 1.2699141865035643e-07}