{"SMBHMASS": 7000000.0, "SecondaryMass": 10, "PROCAMASS": 1e-18, "p0": 5.352, "e0": 0.1, "BHSpin": 1, "Trajectory Exit Reason": "Separatrix reached!", "mismatch": 1.350368372676769e-09, "faithfulness": 0.9999999701783375, "DeltaNOrbits": -2.395595191968305e-05}