{"SMBHMASS": 100000.0, "SecondaryMass": 10, "PROCAMASS": 3e-17, "p0": 34.2, "e0": 0.5, "BHSpin": 1, "Trajectory Exit Reason": "Separatrix reached!", "mismatch": 5.459743768199132e-12, "faithfulness": 0.9999999999972798, "DeltaNOrbits": 5.4898683026117026e-08}