{"SMBHMASS": 3000000.0, "SecondaryMass": 10, "PROCAMASS": 6e-18, "p0": 6.97, "e0": 0.3, "BHSpin": 1, "Trajectory Exit Reason": "Separatrix reached!", "mismatch": 0.9717031710140759, "faithfulness": 0.0028828779479263995, "DeltaNOrbits": 22.39000974994511}