{"SMBHMASS": 800000.0, "SecondaryMass": 10, "PROCAMASS": 9e-18, "p0": 12.106, "e0": 0.7, "BHSpin": 1, "Trajectory Exit Reason": "Separatrix reached!", "mismatch": 5.7710181188497245e-05, "faithfulness": 0.9999010335772611, "DeltaNOrbits": 0.00029876875862052635}