{"SMBHMASS": 700000.0, "SecondaryMass": 10, "PROCAMASS": 5e-18, "p0": 13.479999999999999, "e0": 0.5, "BHSpin": 1, "Trajectory Exit Reason": "Separatrix reached!", "mismatch": 5.889733145636455e-13, "faithfulness": 0.999999999999419, "DeltaNOrbits": 1.9917679464419778e-08}