{"SMBHMASS": 100000.0, "SecondaryMass": 10, "PROCAMASS": 9e-17, "p0": 34.95, "e0": 0.2, "BHSpin": 1, "Trajectory Exit Reason": "Separatrix reached!", "mismatch": 0.7880031275021241, "faithfulness": 0.14008278151115294, "DeltaNOrbits": 0.5424260243152763}