{"SMBHMASS": 400000.0, "SecondaryMass": 10, "PROCAMASS": 9e-18, "p0": 17.150000000000002, "e0": 0.4, "BHSpin": 1, "Trajectory Exit Reason": "Separatrix reached!", "mismatch": 1.7128520823916915e-12, "faithfulness": 0.9999999999982707, "DeltaNOrbits": 4.3503917565076875e-08}