{"SMBHMASS": 700000.0, "SecondaryMass": 10, "PROCAMASS": 6e-18, "p0": 13.749999999999996, "e0": 0.2, "BHSpin": 1, "Trajectory Exit Reason": "Separatrix reached!", "mismatch": 4.4138581678510036e-11, "faithfulness": 0.9999999999164181, "DeltaNOrbits": 3.137173476200518e-07}