{"SMBHMASS": 700000.0, "SecondaryMass": 10, "PROCAMASS": 9e-18, "p0": 13.7, "e0": 0.3, "BHSpin": 1, "Trajectory Exit Reason": "Separatrix reached!", "mismatch": 8.588340486559431e-07, "faithfulness": 0.9999982291772561, "DeltaNOrbits": 4.768798280200122e-05}