{"SMBHMASS": 60000000.0, "SecondaryMass": 10, "PROCAMASS": 7e-19, "p0": 4.83, "e0": 0.3, "BHSpin": 1, "Trajectory Exit Reason": "Integration reached time boundary. Boundary location t = 854280.98", "mismatch": 1.0027595359388357, "faithfulness": 0.3535273375465572, "DeltaNOrbits": -1701.8858792399747}