{"SMBHMASS": 500000.0, "SecondaryMass": 10, "PROCAMASS": 6e-18, "p0": 15.549999999999999, "e0": 0.2, "BHSpin": 1, "Trajectory Exit Reason": "Separatrix reached!", "mismatch": 3.441691376337985e-14, "faithfulness": 0.9999999999999667, "DeltaNOrbits": 1.0005159917010865e-09}