{"SMBHMASS": 50000000.0, "SecondaryMass": 10, "PROCAMASS": 2e-19, "p0": 4.83, "e0": 0.3, "BHSpin": 1, "Trajectory Exit Reason": "Integration reached time boundary. Boundary location t = 1025137.18", "mismatch": 3.931119326727739e-07, "faithfulness": 0.9994501054068494, "DeltaNOrbits": -1.5227266285348186e-05}