{"SMBHMASS": 900000.0, "SecondaryMass": 10, "PROCAMASS": 4e-18, "p0": 11.95, "e0": 0.2, "BHSpin": 1, "Trajectory Exit Reason": "Separatrix reached!", "mismatch": 1.999511667349907e-13, "faithfulness": 0.9999999999997652, "DeltaNOrbits": 9.43078962547876e-09}