{"SMBHMASS": 100000.0, "SecondaryMass": 10, "PROCAMASS": 7e-17, "p0": 35.1, "e0": 0.1, "BHSpin": 1, "Trajectory Exit Reason": "Separatrix reached!", "mismatch": 0.18329465674403866, "faithfulness": 0.8539962294756215, "DeltaNOrbits": 0.01947770077837413}