{"SMBHMASS": 800000.0, "SecondaryMass": 10, "PROCAMASS": 7e-18, "p0": 12.106, "e0": 0.7, "BHSpin": 1, "Trajectory Exit Reason": "Separatrix reached!", "mismatch": 4.748828819067796e-08, "faithfulness": 0.999999918722704, "DeltaNOrbits": 8.583445220877542e-06}