{"SMBHMASS": 500000.0, "SecondaryMass": 10, "PROCAMASS": 6e-18, "p0": 15.350000000000001, "e0": 0.4, "BHSpin": 1, "Trajectory Exit Reason": "Separatrix reached!", "mismatch": 6.755707104844078e-13, "faithfulness": 0.9999999999996125, "DeltaNOrbits": 1.1079788204393515e-08}