{"SMBHMASS": 600000.0, "SecondaryMass": 10, "PROCAMASS": 1e-17, "p0": 14.041, "e0": 0.6, "BHSpin": 1, "Trajectory Exit Reason": "Separatrix reached!", "mismatch": 4.434239443407151e-07, "faithfulness": 0.9999992858627422, "DeltaNOrbits": 2.7232970665816194e-05}