{"SMBHMASS": 50000000.0, "SecondaryMass": 10, "PROCAMASS": 2e-19, "p0": 4.609999999999999, "e0": 0.6, "BHSpin": 1, "Trajectory Exit Reason": "Integration reached time boundary. Boundary location t = 1025137.18", "mismatch": 1.4305035448414216e-06, "faithfulness": 0.9999356633349161, "DeltaNOrbits": 3.632004599199779e-05}