{"SMBHMASS": 700000.0, "SecondaryMass": 10, "PROCAMASS": 4e-18, "p0": 12.924, "e0": 0.7, "BHSpin": 1, "Trajectory Exit Reason": "Separatrix reached!", "mismatch": 1.2312373343092986e-13, "faithfulness": 0.999999999999927, "DeltaNOrbits": 1.9083916138002206e-09}