{"SMBHMASS": 70000000.0, "SecondaryMass": 10, "PROCAMASS": 1e-19, "p0": 4.46, "e0": 0.7, "BHSpin": 1, "Trajectory Exit Reason": "Integration reached time boundary. Boundary location t = 732240.84", "mismatch": 8.171063825557212e-11, "faithfulness": 0.9999839403375229, "DeltaNOrbits": 9.909699806159154e-07}