{"SMBHMASS": 700000.0, "SecondaryMass": 10, "PROCAMASS": 5e-18, "p0": 13.799999999999999, "e0": 0.1, "BHSpin": 1, "Trajectory Exit Reason": "Separatrix reached!", "mismatch": 8.12128142513302e-13, "faithfulness": 0.9999999999990015, "DeltaNOrbits": 2.6235752671272937e-08}