{"SMBHMASS": 400000.0, "SecondaryMass": 10, "PROCAMASS": 7e-17, "p0": 17.150000000000002, "e0": 0.4, "BHSpin": 1, "Trajectory Exit Reason": "Separatrix reached!", "mismatch": 0.9989731166723963, "faithfulness": 0.0008338240652756021, "DeltaNOrbits": 9379.816692527143}