{"SMBHMASS": 100000.0, "SecondaryMass": 10, "PROCAMASS": 3e-17, "p0": 34.95, "e0": 0.2, "BHSpin": 1, "Trajectory Exit Reason": "Separatrix reached!", "mismatch": 4.683697873986148e-12, "faithfulness": 0.9999999999977794, "DeltaNOrbits": 5.991979105854285e-08}