{"SMBHMASS": 700000.0, "SecondaryMass": 10, "PROCAMASS": 4e-18, "p0": 13.799999999999999, "e0": 0.1, "BHSpin": 1, "Trajectory Exit Reason": "Separatrix reached!", "mismatch": 1.7208456881689926e-14, "faithfulness": 0.9999999999999906, "DeltaNOrbits": 5.373141436913243e-10}