{"SMBHMASS": 1000000.0, "SecondaryMass": 10, "PROCAMASS": 4e-18, "p0": 11.0, "e0": 0.3, "BHSpin": 1, "Trajectory Exit Reason": "Separatrix reached!", "mismatch": 2.322475545213365e-12, "faithfulness": 0.9999999999966497, "DeltaNOrbits": 5.061869795050683e-08}