{"SMBHMASS": 700000.0, "SecondaryMass": 10, "PROCAMASS": 8e-18, "p0": 13.202, "e0": 0.6, "BHSpin": 1, "Trajectory Exit Reason": "Separatrix reached!", "mismatch": 5.5274123944570874e-08, "faithfulness": 0.9999999039501398, "DeltaNOrbits": 1.0210024830348624e-05}