{"SMBHMASS": 300000.0, "SecondaryMass": 10, "PROCAMASS": 2e-17, "p0": 19.15, "e0": 0.6, "BHSpin": 1, "Trajectory Exit Reason": "Separatrix reached!", "mismatch": 1.0999082878271338e-05, "faithfulness": 0.9999876617517788, "DeltaNOrbits": 0.00011057402585482898}