{"SMBHMASS": 1000000.0, "SecondaryMass": 10, "PROCAMASS": 6e-18, "p0": 10.685, "e0": 0.6, "BHSpin": 1, "Trajectory Exit Reason": "Separatrix reached!", "mismatch": 9.970460834729522e-08, "faithfulness": 0.9999998090028337, "DeltaNOrbits": 1.5316065553625517e-05}