{"SMBHMASS": 400000.0, "SecondaryMass": 10, "PROCAMASS": 1e-17, "p0": 16.25, "e0": 0.7, "BHSpin": 1, "Trajectory Exit Reason": "Separatrix reached!", "mismatch": 9.694955949157702e-11, "faithfulness": 0.9999999998873489, "DeltaNOrbits": 3.0893710454859104e-07}