{"SMBHMASS": 400000.0, "SecondaryMass": 10, "PROCAMASS": 9e-18, "p0": 17.3, "e0": 0.3, "BHSpin": 1, "Trajectory Exit Reason": "Separatrix reached!", "mismatch": 3.5926817076870066e-12, "faithfulness": 0.9999999999961334, "DeltaNOrbits": 6.890590690993224e-08}