{"SMBHMASS": 70000000.0, "SecondaryMass": 10, "PROCAMASS": 4e-19, "p0": 4.76, "e0": 0.5, "BHSpin": 1, "Trajectory Exit Reason": "Integration reached time boundary. Boundary location t = 732240.84", "mismatch": 0.9921156620492313, "faithfulness": -0.00978232677527413, "DeltaNOrbits": -167.4135299265927}