{"SMBHMASS": 600000.0, "SecondaryMass": 10, "PROCAMASS": 5e-18, "p0": 14.649999999999997, "e0": 0.2, "BHSpin": 1, "Trajectory Exit Reason": "Separatrix reached!", "mismatch": 4.063416270128073e-14, "faithfulness": 0.9999999999999764, "DeltaNOrbits": 8.893475481787436e-10}