{"SMBHMASS": 300000.0, "SecondaryMass": 10, "PROCAMASS": 7e-17, "p0": 19.15, "e0": 0.6, "BHSpin": 1, "Trajectory Exit Reason": "Separatrix reached!", "mismatch": 0.9978838557782551, "faithfulness": 0.0008273234032839622, "DeltaNOrbits": 1706.0800678559265}