{"SMBHMASS": 500000.0, "SecondaryMass": 10, "PROCAMASS": 2e-17, "p0": 15.5, "e0": 0.3, "BHSpin": 1, "Trajectory Exit Reason": "Separatrix reached!", "mismatch": 0.22024628293021642, "faithfulness": 0.6357997525279007, "DeltaNOrbits": 0.027987225543247483}