{"SMBHMASS": 600000.0, "SecondaryMass": 10, "PROCAMASS": 8e-18, "p0": 14.599999999999998, "e0": 0.3, "BHSpin": 1, "Trajectory Exit Reason": "Separatrix reached!", "mismatch": 3.6556411231458696e-09, "faithfulness": 0.9999999932998295, "DeltaNOrbits": 3.022095609080973e-06}