{"SMBHMASS": 600000.0, "SecondaryMass": 10, "PROCAMASS": 5e-18, "p0": 14.7, "e0": 0.1, "BHSpin": 1, "Trajectory Exit Reason": "Separatrix reached!", "mismatch": 7.216449660063518e-14, "faithfulness": 0.9999999999999483, "DeltaNOrbits": 4.798771145381137e-09}