{"SMBHMASS": 20000000.0, "SecondaryMass": 10, "PROCAMASS": 7e-19, "p0": 4.76, "e0": 0.5, "BHSpin": 1, "Trajectory Exit Reason": "Integration reached time boundary. Boundary location t = 2562842.94", "mismatch": 0.19943012525199877, "faithfulness": 0.5860955962764209, "DeltaNOrbits": -0.029987167591857204}