{"SMBHMASS": 90000000.0, "SecondaryMass": 10, "PROCAMASS": 1e-19, "p0": 4.83, "e0": 0.2, "BHSpin": 1, "Trajectory Exit Reason": "Integration reached time boundary. Boundary location t = 569520.65", "mismatch": 8.07782499778753e-08, "faithfulness": 0.9992223264783935, "DeltaNOrbits": -3.213871190896977e-05}