{"SMBHMASS": 600000.0, "SecondaryMass": 10, "PROCAMASS": 7e-18, "p0": 14.599999999999998, "e0": 0.3, "BHSpin": 1, "Trajectory Exit Reason": "Separatrix reached!", "mismatch": 6.881650804757555e-11, "faithfulness": 0.999999999882443, "DeltaNOrbits": 3.906829666853539e-07}