{"SMBHMASS": 600000.0, "SecondaryMass": 10, "PROCAMASS": 6e-18, "p0": 14.469999999999999, "e0": 0.4, "BHSpin": 1, "Trajectory Exit Reason": "Separatrix reached!", "mismatch": 1.4169776463290873e-12, "faithfulness": 0.9999999999983776, "DeltaNOrbits": 3.8686618345775345e-08}