{"SMBHMASS": 800000.0, "SecondaryMass": 10, "PROCAMASS": 7e-18, "p0": 12.799999999999999, "e0": 0.3, "BHSpin": 1, "Trajectory Exit Reason": "Separatrix reached!", "mismatch": 4.972840550454549e-08, "faithfulness": 0.9999998912276992, "DeltaNOrbits": 1.1493964768809924e-05}