{"SMBHMASS": 800000.0, "SecondaryMass": 10, "PROCAMASS": 3e-17, "p0": 12.106, "e0": 0.7, "BHSpin": 1, "Trajectory Exit Reason": "Separatrix reached!", "mismatch": 0.9959256063251574, "faithfulness": 0.001870217677399169, "DeltaNOrbits": 430.4120197238865}