{"SMBHMASS": 800000.0, "SecondaryMass": 10, "PROCAMASS": 5e-18, "p0": 12.799999999999999, "e0": 0.3, "BHSpin": 1, "Trajectory Exit Reason": "Separatrix reached!", "mismatch": 7.0005112817739246e-12, "faithfulness": 0.9999999999882274, "DeltaNOrbits": 1.1165017344427311e-07}