{"SMBHMASS": 1000000.0, "SecondaryMass": 10, "PROCAMASS": 9e-18, "p0": 11.1, "e0": 0.1, "BHSpin": 1, "Trajectory Exit Reason": "Separatrix reached!", "mismatch": 0.007589250524614122, "faithfulness": 0.9813242804893249, "DeltaNOrbits": 0.0046701072716102835}