{"SMBHMASS": 900000.0, "SecondaryMass": 10, "PROCAMASS": 7e-18, "p0": 11.288, "e0": 0.7, "BHSpin": 1, "Trajectory Exit Reason": "Separatrix reached!", "mismatch": 1.960518468235861e-06, "faithfulness": 0.9999965214005484, "DeltaNOrbits": 5.8920219998611706e-05}