{"SMBHMASS": 60000000.0, "SecondaryMass": 10, "PROCAMASS": 6e-19, "p0": 4.609999999999999, "e0": 0.6, "BHSpin": 1, "Trajectory Exit Reason": "Integration reached time boundary. Boundary location t = 854280.98", "mismatch": 0.9946911451391475, "faithfulness": 0.20448861344008376, "DeltaNOrbits": -1136.9048295300267}