{"SMBHMASS": 700000.0, "SecondaryMass": 10, "PROCAMASS": 7e-18, "p0": 13.7, "e0": 0.3, "BHSpin": 1, "Trajectory Exit Reason": "Separatrix reached!", "mismatch": 1.0433979236168511e-09, "faithfulness": 0.9999999978859118, "DeltaNOrbits": 1.5920988639052347e-06}