{"SMBHMASS": 800000.0, "SecondaryMass": 10, "PROCAMASS": 6e-18, "p0": 12.899999999999999, "e0": 0.1, "BHSpin": 1, "Trajectory Exit Reason": "Separatrix reached!", "mismatch": 4.695014377276152e-10, "faithfulness": 0.999999998937282, "DeltaNOrbits": 1.1482032689205193e-06}