{"SMBHMASS": 800000.0, "SecondaryMass": 10, "PROCAMASS": 7e-18, "p0": 12.62, "e0": 0.5, "BHSpin": 1, "Trajectory Exit Reason": "Separatrix reached!", "mismatch": 2.0378998155656802e-08, "faithfulness": 0.9999999597434827, "DeltaNOrbits": 6.819072325660517e-06}