{"SMBHMASS": 700000.0, "SecondaryMass": 10, "PROCAMASS": 6e-18, "p0": 13.749999999999996, "e0": 0.2, "BHSpin": 1, "Trajectory Exit Reason": "Separatrix reached!", "mismatch": 2.8970048582266372e-11, "faithfulness": 0.999999999945274, "DeltaNOrbits": 2.509627612516892e-07}