{"SMBHMASS": 900000.0, "SecondaryMass": 10, "PROCAMASS": 4e-17, "p0": 11.999999999999998, "e0": 0.1, "BHSpin": 1, "Trajectory Exit Reason": "Separatrix reached!", "mismatch": 0.998808109852347, "faithfulness": 7.385883734600621e-05, "DeltaNOrbits": 1839.7530457593773}