{"SMBHMASS": 90000000.0, "SecondaryMass": 10, "PROCAMASS": 1e-19, "p0": 4.83, "e0": 0.3, "BHSpin": 1, "Trajectory Exit Reason": "Integration reached time boundary. Boundary location t = 569520.65", "mismatch": 5.2182442811243845e-09, "faithfulness": 0.9972245892873051, "DeltaNOrbits": 8.148132177134137e-06}