{"SMBHMASS": 100000.0, "SecondaryMass": 10, "PROCAMASS": 4e-17, "p0": 32.5, "e0": 0.7, "BHSpin": 1, "Trajectory Exit Reason": "Separatrix reached!", "mismatch": 5.823330262444415e-08, "faithfulness": 0.9999999701937033, "DeltaNOrbits": 4.494373418943042e-06}