{"SMBHMASS": 800000.0, "SecondaryMass": 10, "PROCAMASS": 4e-18, "p0": 12.71, "e0": 0.4, "BHSpin": 1, "Trajectory Exit Reason": "Separatrix reached!", "mismatch": 9.481304630298837e-14, "faithfulness": 0.9999999999999291, "DeltaNOrbits": 3.427693675272241e-09}