{"SMBHMASS": 700000.0, "SecondaryMass": 10, "PROCAMASS": 8e-18, "p0": 13.749999999999996, "e0": 0.2, "BHSpin": 1, "Trajectory Exit Reason": "Separatrix reached!", "mismatch": 2.9742900586882115e-08, "faithfulness": 0.9999999362455126, "DeltaNOrbits": 9.000697445564736e-06}