{"SMBHMASS": 700000.0, "SecondaryMass": 10, "PROCAMASS": 6e-18, "p0": 13.799999999999999, "e0": 0.1, "BHSpin": 1, "Trajectory Exit Reason": "Separatrix reached!", "mismatch": 6.216249737178714e-12, "faithfulness": 0.9999999999887166, "DeltaNOrbits": 1.2834396804654493e-07}