{"SMBHMASS": 900000.0, "SecondaryMass": 10, "PROCAMASS": 3e-18, "p0": 11.899999999999999, "e0": 0.3, "BHSpin": 1, "Trajectory Exit Reason": "Separatrix reached!", "mismatch": 3.615996391204135e-13, "faithfulness": 0.9999999999996857, "DeltaNOrbits": -1.0005159917010865e-09}