{"SMBHMASS": 400000.0, "SecondaryMass": 10, "PROCAMASS": 9e-18, "p0": 16.625, "e0": 0.6, "BHSpin": 1, "Trajectory Exit Reason": "Separatrix reached!", "mismatch": 9.139355938714289e-13, "faithfulness": 0.9999999999991631, "DeltaNOrbits": 2.6495145706158404e-08}