{"SMBHMASS": 600000.0, "SecondaryMass": 10, "PROCAMASS": 8e-18, "p0": 14.041, "e0": 0.6, "BHSpin": 1, "Trajectory Exit Reason": "Separatrix reached!", "mismatch": 1.8251488098641744e-09, "faithfulness": 0.9999999971372077, "DeltaNOrbits": 1.761371347241922e-06}