{"SMBHMASS": 30000000.0, "SecondaryMass": 10, "PROCAMASS": 1e-19, "p0": 4.83, "e0": 0.3, "BHSpin": 1, "Trajectory Exit Reason": "Integration reached time boundary. Boundary location t = 1708561.96", "mismatch": 4.551914400963142e-15, "faithfulness": 0.9999999999526706, "DeltaNOrbits": -1.3896055440292869e-11}