{"SMBHMASS": 500000.0, "SecondaryMass": 10, "PROCAMASS": 8e-18, "p0": 14.56, "e0": 0.7, "BHSpin": 1, "Trajectory Exit Reason": "Separatrix reached!", "mismatch": 3.834554895831843e-11, "faithfulness": 0.9999999999532303, "DeltaNOrbits": 2.0038111944902318e-07}