{"SMBHMASS": 100000.0, "SecondaryMass": 10, "PROCAMASS": 8e-17, "p0": 35.1, "e0": 0.1, "BHSpin": 1, "Trajectory Exit Reason": "Separatrix reached!", "mismatch": 0.35978782668141085, "faithfulness": 0.6281239575413721, "DeltaNOrbits": 0.0473643874341074}