{"SMBHMASS": 300000.0, "SecondaryMass": 10, "PROCAMASS": 1e-17, "p0": 20.05, "e0": 0.2, "BHSpin": 1, "Trajectory Exit Reason": "Separatrix reached!", "mismatch": 2.4147350785597155e-13, "faithfulness": 0.9999999999998637, "DeltaNOrbits": 8.597026299061189e-09}