{"SMBHMASS": 700000.0, "SecondaryMass": 10, "PROCAMASS": 6e-18, "p0": 13.590000000000002, "e0": 0.4, "BHSpin": 1, "Trajectory Exit Reason": "Separatrix reached!", "mismatch": 3.220002042780834e-11, "faithfulness": 0.9999999999441475, "DeltaNOrbits": 2.513518508040174e-07}