{"SMBHMASS": 600000.0, "SecondaryMass": 10, "PROCAMASS": 9e-18, "p0": 14.649999999999997, "e0": 0.2, "BHSpin": 1, "Trajectory Exit Reason": "Separatrix reached!", "mismatch": 1.2345813260594696e-08, "faithfulness": 0.9999999760395619, "DeltaNOrbits": 5.768363781709092e-06}