{"SMBHMASS": 500000.0, "SecondaryMass": 10, "PROCAMASS": 9e-18, "p0": 15.350000000000001, "e0": 0.4, "BHSpin": 1, "Trajectory Exit Reason": "Separatrix reached!", "mismatch": 8.906952952969505e-11, "faithfulness": 0.9999999998656167, "DeltaNOrbits": 4.542342602322933e-07}