{"SMBHMASS": 300000.0, "SecondaryMass": 10, "PROCAMASS": 2e-17, "p0": 19.800000000000004, "e0": 0.4, "BHSpin": 1, "Trajectory Exit Reason": "Separatrix reached!", "mismatch": 1.9405427842067446e-05, "faithfulness": 0.9999774107215318, "DeltaNOrbits": 0.00017264477807093782}