{"SMBHMASS": 800000.0, "SecondaryMass": 10, "PROCAMASS": 1e-17, "p0": 12.71, "e0": 0.4, "BHSpin": 1, "Trajectory Exit Reason": "Separatrix reached!", "mismatch": 0.00035465094250930473, "faithfulness": 0.9992606781345519, "DeltaNOrbits": 0.0009787619392461952}