{"SMBHMASS": 400000.0, "SecondaryMass": 10, "PROCAMASS": 2e-17, "p0": 16.625, "e0": 0.6, "BHSpin": 1, "Trajectory Exit Reason": "Separatrix reached!", "mismatch": 0.027706311146945994, "faithfulness": 0.9644014785405728, "DeltaNOrbits": 0.006637430759567612}