{"SMBHMASS": 700000.0, "SecondaryMass": 10, "PROCAMASS": 5e-18, "p0": 13.749999999999996, "e0": 0.2, "BHSpin": 1, "Trajectory Exit Reason": "Separatrix reached!", "mismatch": 4.050093593832571e-13, "faithfulness": 0.9999999999995904, "DeltaNOrbits": 1.4970683727675517e-08}