{"SMBHMASS": 100000.0, "SecondaryMass": 10, "PROCAMASS": 9e-17, "p0": 34.95, "e0": 0.2, "BHSpin": 1, "Trajectory Exit Reason": "Separatrix reached!", "mismatch": 0.6848142110273193, "faithfulness": 0.23111682680133688, "DeltaNOrbits": 0.23108789008682726}