{"SMBHMASS": 1000000.0, "SecondaryMass": 10, "PROCAMASS": 6e-18, "p0": 10.47, "e0": 0.7, "BHSpin": 1, "Trajectory Exit Reason": "Separatrix reached!", "mismatch": 7.701534332493765e-08, "faithfulness": 0.9999998632271995, "DeltaNOrbits": 1.020846847213931e-05}