{"SMBHMASS": 7000000.0, "SecondaryMass": 10, "PROCAMASS": 7e-19, "p0": 5.307, "e0": 0.2, "BHSpin": 1, "Trajectory Exit Reason": "Separatrix reached!", "mismatch": 7.218670106112768e-13, "faithfulness": 0.999999999884421, "DeltaNOrbits": -1.2250762476162194e-07}