{"SMBHMASS": 100000.0, "SecondaryMass": 10, "PROCAMASS": 4e-17, "p0": 33.35, "e0": 0.6, "BHSpin": 1, "Trajectory Exit Reason": "Separatrix reached!", "mismatch": 8.906721249424265e-09, "faithfulness": 0.99999999570306, "DeltaNOrbits": 2.096303339500821e-06}