{"SMBHMASS": 1000000.0, "SecondaryMass": 10, "PROCAMASS": 6e-18, "p0": 10.9, "e0": 0.5, "BHSpin": 1, "Trajectory Exit Reason": "Separatrix reached!", "mismatch": 7.79287435692666e-08, "faithfulness": 0.9999998397557077, "DeltaNOrbits": 1.4498931173551495e-05}