{"SMBHMASS": 800000.0, "SecondaryMass": 10, "PROCAMASS": 4e-18, "p0": 12.849999999999998, "e0": 0.2, "BHSpin": 1, "Trajectory Exit Reason": "Separatrix reached!", "mismatch": 5.384581669432009e-14, "faithfulness": 0.9999999999999513, "DeltaNOrbits": 2.5012899792527164e-09}