{"SMBHMASS": 300000.0, "SecondaryMass": 10, "PROCAMASS": 9e-18, "p0": 20.0, "e0": 0.3, "BHSpin": 1, "Trajectory Exit Reason": "Separatrix reached!", "mismatch": 7.183142969324763e-14, "faithfulness": 0.9999999999999868, "DeltaNOrbits": 1.1116844352234296e-09}