{"SMBHMASS": 800000.0, "SecondaryMass": 10, "PROCAMASS": 4e-18, "p0": 12.899999999999999, "e0": 0.1, "BHSpin": 1, "Trajectory Exit Reason": "Separatrix reached!", "mismatch": 5.504485756091526e-13, "faithfulness": 0.999999999999517, "DeltaNOrbits": 6.2254328372512055e-09}