{"SMBHMASS": 100000.0, "SecondaryMass": 10, "PROCAMASS": 2e-16, "p0": 32.5, "e0": 0.7, "BHSpin": 1, "Trajectory Exit Reason": "Separatrix reached!", "mismatch": 0.9988065436193733, "faithfulness": 0.0010584729947055273, "DeltaNOrbits": 12772.543084379422}