{"SMBHMASS": 40000000.0, "SecondaryMass": 10, "PROCAMASS": 5e-19, "p0": 4.795, "e0": 0.4, "BHSpin": 1, "Trajectory Exit Reason": "Integration reached time boundary. Boundary location t = 1281421.47", "mismatch": 0.9517018359896205, "faithfulness": 0.08182061740936701, "DeltaNOrbits": -4.918871203297536}