{"SMBHMASS": 100000.0, "SecondaryMass": 10, "PROCAMASS": 9e-17, "p0": 34.5, "e0": 0.4, "BHSpin": 1, "Trajectory Exit Reason": "Separatrix reached!", "mismatch": 0.7481075255235947, "faithfulness": 0.16946246390202552, "DeltaNOrbits": 0.29224931930475845}