{"SMBHMASS": 100000.0, "SecondaryMass": 10, "PROCAMASS": 4e-17, "p0": 34.95, "e0": 0.2, "BHSpin": 1, "Trajectory Exit Reason": "Separatrix reached!", "mismatch": 3.0464391342910346e-08, "faithfulness": 0.9999999848668337, "DeltaNOrbits": 4.892560255566154e-06}