{"SMBHMASS": 500000.0, "SecondaryMass": 10, "PROCAMASS": 7e-18, "p0": 15.6, "e0": 0.1, "BHSpin": 1, "Trajectory Exit Reason": "Separatrix reached!", "mismatch": 1.1652900866465643e-12, "faithfulness": 0.9999999999988288, "DeltaNOrbits": 3.272057854340961e-08}