{"SMBHMASS": 700000.0, "SecondaryMass": 10, "PROCAMASS": 7e-18, "p0": 13.749999999999996, "e0": 0.2, "BHSpin": 1, "Trajectory Exit Reason": "Separatrix reached!", "mismatch": 3.0909076409457725e-09, "faithfulness": 0.9999999934922943, "DeltaNOrbits": 2.970846956617173e-06}