{"SMBHMASS": 80000000.0, "SecondaryMass": 10, "PROCAMASS": 1e-19, "p0": 4.76, "e0": 0.5, "BHSpin": 1, "Trajectory Exit Reason": "Integration reached time boundary. Boundary location t = 640710.74", "mismatch": 4.913001006023876e-09, "faithfulness": 0.9999871866809699, "DeltaNOrbits": -4.836001572917232e-06}