{"SMBHMASS": 800000.0, "SecondaryMass": 10, "PROCAMASS": 1e-17, "p0": 12.106, "e0": 0.7, "BHSpin": 1, "Trajectory Exit Reason": "Separatrix reached!", "mismatch": 0.0028173916810440014, "faithfulness": 0.9951626608756559, "DeltaNOrbits": 0.0020901214476372826}