{"SMBHMASS": 100000.0, "SecondaryMass": 10, "PROCAMASS": 3e-17, "p0": 34.8, "e0": 0.3, "BHSpin": 1, "Trajectory Exit Reason": "Separatrix reached!", "mismatch": 1.3522072350724557e-11, "faithfulness": 0.9999999999934206, "DeltaNOrbits": 9.445612084615073e-08}