{"SMBHMASS": 200000.0, "SecondaryMass": 10, "PROCAMASS": 2e-17, "p0": 27.150000000000002, "e0": 0.4, "BHSpin": 1, "Trajectory Exit Reason": "Separatrix reached!", "mismatch": 1.652886605363335e-09, "faithfulness": 0.9999999982615204, "DeltaNOrbits": 1.3134922163643228e-06}