{"SMBHMASS": 4000000.0, "SecondaryMass": 10, "PROCAMASS": 3e-18, "p0": 6.305, "e0": 0.2, "BHSpin": 1, "Trajectory Exit Reason": "Separatrix reached!", "mismatch": 0.004405625950770653, "faithfulness": 0.9942665693354429, "DeltaNOrbits": -0.026340715933142824}