{"SMBHMASS": 600000.0, "SecondaryMass": 10, "PROCAMASS": 7e-18, "p0": 14.7, "e0": 0.1, "BHSpin": 1, "Trajectory Exit Reason": "Separatrix reached!", "mismatch": 2.2379875730393906e-11, "faithfulness": 0.9999999999607797, "DeltaNOrbits": 2.2367090836695402e-07}