{"SMBHMASS": 700000.0, "SecondaryMass": 10, "PROCAMASS": 7e-18, "p0": 13.590000000000002, "e0": 0.4, "BHSpin": 1, "Trajectory Exit Reason": "Separatrix reached!", "mismatch": 1.7378217753716285e-09, "faithfulness": 0.9999999966475392, "DeltaNOrbits": 1.9893592968323273e-06}