{"SMBHMASS": 50000000.0, "SecondaryMass": 10, "PROCAMASS": 2e-19, "p0": 4.83, "e0": 0.2, "BHSpin": 1, "Trajectory Exit Reason": "Integration reached time boundary. Boundary location t = 1025137.18", "mismatch": 6.751830796680736e-07, "faithfulness": 0.9992431529164694, "DeltaNOrbits": -7.655917218172436e-05}