{"SMBHMASS": 900000.0, "SecondaryMass": 10, "PROCAMASS": 1e-17, "p0": 11.95, "e0": 0.2, "BHSpin": 1, "Trajectory Exit Reason": "Separatrix reached!", "mismatch": 0.007057145429757772, "faithfulness": 0.9834440565439033, "DeltaNOrbits": 0.0044078620620816595}