{"SMBHMASS": 500000.0, "SecondaryMass": 10, "PROCAMASS": 9e-18, "p0": 15.2, "e0": 0.5, "BHSpin": 1, "Trajectory Exit Reason": "Separatrix reached!", "mismatch": 3.005949933410079e-10, "faithfulness": 0.9999999995639242, "DeltaNOrbits": 7.512392851761529e-07}