{"SMBHMASS": 700000.0, "SecondaryMass": 10, "PROCAMASS": 6e-18, "p0": 13.7, "e0": 0.3, "BHSpin": 1, "Trajectory Exit Reason": "Separatrix reached!", "mismatch": 1.09880993193201e-11, "faithfulness": 0.9999999999807854, "DeltaNOrbits": 1.5011445490300377e-07}