{"SMBHMASS": 500000.0, "SecondaryMass": 10, "PROCAMASS": 2e-17, "p0": 15.2, "e0": 0.5, "BHSpin": 1, "Trajectory Exit Reason": "Separatrix reached!", "mismatch": 0.42681158050988766, "faithfulness": 0.3505116527420393, "DeltaNOrbits": 0.04982461234616518}