{"SMBHMASS": 700000.0, "SecondaryMass": 10, "PROCAMASS": 5e-18, "p0": 13.7, "e0": 0.3, "BHSpin": 1, "Trajectory Exit Reason": "Separatrix reached!", "mismatch": 1.8540724511240114e-13, "faithfulness": 0.9999999999997933, "DeltaNOrbits": 1.0764810947746877e-08}