{"SMBHMASS": 100000.0, "SecondaryMass": 10, "PROCAMASS": 7e-17, "p0": 34.2, "e0": 0.5, "BHSpin": 1, "Trajectory Exit Reason": "Separatrix reached!", "mismatch": 0.09248171611790834, "faithfulness": 0.9464986012848153, "DeltaNOrbits": 0.008596525411110825}