{"SMBHMASS": 600000.0, "SecondaryMass": 10, "PROCAMASS": 1e-17, "p0": 14.339999999999998, "e0": 0.5, "BHSpin": 1, "Trajectory Exit Reason": "Separatrix reached!", "mismatch": 1.2997324642105568e-06, "faithfulness": 0.999997800891628, "DeltaNOrbits": 4.947709067590196e-05}