{"SMBHMASS": 40000000.0, "SecondaryMass": 10, "PROCAMASS": 1e-19, "p0": 4.83, "e0": 0.3, "BHSpin": 1, "Trajectory Exit Reason": "Integration reached time boundary. Boundary location t = 1281421.47", "mismatch": 5.218048215738236e-15, "faithfulness": 0.9999999937193557, "DeltaNOrbits": 4.990999912305189e-10}