{"SMBHMASS": 600000.0, "SecondaryMass": 10, "PROCAMASS": 1e-17, "p0": 14.469999999999999, "e0": 0.4, "BHSpin": 1, "Trajectory Exit Reason": "Separatrix reached!", "mismatch": 1.1639094588122845e-06, "faithfulness": 0.9999979379937405, "DeltaNOrbits": 5.130558923495746e-05}