{"SMBHMASS": 500000.0, "SecondaryMass": 10, "PROCAMASS": 8e-18, "p0": 14.56, "e0": 0.7, "BHSpin": 1, "Trajectory Exit Reason": "Separatrix reached!", "mismatch": 3.1340929851353394e-11, "faithfulness": 0.9999999999619329, "DeltaNOrbits": 1.8365026869891055e-07}