{"SMBHMASS": 800000.0, "SecondaryMass": 10, "PROCAMASS": 9e-18, "p0": 12.62, "e0": 0.5, "BHSpin": 1, "Trajectory Exit Reason": "Separatrix reached!", "mismatch": 3.369511224771138e-05, "faithfulness": 0.9999335237847965, "DeltaNOrbits": 0.00026966824147986744}