{"SMBHMASS": 300000.0, "SecondaryMass": 10, "PROCAMASS": 1e-17, "p0": 18.7, "e0": 0.7, "BHSpin": 1, "Trajectory Exit Reason": "Separatrix reached!", "mismatch": 1.7386092565629951e-13, "faithfulness": 0.9999999999999104, "DeltaNOrbits": 5.224916845550119e-09}