{"SMBHMASS": 300000.0, "SecondaryMass": 10, "PROCAMASS": 1e-17, "p0": 18.7, "e0": 0.7, "BHSpin": 1, "Trajectory Exit Reason": "Separatrix reached!", "mismatch": 1.1746159600534156e-13, "faithfulness": 0.9999999999999245, "DeltaNOrbits": 5.66959061963949e-09}