{"SMBHMASS": 700000.0, "SecondaryMass": 10, "PROCAMASS": 4e-18, "p0": 12.924, "e0": 0.7, "BHSpin": 1, "Trajectory Exit Reason": "Separatrix reached!", "mismatch": 3.8835601401387976e-13, "faithfulness": 0.9999999999997805, "DeltaNOrbits": 2.093672353004126e-09}