{"SMBHMASS": 800000.0, "SecondaryMass": 10, "PROCAMASS": 6e-18, "p0": 12.62, "e0": 0.5, "BHSpin": 1, "Trajectory Exit Reason": "Separatrix reached!", "mismatch": 4.796061325862411e-10, "faithfulness": 0.9999999990804631, "DeltaNOrbits": 1.0079086931953224e-06}