{"SMBHMASS": 1000000.0, "SecondaryMass": 10, "PROCAMASS": 9e-18, "p0": 11.1, "e0": 0.1, "BHSpin": 1, "Trajectory Exit Reason": "Separatrix reached!", "mismatch": 0.00960905721312233, "faithfulness": 0.9762328351155389, "DeltaNOrbits": 0.005342124625935257}