{"SMBHMASS": 100000.0, "SecondaryMass": 10, "PROCAMASS": 3e-17, "p0": 32.5, "e0": 0.7, "BHSpin": 1, "Trajectory Exit Reason": "Separatrix reached!", "mismatch": 4.036437850629682e-12, "faithfulness": 0.9999999999980691, "DeltaNOrbits": 3.922393248946667e-08}