{"SMBHMASS": 200000.0, "SecondaryMass": 10, "PROCAMASS": 2e-17, "p0": 27.4, "e0": 0.3, "BHSpin": 1, "Trajectory Exit Reason": "Separatrix reached!", "mismatch": 1.655810044631778e-09, "faithfulness": 0.9999999982232676, "DeltaNOrbits": 1.3400985305140036e-06}