{"SMBHMASS": 500000.0, "SecondaryMass": 10, "PROCAMASS": 8e-18, "p0": 15.2, "e0": 0.5, "BHSpin": 1, "Trajectory Exit Reason": "Separatrix reached!", "mismatch": 1.3907985874084261e-11, "faithfulness": 0.9999999999821929, "DeltaNOrbits": 1.459456382709159e-07}