{"SMBHMASS": 60000000.0, "SecondaryMass": 10, "PROCAMASS": 1e-19, "p0": 4.83, "e0": 0.3, "BHSpin": 1, "Trajectory Exit Reason": "Integration reached time boundary. Boundary location t = 854280.98", "mismatch": 3.4828806505515786e-12, "faithfulness": 0.9999992576462248, "DeltaNOrbits": -1.8193526385665442e-07}