{"SMBHMASS": 500000.0, "SecondaryMass": 10, "PROCAMASS": 1e-17, "p0": 15.5, "e0": 0.3, "BHSpin": 1, "Trajectory Exit Reason": "Separatrix reached!", "mismatch": 2.179247671207918e-09, "faithfulness": 0.9999999964604566, "DeltaNOrbits": 2.3079124717456007e-06}