{"SMBHMASS": 100000.0, "SecondaryMass": 10, "PROCAMASS": 6e-17, "p0": 34.8, "e0": 0.3, "BHSpin": 1, "Trajectory Exit Reason": "Separatrix reached!", "mismatch": 0.0055337057922240085, "faithfulness": 0.9972080217163198, "DeltaNOrbits": 0.002015611761826276}