{"SMBHMASS": 700000.0, "SecondaryMass": 10, "PROCAMASS": 7e-18, "p0": 13.479999999999999, "e0": 0.5, "BHSpin": 1, "Trajectory Exit Reason": "Separatrix reached!", "mismatch": 4.78935491265986e-09, "faithfulness": 0.9999999911979927, "DeltaNOrbits": 3.2779312537737245e-06}