{"SMBHMASS": 1000000.0, "SecondaryMass": 10, "PROCAMASS": 3e-18, "p0": 10.47, "e0": 0.7, "BHSpin": 1, "Trajectory Exit Reason": "Separatrix reached!", "mismatch": 4.218847493575595e-14, "faithfulness": 0.9999999999999825, "DeltaNOrbits": 9.171396590593293e-10}