{"SMBHMASS": 100000.0, "SecondaryMass": 10, "PROCAMASS": 6e-17, "p0": 35.1, "e0": 0.1, "BHSpin": 1, "Trajectory Exit Reason": "Separatrix reached!", "mismatch": 0.003845398687395307, "faithfulness": 0.9980647130780262, "DeltaNOrbits": 0.0017672320364159764}