{"SMBHMASS": 1000000.0, "SecondaryMass": 10, "PROCAMASS": 9e-18, "p0": 10.47, "e0": 0.7, "BHSpin": 1, "Trajectory Exit Reason": "Separatrix reached!", "mismatch": 0.004961486495202672, "faithfulness": 0.9911987457918963, "DeltaNOrbits": 0.00303974397931566}