{"SMBHMASS": 50000000.0, "SecondaryMass": 10, "PROCAMASS": 4e-19, "p0": 4.609999999999999, "e0": 0.6, "BHSpin": 1, "Trajectory Exit Reason": "Integration reached time boundary. Boundary location t = 1025137.18", "mismatch": 0.9410405343094799, "faithfulness": 0.12664458005080995, "DeltaNOrbits": -2.5599407649047796}