{"SMBHMASS": 70000000.0, "SecondaryMass": 10, "PROCAMASS": 1e-19, "p0": 4.83, "e0": 0.3, "BHSpin": 1, "Trajectory Exit Reason": "Integration reached time boundary. Boundary location t = 732240.84", "mismatch": 3.218292299322911e-11, "faithfulness": 0.9998972795336103, "DeltaNOrbits": -9.782707229504177e-08}