{"SMBHMASS": 800000.0, "SecondaryMass": 10, "PROCAMASS": 9e-18, "p0": 12.71, "e0": 0.4, "BHSpin": 1, "Trajectory Exit Reason": "Separatrix reached!", "mismatch": 8.052891276399965e-05, "faithfulness": 0.9998322787952654, "DeltaNOrbits": 0.00044277753689206335}