{"SMBHMASS": 500000.0, "SecondaryMass": 10, "PROCAMASS": 6e-18, "p0": 15.350000000000001, "e0": 0.4, "BHSpin": 1, "Trajectory Exit Reason": "Separatrix reached!", "mismatch": 6.750155989720952e-14, "faithfulness": 0.9999999999999644, "DeltaNOrbits": 1.7786950963574872e-09}