{"SMBHMASS": 2000000.0, "SecondaryMass": 10, "PROCAMASS": 4e-18, "p0": 8.985, "e0": 0.3, "BHSpin": 1, "Trajectory Exit Reason": "Separatrix reached!", "mismatch": 1.1160535754672907e-05, "faithfulness": 0.9999663903137503, "DeltaNOrbits": 6.446370854714902e-05}