{"SMBHMASS": 500000.0, "SecondaryMass": 10, "PROCAMASS": 1e-17, "p0": 14.879999999999999, "e0": 0.6, "BHSpin": 1, "Trajectory Exit Reason": "Separatrix reached!", "mismatch": 9.821223945216673e-09, "faithfulness": 0.9999999861678298, "DeltaNOrbits": 3.987908518329168e-06}