{"SMBHMASS": 100000.0, "SecondaryMass": 10, "PROCAMASS": 5e-17, "p0": 34.95, "e0": 0.2, "BHSpin": 1, "Trajectory Exit Reason": "Separatrix reached!", "mismatch": 5.508963344502682e-06, "faithfulness": 0.9999973975130152, "DeltaNOrbits": 6.782427501060769e-05}