{"SMBHMASS": 1000000.0, "SecondaryMass": 10, "PROCAMASS": 2e-17, "p0": 11.1, "e0": 0.1, "BHSpin": 1, "Trajectory Exit Reason": "Separatrix reached!", "mismatch": 0.9930123244472931, "faithfulness": 0.000699772529002026, "DeltaNOrbits": 153.81941527376935}