{"SMBHMASS": 300000.0, "SecondaryMass": 10, "PROCAMASS": 9e-18, "p0": 18.7, "e0": 0.7, "BHSpin": 1, "Trajectory Exit Reason": "Separatrix reached!", "mismatch": 4.792832797306801e-13, "faithfulness": 0.9999999999997902, "DeltaNOrbits": 9.634598438603056e-09}