{"SMBHMASS": 800000.0, "SecondaryMass": 10, "PROCAMASS": 4e-18, "p0": 12.363, "e0": 0.6, "BHSpin": 1, "Trajectory Exit Reason": "Separatrix reached!", "mismatch": 1.1213252548714081e-13, "faithfulness": 0.9999999999999216, "DeltaNOrbits": 3.742670931918879e-09}