{"SMBHMASS": 100000.0, "SecondaryMass": 10, "PROCAMASS": 6e-17, "p0": 34.2, "e0": 0.5, "BHSpin": 1, "Trajectory Exit Reason": "Separatrix reached!", "mismatch": 0.0034421476127860506, "faithfulness": 0.9982128165605875, "DeltaNOrbits": 0.0014070245459728767}