{"SMBHMASS": 600000.0, "SecondaryMass": 10, "PROCAMASS": 7e-18, "p0": 14.469999999999999, "e0": 0.4, "BHSpin": 1, "Trajectory Exit Reason": "Separatrix reached!", "mismatch": 3.0275115747713244e-11, "faithfulness": 0.9999999999519001, "DeltaNOrbits": 2.6130142649926713e-07}