{"SMBHMASS": 900000.0, "SecondaryMass": 10, "PROCAMASS": 5e-18, "p0": 11.830000000000002, "e0": 0.4, "BHSpin": 1, "Trajectory Exit Reason": "Separatrix reached!", "mismatch": 3.3462455029109606e-11, "faithfulness": 0.9999999999362038, "DeltaNOrbits": 2.702134300549749e-07}