{"SMBHMASS": 700000.0, "SecondaryMass": 10, "PROCAMASS": 8e-18, "p0": 13.7, "e0": 0.3, "BHSpin": 1, "Trajectory Exit Reason": "Separatrix reached!", "mismatch": 1.7822871833939047e-07, "faithfulness": 0.9999996340497733, "DeltaNOrbits": 2.1670046167736393e-05}