{"SMBHMASS": 800000.0, "SecondaryMass": 10, "PROCAMASS": 8e-18, "p0": 12.363, "e0": 0.6, "BHSpin": 1, "Trajectory Exit Reason": "Separatrix reached!", "mismatch": 6.485254949728514e-07, "faithfulness": 0.9999988072240147, "DeltaNOrbits": 3.3259550949716806e-05}