{"SMBHMASS": 500000.0, "SecondaryMass": 10, "PROCAMASS": 7e-18, "p0": 15.5, "e0": 0.3, "BHSpin": 1, "Trajectory Exit Reason": "Separatrix reached!", "mismatch": 3.7891911830456593e-13, "faithfulness": 0.9999999999996656, "DeltaNOrbits": 1.628617697602324e-08}