{"SMBHMASS": 400000.0, "SecondaryMass": 10, "PROCAMASS": 8e-17, "p0": 17.0, "e0": 0.5, "BHSpin": 1, "Trajectory Exit Reason": "Separatrix reached!", "mismatch": 0.9989732357984015, "faithfulness": 0.0010232688857818991, "DeltaNOrbits": 8922.224544664397}