{"SMBHMASS": 400000.0, "SecondaryMass": 10, "PROCAMASS": 7e-18, "p0": 17.4, "e0": 0.1, "BHSpin": 1, "Trajectory Exit Reason": "Separatrix reached!", "mismatch": 6.80566714095221e-14, "faithfulness": 0.9999999999999509, "DeltaNOrbits": 2.0566162051633444e-09}