{"SMBHMASS": 100000.0, "SecondaryMass": 10, "PROCAMASS": 7e-17, "p0": 34.95, "e0": 0.2, "BHSpin": 1, "Trajectory Exit Reason": "Separatrix reached!", "mismatch": 0.1295640598402218, "faithfulness": 0.9150251735600171, "DeltaNOrbits": 0.013694983223686615}