{"SMBHMASS": 900000.0, "SecondaryMass": 10, "PROCAMASS": 1e-17, "p0": 11.288, "e0": 0.7, "BHSpin": 1, "Trajectory Exit Reason": "Separatrix reached!", "mismatch": 0.028144654568545424, "faithfulness": 0.9503200589835927, "DeltaNOrbits": 0.00701267920145873}