{"SMBHMASS": 600000.0, "SecondaryMass": 10, "PROCAMASS": 9e-18, "p0": 13.741999999999999, "e0": 0.7, "BHSpin": 1, "Trajectory Exit Reason": "Separatrix reached!", "mismatch": 4.9025253634482624e-08, "faithfulness": 0.9999999259196029, "DeltaNOrbits": 8.023573147188143e-06}