{"SMBHMASS": 300000.0, "SecondaryMass": 10, "PROCAMASS": 2e-17, "p0": 19.6, "e0": 0.5, "BHSpin": 1, "Trajectory Exit Reason": "Separatrix reached!", "mismatch": 3.1292789839820756e-05, "faithfulness": 0.9999645341861422, "DeltaNOrbits": 0.00021255565742907688}