{"SMBHMASS": 1000000.0, "SecondaryMass": 10, "PROCAMASS": 1e-17, "p0": 11.0, "e0": 0.3, "BHSpin": 1, "Trajectory Exit Reason": "Separatrix reached!", "mismatch": 0.10286001471152817, "faithfulness": 0.7692454467759411, "DeltaNOrbits": 0.018126871250647283}