{"SMBHMASS": 700000.0, "SecondaryMass": 10, "PROCAMASS": 6e-18, "p0": 13.7, "e0": 0.3, "BHSpin": 1, "Trajectory Exit Reason": "Separatrix reached!", "mismatch": 8.511524818288763e-12, "faithfulness": 0.9999999999853841, "DeltaNOrbits": 1.377377015241829e-07}