{"SMBHMASS": 1000000.0, "SecondaryMass": 10, "PROCAMASS": 1e-17, "p0": 10.685, "e0": 0.6, "BHSpin": 1, "Trajectory Exit Reason": "Separatrix reached!", "mismatch": 0.015020094728737554, "faithfulness": 0.9717096806803471, "DeltaNOrbits": 0.0051180549470973506}