{"SMBHMASS": 600000.0, "SecondaryMass": 10, "PROCAMASS": 5e-18, "p0": 14.599999999999998, "e0": 0.3, "BHSpin": 1, "Trajectory Exit Reason": "Separatrix reached!", "mismatch": 3.175237850427948e-14, "faithfulness": 0.9999999999999747, "DeltaNOrbits": 2.371593461809983e-09}