{"SMBHMASS": 600000.0, "SecondaryMass": 10, "PROCAMASS": 1e-17, "p0": 13.741999999999999, "e0": 0.7, "BHSpin": 1, "Trajectory Exit Reason": "Separatrix reached!", "mismatch": 3.0223653202376966e-07, "faithfulness": 0.9999995370367314, "DeltaNOrbits": 2.1312528453368537e-05}