{"SMBHMASS": 600000.0, "SecondaryMass": 10, "PROCAMASS": 6e-18, "p0": 14.7, "e0": 0.1, "BHSpin": 1, "Trajectory Exit Reason": "Separatrix reached!", "mismatch": 1.849853603630436e-12, "faithfulness": 0.9999999999976039, "DeltaNOrbits": 4.9507013515283397e-08}