{"SMBHMASS": 800000.0, "SecondaryMass": 10, "PROCAMASS": 7e-18, "p0": 12.106, "e0": 0.7, "BHSpin": 1, "Trajectory Exit Reason": "Separatrix reached!", "mismatch": 8.039634169509924e-08, "faithfulness": 0.9999998623966135, "DeltaNOrbits": 1.1286681941825554e-05}