{"SMBHMASS": 300000.0, "SecondaryMass": 10, "PROCAMASS": 6e-17, "p0": 20.0, "e0": 0.3, "BHSpin": 1, "Trajectory Exit Reason": "Separatrix reached!", "mismatch": 0.9929870251557885, "faithfulness": 0.0024191092975129275, "DeltaNOrbits": 306.1742684898505}