{"SMBHMASS": 800000.0, "SecondaryMass": 10, "PROCAMASS": 1e-17, "p0": 12.71, "e0": 0.4, "BHSpin": 1, "Trajectory Exit Reason": "Separatrix reached!", "mismatch": 0.0012143213711326428, "faithfulness": 0.9974736357623986, "DeltaNOrbits": 0.0017224678948470564}