{"SMBHMASS": 50000000.0, "SecondaryMass": 10, "PROCAMASS": 1e-19, "p0": 4.83, "e0": 0.2, "BHSpin": 1, "Trajectory Exit Reason": "Integration reached time boundary. Boundary location t = 1025137.18", "mismatch": 2.8110846983508964e-13, "faithfulness": 0.999999543686296, "DeltaNOrbits": -1.4116076318097507e-09}