{"SMBHMASS": 1000000.0, "SecondaryMass": 10, "PROCAMASS": 9e-18, "p0": 10.47, "e0": 0.7, "BHSpin": 1, "Trajectory Exit Reason": "Separatrix reached!", "mismatch": 0.011109987131502574, "faithfulness": 0.9801498471149119, "DeltaNOrbits": 0.004487456509123045}