{"SMBHMASS": 300000.0, "SecondaryMass": 10, "PROCAMASS": 8e-17, "p0": 19.6, "e0": 0.5, "BHSpin": 1, "Trajectory Exit Reason": "Separatrix reached!", "mismatch": 0.9982600911186158, "faithfulness": 0.0014694701125450539, "DeltaNOrbits": 6474.513376915702}