{"SMBHMASS": 900000.0, "SecondaryMass": 10, "PROCAMASS": 3e-18, "p0": 11.288, "e0": 0.7, "BHSpin": 1, "Trajectory Exit Reason": "Separatrix reached!", "mismatch": 4.773959005888173e-15, "faithfulness": 0.9999999999999996, "DeltaNOrbits": -2.593930348854669e-10}