{"SMBHMASS": 900000.0, "SecondaryMass": 10, "PROCAMASS": 4e-18, "p0": 11.999999999999998, "e0": 0.1, "BHSpin": 1, "Trajectory Exit Reason": "Separatrix reached!", "mismatch": 2.4580337765200966e-13, "faithfulness": 0.9999999999997132, "DeltaNOrbits": 1.0079272212692428e-08}