{"SMBHMASS": 70000000.0, "SecondaryMass": 10, "PROCAMASS": 1e-19, "p0": 4.83, "e0": 0.1, "BHSpin": 1, "Trajectory Exit Reason": "Integration reached time boundary. Boundary location t = 732240.84", "mismatch": 2.1784885007036792e-10, "faithfulness": 0.9999989991872263, "DeltaNOrbits": -1.8092536802753112e-06}