{"SMBHMASS": 30000000.0, "SecondaryMass": 10, "PROCAMASS": 3e-19, "p0": 4.46, "e0": 0.7, "BHSpin": 1, "Trajectory Exit Reason": "Integration reached time boundary. Boundary location t = 1708561.96", "mismatch": 2.754046128927712e-07, "faithfulness": 0.9999932563193561, "DeltaNOrbits": 7.893462527293288e-05}