{"SMBHMASS": 800000.0, "SecondaryMass": 10, "PROCAMASS": 5e-18, "p0": 12.849999999999998, "e0": 0.2, "BHSpin": 1, "Trajectory Exit Reason": "Separatrix reached!", "mismatch": 5.857980767132176e-12, "faithfulness": 0.9999999999892721, "DeltaNOrbits": 1.1150194885290998e-07}