{"SMBHMASS": 1000000.0, "SecondaryMass": 10, "PROCAMASS": 9e-18, "p0": 11.0, "e0": 0.3, "BHSpin": 1, "Trajectory Exit Reason": "Separatrix reached!", "mismatch": 0.002674932939305652, "faithfulness": 0.9939726349572867, "DeltaNOrbits": 0.0027938037620221256}