{"SMBHMASS": 800000.0, "SecondaryMass": 10, "PROCAMASS": 4e-18, "p0": 12.71, "e0": 0.4, "BHSpin": 1, "Trajectory Exit Reason": "Separatrix reached!", "mismatch": 3.241851231905457e-14, "faithfulness": 0.9999999999999741, "DeltaNOrbits": 2.2789530922080306e-09}