{"SMBHMASS": 80000000.0, "SecondaryMass": 10, "PROCAMASS": 5e-19, "p0": 4.46, "e0": 0.7, "BHSpin": 1, "Trajectory Exit Reason": "PN Semilatus Rectum flux larger than zero! Breaking.", "mismatch": 0.9962993795749471, "faithfulness": 0.5227094623667431, "DeltaNOrbits": -871.8118696819286}