{"SMBHMASS": 400000.0, "SecondaryMass": 10, "PROCAMASS": 8e-18, "p0": 16.625, "e0": 0.6, "BHSpin": 1, "Trajectory Exit Reason": "Separatrix reached!", "mismatch": 4.886091531375314e-13, "faithfulness": 0.9999999999996604, "DeltaNOrbits": 1.5341245206083328e-08}