{"SMBHMASS": 300000.0, "SecondaryMass": 10, "PROCAMASS": 3e-17, "p0": 19.6, "e0": 0.5, "BHSpin": 1, "Trajectory Exit Reason": "Separatrix reached!", "mismatch": 0.25946221750151655, "faithfulness": 0.6673033681758195, "DeltaNOrbits": 0.025110639069543934}