{"SMBHMASS": 700000.0, "SecondaryMass": 10, "PROCAMASS": 9e-18, "p0": 13.202, "e0": 0.6, "BHSpin": 1, "Trajectory Exit Reason": "Separatrix reached!", "mismatch": 4.076939322250617e-06, "faithfulness": 0.9999929434711174, "DeltaNOrbits": 8.736466730578655e-05}