{"SMBHMASS": 300000.0, "SecondaryMass": 10, "PROCAMASS": 9e-18, "p0": 19.15, "e0": 0.6, "BHSpin": 1, "Trajectory Exit Reason": "Separatrix reached!", "mismatch": 3.5771385853422544e-13, "faithfulness": 0.9999999999998359, "DeltaNOrbits": -6.299545132932767e-10}