{"SMBHMASS": 300000.0, "SecondaryMass": 10, "PROCAMASS": 5e-17, "p0": 20.0, "e0": 0.3, "BHSpin": 1, "Trajectory Exit Reason": "Separatrix reached!", "mismatch": 0.961188199072362, "faithfulness": 0.013522382769140645, "DeltaNOrbits": 10.385821850370663}