{"SMBHMASS": 400000.0, "SecondaryMass": 10, "PROCAMASS": 3e-17, "p0": 17.150000000000002, "e0": 0.4, "BHSpin": 1, "Trajectory Exit Reason": "Separatrix reached!", "mismatch": 0.869998724751455, "faithfulness": 0.042018218067706815, "DeltaNOrbits": 0.8201133457732377}