{"SMBHMASS": 400000.0, "SecondaryMass": 10, "PROCAMASS": 7e-18, "p0": 16.25, "e0": 0.7, "BHSpin": 1, "Trajectory Exit Reason": "Separatrix reached!", "mismatch": 5.1514348342607263e-14, "faithfulness": 0.9999999999999866, "DeltaNOrbits": 2.2418969443672497e-09}