{"SMBHMASS": 400000.0, "SecondaryMass": 10, "PROCAMASS": 7e-18, "p0": 17.35, "e0": 0.2, "BHSpin": 1, "Trajectory Exit Reason": "Separatrix reached!", "mismatch": 2.1316282072803006e-13, "faithfulness": 0.999999999999881, "DeltaNOrbits": 4.817299219301528e-09}