{"SMBHMASS": 700000.0, "SecondaryMass": 10, "PROCAMASS": 1e-17, "p0": 13.749999999999996, "e0": 0.2, "BHSpin": 1, "Trajectory Exit Reason": "Separatrix reached!", "mismatch": 5.052963422635948e-05, "faithfulness": 0.9998923242068213, "DeltaNOrbits": 0.0003633808492476668}