{"SMBHMASS": 400000.0, "SecondaryMass": 10, "PROCAMASS": 2e-17, "p0": 16.25, "e0": 0.7, "BHSpin": 1, "Trajectory Exit Reason": "Separatrix reached!", "mismatch": 0.01149498682058403, "faithfulness": 0.9856730234936902, "DeltaNOrbits": 0.0034386813048369546}