{"SMBHMASS": 800000.0, "SecondaryMass": 10, "PROCAMASS": 8e-18, "p0": 12.899999999999999, "e0": 0.1, "BHSpin": 1, "Trajectory Exit Reason": "Separatrix reached!", "mismatch": 2.5594745413082265e-06, "faithfulness": 0.9999939828929064, "DeltaNOrbits": 9.62859534265285e-05}