{"SMBHMASS": 20000000.0, "SecondaryMass": 10, "PROCAMASS": 2e-19, "p0": 4.609999999999999, "e0": 0.6, "BHSpin": 1, "Trajectory Exit Reason": "Integration reached time boundary. Boundary location t = 2562842.94", "mismatch": -1.3766765505351941e-14, "faithfulness": 0.9999999999985227, "DeltaNOrbits": -8.499753910979139e-10}