{"SMBHMASS": 100000.0, "SecondaryMass": 10, "PROCAMASS": 6e-17, "p0": 34.95, "e0": 0.2, "BHSpin": 1, "Trajectory Exit Reason": "Separatrix reached!", "mismatch": 0.002923817301827447, "faithfulness": 0.9985240665734265, "DeltaNOrbits": 0.001515777095408666}