{"SMBHMASS": 400000.0, "SecondaryMass": 10, "PROCAMASS": 9e-18, "p0": 17.35, "e0": 0.2, "BHSpin": 1, "Trajectory Exit Reason": "Separatrix reached!", "mismatch": 2.762567952174777e-12, "faithfulness": 0.9999999999967903, "DeltaNOrbits": 7.355645346395026e-08}