{"SMBHMASS": 700000.0, "SecondaryMass": 10, "PROCAMASS": 6e-18, "p0": 13.7, "e0": 0.3, "BHSpin": 1, "Trajectory Exit Reason": "Separatrix reached!", "mismatch": 5.457068130709786e-11, "faithfulness": 0.9999999998978737, "DeltaNOrbits": 3.5320067314440394e-07}