{"SMBHMASS": 800000.0, "SecondaryMass": 10, "PROCAMASS": 8e-18, "p0": 12.799999999999999, "e0": 0.3, "BHSpin": 1, "Trajectory Exit Reason": "Separatrix reached!", "mismatch": 3.589957427996282e-07, "faithfulness": 0.9999992108450231, "DeltaNOrbits": 3.167570634274311e-05}