{"SMBHMASS": 700000.0, "SecondaryMass": 10, "PROCAMASS": 5e-17, "p0": 13.799999999999999, "e0": 0.1, "BHSpin": 1, "Trajectory Exit Reason": "Separatrix reached!", "mismatch": 1.0001292505891937, "faithfulness": -0.0006865412274482407, "DeltaNOrbits": 17028.20605541572}