{"SMBHMASS": 100000.0, "SecondaryMass": 10, "PROCAMASS": 3e-17, "p0": 34.5, "e0": 0.4, "BHSpin": 1, "Trajectory Exit Reason": "Separatrix reached!", "mismatch": 1.1027179169786905e-11, "faithfulness": 0.9999999999945681, "DeltaNOrbits": 7.963366170983833e-08}