{"SMBHMASS": 1000000.0, "SecondaryMass": 10, "PROCAMASS": 6e-18, "p0": 11.1, "e0": 0.1, "BHSpin": 1, "Trajectory Exit Reason": "Separatrix reached!", "mismatch": 5.62168011031261e-08, "faithfulness": 0.9999998628708117, "DeltaNOrbits": 1.256851894389689e-05}