{"SMBHMASS": 800000.0, "SecondaryMass": 10, "PROCAMASS": 9e-18, "p0": 12.899999999999999, "e0": 0.1, "BHSpin": 1, "Trajectory Exit Reason": "Separatrix reached!", "mismatch": 4.3196999090278076e-05, "faithfulness": 0.9998992563534423, "DeltaNOrbits": 0.00035477783838072934}