{"SMBHMASS": 900000.0, "SecondaryMass": 10, "PROCAMASS": 5e-18, "p0": 11.899999999999999, "e0": 0.3, "BHSpin": 1, "Trajectory Exit Reason": "Separatrix reached!", "mismatch": 3.0806135420391456e-11, "faithfulness": 0.9999999999383855, "DeltaNOrbits": 2.60727056207735e-07}