{"SMBHMASS": 600000.0, "SecondaryMass": 10, "PROCAMASS": 6e-18, "p0": 14.649999999999997, "e0": 0.2, "BHSpin": 1, "Trajectory Exit Reason": "Separatrix reached!", "mismatch": 9.791056854169256e-13, "faithfulness": 0.9999999999988581, "DeltaNOrbits": 3.0960411520972514e-08}