{"SMBHMASS": 500000.0, "SecondaryMass": 10, "PROCAMASS": 2e-17, "p0": 15.5, "e0": 0.3, "BHSpin": 1, "Trajectory Exit Reason": "Separatrix reached!", "mismatch": 0.33198473981230237, "faithfulness": 0.45421206252468904, "DeltaNOrbits": 0.039990795869425375}