{"SMBHMASS": 200000.0, "SecondaryMass": 10, "PROCAMASS": 2e-17, "p0": 26.900000000000002, "e0": 0.5, "BHSpin": 1, "Trajectory Exit Reason": "Separatrix reached!", "mismatch": 1.865542942347531e-09, "faithfulness": 0.9999999980944894, "DeltaNOrbits": 1.2935930649738234e-06}