{"SMBHMASS": 80000000.0, "SecondaryMass": 10, "PROCAMASS": 1e-19, "p0": 4.46, "e0": 0.7, "BHSpin": 1, "Trajectory Exit Reason": "Integration reached time boundary. Boundary location t = 640710.74", "mismatch": 5.261737268114075e-09, "faithfulness": 0.9999927018699879, "DeltaNOrbits": -2.91850804280362e-06}