{"SMBHMASS": 900000.0, "SecondaryMass": 10, "PROCAMASS": 5e-18, "p0": 11.759999999999998, "e0": 0.5, "BHSpin": 1, "Trajectory Exit Reason": "Separatrix reached!", "mismatch": 9.520140231700225e-11, "faithfulness": 0.9999999998192504, "DeltaNOrbits": 4.534931372754777e-07}