{"SMBHMASS": 20000000.0, "SecondaryMass": 10, "PROCAMASS": 2e-19, "p0": 4.83, "e0": 0.3, "BHSpin": 1, "Trajectory Exit Reason": "Integration reached time boundary. Boundary location t = 2562842.94", "mismatch": -1.1324274851176597e-14, "faithfulness": 0.9999999999334008, "DeltaNOrbits": -1.3293893037880179e-09}