{"SMBHMASS": 700000.0, "SecondaryMass": 10, "PROCAMASS": 6e-18, "p0": 13.590000000000002, "e0": 0.4, "BHSpin": 1, "Trajectory Exit Reason": "Separatrix reached!", "mismatch": 1.6077361664201817e-11, "faithfulness": 0.9999999999726887, "DeltaNOrbits": 1.74182422925591e-07}