{"SMBHMASS": 40000000.0, "SecondaryMass": 10, "PROCAMASS": 3e-19, "p0": 4.76, "e0": 0.5, "BHSpin": 1, "Trajectory Exit Reason": "Integration reached time boundary. Boundary location t = 1281421.47", "mismatch": 0.0011009026449162462, "faithfulness": 0.9966053604861619, "DeltaNOrbits": -0.0021294375735065683}