{"SMBHMASS": 100000.0, "SecondaryMass": 10, "PROCAMASS": 8e-17, "p0": 34.8, "e0": 0.3, "BHSpin": 1, "Trajectory Exit Reason": "Separatrix reached!", "mismatch": 0.37468021047100264, "faithfulness": 0.6119606760822759, "DeltaNOrbits": 0.045165119659879294}