{"SMBHMASS": 60000000.0, "SecondaryMass": 10, "PROCAMASS": 1e-19, "p0": 4.83, "e0": 0.3, "BHSpin": 1, "Trajectory Exit Reason": "Integration reached time boundary. Boundary location t = 854280.98", "mismatch": 7.895017972714413e-12, "faithfulness": 0.9999843399906966, "DeltaNOrbits": 1.8412505059312057e-07}