{"SMBHMASS": 100000.0, "SecondaryMass": 10, "PROCAMASS": 5e-17, "p0": 34.5, "e0": 0.4, "BHSpin": 1, "Trajectory Exit Reason": "Separatrix reached!", "mismatch": 3.5109482032003037e-05, "faithfulness": 0.9999823820758005, "DeltaNOrbits": 0.00015336398261945754}