{"SMBHMASS": 1000000.0, "SecondaryMass": 10, "PROCAMASS": 7e-18, "p0": 10.685, "e0": 0.6, "BHSpin": 1, "Trajectory Exit Reason": "Separatrix reached!", "mismatch": 9.542398575090871e-06, "faithfulness": 0.9999816603495725, "DeltaNOrbits": 0.00015105876598246734}