{"SMBHMASS": 900000.0, "SecondaryMass": 10, "PROCAMASS": 5e-18, "p0": 11.523999999999997, "e0": 0.6, "BHSpin": 1, "Trajectory Exit Reason": "Separatrix reached!", "mismatch": 7.682698921485098e-11, "faithfulness": 0.9999999998638202, "DeltaNOrbits": 4.002805089761162e-07}