{"SMBHMASS": 100000.0, "SecondaryMass": 10, "PROCAMASS": 6e-17, "p0": 32.5, "e0": 0.7, "BHSpin": 1, "Trajectory Exit Reason": "Separatrix reached!", "mismatch": 0.005914278311734744, "faithfulness": 0.9969217862345899, "DeltaNOrbits": 0.0014149556177110174}