{"SMBHMASS": 300000.0, "SecondaryMass": 10, "PROCAMASS": 3e-17, "p0": 19.800000000000004, "e0": 0.4, "BHSpin": 1, "Trajectory Exit Reason": "Separatrix reached!", "mismatch": 0.4279071322290665, "faithfulness": 0.41379696626711354, "DeltaNOrbits": 0.050608853669855666}