{"SMBHMASS": 600000.0, "SecondaryMass": 10, "PROCAMASS": 7e-18, "p0": 14.7, "e0": 0.1, "BHSpin": 1, "Trajectory Exit Reason": "Separatrix reached!", "mismatch": 6.450107115085757e-11, "faithfulness": 0.9999999998836284, "DeltaNOrbits": 3.917205388248958e-07}