{"SMBHMASS": 1000000.0, "SecondaryMass": 10, "PROCAMASS": 1e-17, "p0": 11.1, "e0": 0.1, "BHSpin": 1, "Trajectory Exit Reason": "Separatrix reached!", "mismatch": 0.10082112138559407, "faithfulness": 0.7571391661333894, "DeltaNOrbits": 0.017770747088303205}