{"SMBHMASS": 400000.0, "SecondaryMass": 10, "PROCAMASS": 7e-18, "p0": 17.3, "e0": 0.3, "BHSpin": 1, "Trajectory Exit Reason": "Separatrix reached!", "mismatch": 4.884981308350689e-14, "faithfulness": 0.9999999999999727, "DeltaNOrbits": 1.8157512441982681e-09}