{"SMBHMASS": 6000000.0, "SecondaryMass": 10, "PROCAMASS": 8e-19, "p0": 5.526, "e0": 0.1, "BHSpin": 1, "Trajectory Exit Reason": "Separatrix reached!", "mismatch": 6.992184609089236e-13, "faithfulness": 0.9999999998680896, "DeltaNOrbits": -1.1503154693474438e-07}