{"SMBHMASS": 600000.0, "SecondaryMass": 10, "PROCAMASS": 1e-17, "p0": 13.741999999999999, "e0": 0.7, "BHSpin": 1, "Trajectory Exit Reason": "Separatrix reached!", "mismatch": 2.534077136462365e-06, "faithfulness": 0.9999961910418744, "DeltaNOrbits": 5.7570431285437335e-05}