{"SMBHMASS": 7000000.0, "SecondaryMass": 10, "PROCAMASS": 6e-19, "p0": 5.307, "e0": 0.2, "BHSpin": 1, "Trajectory Exit Reason": "Separatrix reached!", "mismatch": 8.1601392309949e-14, "faithfulness": 0.9999999999787269, "DeltaNOrbits": -1.176995895792806e-08}