{"SMBHMASS": 100000.0, "SecondaryMass": 10, "PROCAMASS": 4e-17, "p0": 34.2, "e0": 0.5, "BHSpin": 1, "Trajectory Exit Reason": "Separatrix reached!", "mismatch": 3.052870056752255e-08, "faithfulness": 0.9999999843821354, "DeltaNOrbits": 4.143025553190677e-06}