{"SMBHMASS": 1000000.0, "SecondaryMass": 10, "PROCAMASS": 1e-17, "p0": 11.1, "e0": 0.1, "BHSpin": 1, "Trajectory Exit Reason": "Separatrix reached!", "mismatch": 0.12298164914691034, "faithfulness": 0.7041523968839649, "DeltaNOrbits": 0.02015924295229973}