{"SMBHMASS": 100000.0, "SecondaryMass": 10, "PROCAMASS": 3e-17, "p0": 34.2, "e0": 0.5, "BHSpin": 1, "Trajectory Exit Reason": "Separatrix reached!", "mismatch": 2.28694840842536e-12, "faithfulness": 0.9999999999989466, "DeltaNOrbits": 3.403607179175733e-08}