{"SMBHMASS": 900000.0, "SecondaryMass": 10, "PROCAMASS": 8e-18, "p0": 11.288, "e0": 0.7, "BHSpin": 1, "Trajectory Exit Reason": "Separatrix reached!", "mismatch": 2.0269874241973795e-05, "faithfulness": 0.9999643085949643, "DeltaNOrbits": 0.00018092169483687642}