{"SMBHMASS": 500000.0, "SecondaryMass": 10, "PROCAMASS": 7e-18, "p0": 15.6, "e0": 0.1, "BHSpin": 1, "Trajectory Exit Reason": "Separatrix reached!", "mismatch": 6.791234241632083e-13, "faithfulness": 0.9999999999993748, "DeltaNOrbits": 2.638397726263606e-08}