{"SMBHMASS": 500000.0, "SecondaryMass": 10, "PROCAMASS": 8e-18, "p0": 15.5, "e0": 0.3, "BHSpin": 1, "Trajectory Exit Reason": "Separatrix reached!", "mismatch": 1.0329515021112456e-11, "faithfulness": 0.9999999999860176, "DeltaNOrbits": 1.3629251175839247e-07}