{"SMBHMASS": 900000.0, "SecondaryMass": 10, "PROCAMASS": 7e-18, "p0": 11.759999999999998, "e0": 0.5, "BHSpin": 1, "Trajectory Exit Reason": "Separatrix reached!", "mismatch": 1.501012814264513e-06, "faithfulness": 0.9999969194018854, "DeltaNOrbits": 6.159313552658899e-05}