{"SMBHMASS": 3000000.0, "SecondaryMass": 10, "PROCAMASS": 8e-18, "p0": 6.9350000000000005, "e0": 0.4, "BHSpin": 1, "Trajectory Exit Reason": "Separatrix reached!", "mismatch": 0.9955665595235861, "faithfulness": 0.0027020243775417985, "DeltaNOrbits": 0.3913364188725545}