{"SMBHMASS": 70000000.0, "SecondaryMass": 10, "PROCAMASS": 6e-19, "p0": 4.83, "e0": 0.2, "BHSpin": 1, "Trajectory Exit Reason": "Integration reached time boundary. Boundary location t = 732240.84", "mismatch": 0.9933363883154386, "faithfulness": 0.738071619363993, "DeltaNOrbits": -1557.621607248886}