{"SMBHMASS": 1000000.0, "SecondaryMass": 10, "PROCAMASS": 6e-18, "p0": 11.05, "e0": 0.2, "BHSpin": 1, "Trajectory Exit Reason": "Separatrix reached!", "mismatch": 3.117154845355685e-08, "faithfulness": 0.9999999270038239, "DeltaNOrbits": 9.38243135254654e-06}