{"SMBHMASS": 800000.0, "SecondaryMass": 10, "PROCAMASS": 4e-18, "p0": 12.71, "e0": 0.4, "BHSpin": 1, "Trajectory Exit Reason": "Separatrix reached!", "mismatch": 4.1300296516055823e-14, "faithfulness": 0.9999999999999613, "DeltaNOrbits": 2.593930348854669e-09}