{"SMBHMASS": 900000.0, "SecondaryMass": 10, "PROCAMASS": 6e-18, "p0": 11.899999999999999, "e0": 0.3, "BHSpin": 1, "Trajectory Exit Reason": "Separatrix reached!", "mismatch": 7.603694673896655e-09, "faithfulness": 0.99999998293049, "DeltaNOrbits": 4.339682529781702e-06}