{"SMBHMASS": 6000000.0, "SecondaryMass": 10, "PROCAMASS": 8e-19, "p0": 5.526, "e0": 0.1, "BHSpin": 1, "Trajectory Exit Reason": "Separatrix reached!", "mismatch": 7.046585537295869e-13, "faithfulness": 0.9999999999045758, "DeltaNOrbits": -1.0196925482086908e-07}