{"SMBHMASS": 700000.0, "SecondaryMass": 10, "PROCAMASS": 3e-17, "p0": 13.7, "e0": 0.3, "BHSpin": 1, "Trajectory Exit Reason": "Separatrix reached!", "mismatch": 0.9787929491361615, "faithfulness": -0.00010370963587405207, "DeltaNOrbits": 20.035969565133357}