{"SMBHMASS": 100000.0, "SecondaryMass": 10, "PROCAMASS": 4e-17, "p0": 33.35, "e0": 0.6, "BHSpin": 1, "Trajectory Exit Reason": "Separatrix reached!", "mismatch": 2.943400378985217e-08, "faithfulness": 0.9999999848649994, "DeltaNOrbits": 3.6787120207456914e-06}