{"SMBHMASS": 900000.0, "SecondaryMass": 10, "PROCAMASS": 7e-18, "p0": 11.759999999999998, "e0": 0.5, "BHSpin": 1, "Trajectory Exit Reason": "Separatrix reached!", "mismatch": 1.1992582418240971e-06, "faithfulness": 0.9999975435475615, "DeltaNOrbits": 5.4214885930011094e-05}