{"SMBHMASS": 900000.0, "SecondaryMass": 10, "PROCAMASS": 7e-18, "p0": 11.288, "e0": 0.7, "BHSpin": 1, "Trajectory Exit Reason": "Separatrix reached!", "mismatch": 1.2913253610857822e-06, "faithfulness": 0.9999977162473357, "DeltaNOrbits": 4.704795828053221e-05}