{"SMBHMASS": 400000.0, "SecondaryMass": 10, "PROCAMASS": 7e-18, "p0": 16.25, "e0": 0.7, "BHSpin": 1, "Trajectory Exit Reason": "Separatrix reached!", "mismatch": 2.120525977034049e-14, "faithfulness": 0.9999999999999932, "DeltaNOrbits": 3.3350533056702885e-10}