{"SMBHMASS": 200000.0, "SecondaryMass": 10, "PROCAMASS": 2e-17, "p0": 27.4, "e0": 0.3, "BHSpin": 1, "Trajectory Exit Reason": "Separatrix reached!", "mismatch": 2.0579248305452325e-09, "faithfulness": 0.9999999978433505, "DeltaNOrbits": 1.5764055852946638e-06}