{"SMBHMASS": 400000.0, "SecondaryMass": 10, "PROCAMASS": 8e-18, "p0": 17.0, "e0": 0.5, "BHSpin": 1, "Trajectory Exit Reason": "Separatrix reached!", "mismatch": 2.0172752357439094e-13, "faithfulness": 0.99999999999986, "DeltaNOrbits": 8.708194742583531e-09}