{"SMBHMASS": 900000.0, "SecondaryMass": 10, "PROCAMASS": 4e-18, "p0": 11.830000000000002, "e0": 0.4, "BHSpin": 1, "Trajectory Exit Reason": "Separatrix reached!", "mismatch": 3.320677066653843e-13, "faithfulness": 0.999999999999654, "DeltaNOrbits": 1.2469393748422801e-08}