{"SMBHMASS": 800000.0, "SecondaryMass": 10, "PROCAMASS": 6e-18, "p0": 12.71, "e0": 0.4, "BHSpin": 1, "Trajectory Exit Reason": "Separatrix reached!", "mismatch": 8.395043549214165e-10, "faithfulness": 0.9999999982902816, "DeltaNOrbits": 1.4172864864663504e-06}