{"SMBHMASS": 100000.0, "SecondaryMass": 10, "PROCAMASS": 3e-17, "p0": 32.5, "e0": 0.7, "BHSpin": 1, "Trajectory Exit Reason": "Separatrix reached!", "mismatch": 7.959966019654985e-12, "faithfulness": 0.9999999999960013, "DeltaNOrbits": 4.7172476201314195e-08}