{"SMBHMASS": 700000.0, "SecondaryMass": 10, "PROCAMASS": 7e-18, "p0": 13.202, "e0": 0.6, "BHSpin": 1, "Trajectory Exit Reason": "Separatrix reached!", "mismatch": 9.160042724332129e-10, "faithfulness": 0.9999999984299314, "DeltaNOrbits": 1.300596676915731e-06}