{"SMBHMASS": 400000.0, "SecondaryMass": 10, "PROCAMASS": 8e-17, "p0": 16.625, "e0": 0.6, "BHSpin": 1, "Trajectory Exit Reason": "Separatrix reached!", "mismatch": 0.9988143962751124, "faithfulness": 0.0010198036252788765, "DeltaNOrbits": 4250.551376358708}