{"SMBHMASS": 100000.0, "SecondaryMass": 10, "PROCAMASS": 4e-17, "p0": 34.95, "e0": 0.2, "BHSpin": 1, "Trajectory Exit Reason": "Separatrix reached!", "mismatch": 1.332040810986257e-08, "faithfulness": 0.9999999933262749, "DeltaNOrbits": 3.1318373909114457e-06}