{"SMBHMASS": 700000.0, "SecondaryMass": 10, "PROCAMASS": 6e-18, "p0": 13.479999999999999, "e0": 0.5, "BHSpin": 1, "Trajectory Exit Reason": "Separatrix reached!", "mismatch": 9.963030400683692e-12, "faithfulness": 0.9999999999842039, "DeltaNOrbits": 1.313640440955686e-07}