{"SMBHMASS": 100000.0, "SecondaryMass": 10, "PROCAMASS": 8e-17, "p0": 33.35, "e0": 0.6, "BHSpin": 1, "Trajectory Exit Reason": "Separatrix reached!", "mismatch": 0.6555224264701147, "faithfulness": 0.26991957010807166, "DeltaNOrbits": 0.0910805821981904}