{"SMBHMASS": 300000.0, "SecondaryMass": 10, "PROCAMASS": 7e-17, "p0": 20.1, "e0": 0.1, "BHSpin": 1, "Trajectory Exit Reason": "Separatrix reached!", "mismatch": 0.996780373427259, "faithfulness": 0.0009926927089091789, "DeltaNOrbits": 1467.0817338955912}