{"SMBHMASS": 800000.0, "SecondaryMass": 10, "PROCAMASS": 6e-18, "p0": 12.849999999999998, "e0": 0.2, "BHSpin": 1, "Trajectory Exit Reason": "Separatrix reached!", "mismatch": 7.460737583286914e-10, "faithfulness": 0.9999999983364773, "DeltaNOrbits": 1.3432853592283106e-06}