{"SMBHMASS": 700000.0, "SecondaryMass": 10, "PROCAMASS": 6e-18, "p0": 13.590000000000002, "e0": 0.4, "BHSpin": 1, "Trajectory Exit Reason": "Separatrix reached!", "mismatch": 6.814104835939361e-12, "faithfulness": 0.9999999999888792, "DeltaNOrbits": 1.0779633406883188e-07}