{"SMBHMASS": 300000.0, "SecondaryMass": 10, "PROCAMASS": 1e-17, "p0": 19.6, "e0": 0.5, "BHSpin": 1, "Trajectory Exit Reason": "Separatrix reached!", "mismatch": 1.4066525722000733e-13, "faithfulness": 0.9999999999999143, "DeltaNOrbits": 6.132792467649253e-09}