{"SMBHMASS": 900000.0, "SecondaryMass": 10, "PROCAMASS": 7e-18, "p0": 11.523999999999997, "e0": 0.6, "BHSpin": 1, "Trajectory Exit Reason": "Separatrix reached!", "mismatch": 1.2433667291311679e-06, "faithfulness": 0.9999976379167375, "DeltaNOrbits": 5.205385476426939e-05}