{"SMBHMASS": 70000000.0, "SecondaryMass": 10, "PROCAMASS": 1e-19, "p0": 4.83, "e0": 0.2, "BHSpin": 1, "Trajectory Exit Reason": "Integration reached time boundary. Boundary location t = 732240.84", "mismatch": 3.619227140205794e-11, "faithfulness": 0.9999679328950571, "DeltaNOrbits": -4.017100656795363e-07}