{"SMBHMASS": 200000.0, "SecondaryMass": 10, "PROCAMASS": 2e-17, "p0": 26.900000000000002, "e0": 0.5, "BHSpin": 1, "Trajectory Exit Reason": "Separatrix reached!", "mismatch": 2.4369711804084204e-09, "faithfulness": 0.9999999975586475, "DeltaNOrbits": 1.4231784139730345e-06}