{"SMBHMASS": 300000.0, "SecondaryMass": 10, "PROCAMASS": 2e-17, "p0": 18.7, "e0": 0.7, "BHSpin": 1, "Trajectory Exit Reason": "Separatrix reached!", "mismatch": 1.3558515580713859e-05, "faithfulness": 0.9999852003678548, "DeltaNOrbits": 0.00010572571063978472}