{"SMBHMASS": 800000.0, "SecondaryMass": 10, "PROCAMASS": 4e-18, "p0": 12.62, "e0": 0.5, "BHSpin": 1, "Trajectory Exit Reason": "Separatrix reached!", "mismatch": 1.4499512701604544e-13, "faithfulness": 0.9999999999998692, "DeltaNOrbits": 3.2979971578295076e-09}