{"SMBHMASS": 1000000.0, "SecondaryMass": 10, "PROCAMASS": 5e-18, "p0": 11.0, "e0": 0.3, "BHSpin": 1, "Trajectory Exit Reason": "Separatrix reached!", "mismatch": 2.4970792100731387e-10, "faithfulness": 0.9999999994601814, "DeltaNOrbits": 8.247216263444216e-07}