{"SMBHMASS": 600000.0, "SecondaryMass": 10, "PROCAMASS": 7e-18, "p0": 14.599999999999998, "e0": 0.3, "BHSpin": 1, "Trajectory Exit Reason": "Separatrix reached!", "mismatch": 1.727262777251326e-11, "faithfulness": 0.9999999999714615, "DeltaNOrbits": 1.9888034546147154e-07}