{"SMBHMASS": 800000.0, "SecondaryMass": 10, "PROCAMASS": 4e-18, "p0": 12.62, "e0": 0.5, "BHSpin": 1, "Trajectory Exit Reason": "Separatrix reached!", "mismatch": 2.9765079290200447e-13, "faithfulness": 0.9999999999997784, "DeltaNOrbits": 3.2609410099887266e-09}