{"SMBHMASS": 400000.0, "SecondaryMass": 10, "PROCAMASS": 1e-17, "p0": 16.625, "e0": 0.6, "BHSpin": 1, "Trajectory Exit Reason": "Separatrix reached!", "mismatch": 5.4898086077059816e-11, "faithfulness": 0.9999999999349287, "DeltaNOrbits": 2.5920775414626296e-07}