{"SMBHMASS": 40000000.0, "SecondaryMass": 10, "PROCAMASS": 7e-19, "p0": 4.83, "e0": 0.2, "BHSpin": 1, "Trajectory Exit Reason": "Integration reached time boundary. Boundary location t = 1281421.47", "mismatch": 0.9889792072029313, "faithfulness": 0.052485206437243866, "DeltaNOrbits": -99.68073970335743}