{"SMBHMASS": 700000.0, "SecondaryMass": 10, "PROCAMASS": 9e-18, "p0": 13.749999999999996, "e0": 0.2, "BHSpin": 1, "Trajectory Exit Reason": "Separatrix reached!", "mismatch": 8.292481098459703e-07, "faithfulness": 0.9999982184641866, "DeltaNOrbits": 4.752802993984648e-05}