{"SMBHMASS": 40000000.0, "SecondaryMass": 10, "PROCAMASS": 2e-19, "p0": 4.83, "e0": 0.2, "BHSpin": 1, "Trajectory Exit Reason": "Integration reached time boundary. Boundary location t = 1281421.47", "mismatch": 9.533791422988713e-09, "faithfulness": 0.9999552024849464, "DeltaNOrbits": -1.0649301144904062e-05}