{"SMBHMASS": 8000000.0, "SecondaryMass": 10, "PROCAMASS": 7e-19, "p0": 5.178, "e0": 0.1, "BHSpin": 1, "Trajectory Exit Reason": "Separatrix reached!", "mismatch": 1.2660983372825285e-11, "faithfulness": 0.9999999961404932, "DeltaNOrbits": -1.3039132021474809e-06}