{"SMBHMASS": 400000.0, "SecondaryMass": 10, "PROCAMASS": 7e-18, "p0": 17.4, "e0": 0.1, "BHSpin": 1, "Trajectory Exit Reason": "Separatrix reached!", "mismatch": 1.0746958878371515e-13, "faithfulness": 0.9999999999999414, "DeltaNOrbits": 1.3896055440292868e-09}