{"SMBHMASS": 100000.0, "SecondaryMass": 10, "PROCAMASS": 8e-17, "p0": 34.95, "e0": 0.2, "BHSpin": 1, "Trajectory Exit Reason": "Separatrix reached!", "mismatch": 0.6106668238084985, "faithfulness": 0.31222359136332756, "DeltaNOrbits": 0.11928681656026076}