{"SMBHMASS": 300000.0, "SecondaryMass": 10, "PROCAMASS": 2e-17, "p0": 20.05, "e0": 0.2, "BHSpin": 1, "Trajectory Exit Reason": "Separatrix reached!", "mismatch": 1.7755201920377495e-05, "faithfulness": 0.9999785920313963, "DeltaNOrbits": 0.00019052329477582726}