{"SMBHMASS": 300000.0, "SecondaryMass": 10, "PROCAMASS": 8e-17, "p0": 18.7, "e0": 0.7, "BHSpin": 1, "Trajectory Exit Reason": "Separatrix reached!", "mismatch": 0.997508038696196, "faithfulness": 0.0015243895301474226, "DeltaNOrbits": 1233.5050234319228}