{"SMBHMASS": 700000.0, "SecondaryMass": 10, "PROCAMASS": 1e-17, "p0": 13.590000000000002, "e0": 0.4, "BHSpin": 1, "Trajectory Exit Reason": "Separatrix reached!", "mismatch": 9.056054651956913e-06, "faithfulness": 0.9999820803880936, "DeltaNOrbits": 0.00014447864096212116}