{"SMBHMASS": 800000.0, "SecondaryMass": 10, "PROCAMASS": 6e-18, "p0": 12.62, "e0": 0.5, "BHSpin": 1, "Trajectory Exit Reason": "Separatrix reached!", "mismatch": 6.053805234884635e-10, "faithfulness": 0.9999999988364763, "DeltaNOrbits": 1.1418296114919048e-06}