{"SMBHMASS": 1000000.0, "SecondaryMass": 10, "PROCAMASS": 5e-18, "p0": 10.685, "e0": 0.6, "BHSpin": 1, "Trajectory Exit Reason": "Separatrix reached!", "mismatch": 3.501245959824928e-10, "faithfulness": 0.9999999993586386, "DeltaNOrbits": 8.796203093705386e-07}