{"SMBHMASS": 400000.0, "SecondaryMass": 10, "PROCAMASS": 1e-16, "p0": 17.3, "e0": 0.3, "BHSpin": 1, "Trajectory Exit Reason": "Separatrix reached!", "mismatch": 0.997476889164689, "faithfulness": 0.0004721810374168617, "DeltaNOrbits": 563.8562875742563}