{"SMBHMASS": 700000.0, "SecondaryMass": 10, "PROCAMASS": 7e-18, "p0": 13.479999999999999, "e0": 0.5, "BHSpin": 1, "Trajectory Exit Reason": "Separatrix reached!", "mismatch": 2.6419375576125503e-09, "faithfulness": 0.9999999951554123, "DeltaNOrbits": 2.3879908072295286e-06}