{"SMBHMASS": 8000000.0, "SecondaryMass": 10, "PROCAMASS": 1e-18, "p0": 5.178, "e0": 0.1, "BHSpin": 1, "Trajectory Exit Reason": "Separatrix reached!", "mismatch": 9.91516724280217e-08, "faithfulness": 0.9999996613310518, "DeltaNOrbits": -0.00020809382393995653}