{"SMBHMASS": 60000000.0, "SecondaryMass": 10, "PROCAMASS": 2e-19, "p0": 4.76, "e0": 0.5, "BHSpin": 1, "Trajectory Exit Reason": "Integration reached time boundary. Boundary location t = 854280.98", "mismatch": 0.000281599950369138, "faithfulness": 0.9991014289517518, "DeltaNOrbits": -0.0008425775822243014}