{"SMBHMASS": 600000.0, "SecondaryMass": 10, "PROCAMASS": 1e-17, "p0": 14.7, "e0": 0.1, "BHSpin": 1, "Trajectory Exit Reason": "Separatrix reached!", "mismatch": 2.5366801126303073e-07, "faithfulness": 0.9999994943591415, "DeltaNOrbits": 2.633354384542476e-05}