{"SMBHMASS": 300000.0, "SecondaryMass": 10, "PROCAMASS": 9e-18, "p0": 18.7, "e0": 0.7, "BHSpin": 1, "Trajectory Exit Reason": "Separatrix reached!", "mismatch": 3.3306690738754696e-14, "faithfulness": 0.9999999999999787, "DeltaNOrbits": 1.7045828006759252e-09}