{"SMBHMASS": 100000.0, "SecondaryMass": 10, "PROCAMASS": 4e-17, "p0": 35.1, "e0": 0.1, "BHSpin": 1, "Trajectory Exit Reason": "Separatrix reached!", "mismatch": 6.026805610126473e-09, "faithfulness": 0.9999999972448688, "DeltaNOrbits": 2.3869347070160663e-06}