{"SMBHMASS": 600000.0, "SecondaryMass": 10, "PROCAMASS": 7e-18, "p0": 13.741999999999999, "e0": 0.7, "BHSpin": 1, "Trajectory Exit Reason": "Separatrix reached!", "mismatch": 5.399491964652725e-11, "faithfulness": 0.9999999999247924, "DeltaNOrbits": 2.471459780240888e-07}