{"SMBHMASS": 70000000.0, "SecondaryMass": 10, "PROCAMASS": 3e-19, "p0": 4.609999999999999, "e0": 0.6, "BHSpin": 1, "Trajectory Exit Reason": "Integration reached time boundary. Boundary location t = 732240.84", "mismatch": 0.8802494552928721, "faithfulness": 0.42061630116402937, "DeltaNOrbits": -0.41391909653235925}