{"SMBHMASS": 200000.0, "SecondaryMass": 10, "PROCAMASS": 9e-17, "p0": 27.5, "e0": 0.2, "BHSpin": 1, "Trajectory Exit Reason": "Separatrix reached!", "mismatch": 0.9936705921113783, "faithfulness": 0.0016361132101174003, "DeltaNOrbits": 445.7322898238393}