{"SMBHMASS": 400000.0, "SecondaryMass": 10, "PROCAMASS": 9e-18, "p0": 17.0, "e0": 0.5, "BHSpin": 1, "Trajectory Exit Reason": "Separatrix reached!", "mismatch": 3.937628001438043e-12, "faithfulness": 0.9999999999958594, "DeltaNOrbits": 6.329190051205392e-08}