{"SMBHMASS": 900000.0, "SecondaryMass": 10, "PROCAMASS": 8e-18, "p0": 11.523999999999997, "e0": 0.6, "BHSpin": 1, "Trajectory Exit Reason": "Separatrix reached!", "mismatch": 2.0591453524509973e-05, "faithfulness": 0.9999611244911861, "DeltaNOrbits": 0.0002098803888357117}