{"SMBHMASS": 700000.0, "SecondaryMass": 10, "PROCAMASS": 9e-18, "p0": 13.749999999999996, "e0": 0.2, "BHSpin": 1, "Trajectory Exit Reason": "Separatrix reached!", "mismatch": 4.8006654259635795e-06, "faithfulness": 0.9999897642818764, "DeltaNOrbits": 0.00011504718462913317}