{"SMBHMASS": 60000000.0, "SecondaryMass": 10, "PROCAMASS": 6e-19, "p0": 4.76, "e0": 0.5, "BHSpin": 1, "Trajectory Exit Reason": "Integration reached time boundary. Boundary location t = 854280.98", "mismatch": 0.9946244060181108, "faithfulness": 0.31615547759002444, "DeltaNOrbits": -602.2775486119482}