{"SMBHMASS": 100000.0, "SecondaryMass": 10, "PROCAMASS": 6e-17, "p0": 35.1, "e0": 0.1, "BHSpin": 1, "Trajectory Exit Reason": "Separatrix reached!", "mismatch": 0.004540162704686601, "faithfulness": 0.9977475131060481, "DeltaNOrbits": 0.001941967781741126}