{"SMBHMASS": 100000.0, "SecondaryMass": 10, "PROCAMASS": 8e-17, "p0": 32.5, "e0": 0.7, "BHSpin": 1, "Trajectory Exit Reason": "Separatrix reached!", "mismatch": 0.6678437029167509, "faithfulness": 0.2663235067155417, "DeltaNOrbits": 0.06724066999352833}