{"SMBHMASS": 1000000.0, "SecondaryMass": 10, "PROCAMASS": 5e-18, "p0": 10.9, "e0": 0.5, "BHSpin": 1, "Trajectory Exit Reason": "Separatrix reached!", "mismatch": 4.509473905400796e-10, "faithfulness": 0.9999999991028489, "DeltaNOrbits": 1.0752860340068225e-06}