{"SMBHMASS": 900000.0, "SecondaryMass": 10, "PROCAMASS": 8e-18, "p0": 11.830000000000002, "e0": 0.4, "BHSpin": 1, "Trajectory Exit Reason": "Separatrix reached!", "mismatch": 3.6031502126165904e-05, "faithfulness": 0.9999223003221173, "DeltaNOrbits": 0.000307874908598809}