{"SMBHMASS": 700000.0, "SecondaryMass": 10, "PROCAMASS": 9e-18, "p0": 13.479999999999999, "e0": 0.5, "BHSpin": 1, "Trajectory Exit Reason": "Separatrix reached!", "mismatch": 7.663625912757155e-07, "faithfulness": 0.9999985647907359, "DeltaNOrbits": 4.117773641244577e-05}