{"SMBHMASS": 900000.0, "SecondaryMass": 10, "PROCAMASS": 6e-18, "p0": 11.288, "e0": 0.7, "BHSpin": 1, "Trajectory Exit Reason": "Separatrix reached!", "mismatch": 1.551029416013705e-08, "faithfulness": 0.9999999726912668, "DeltaNOrbits": 5.150545156833671e-06}