{"SMBHMASS": 700000.0, "SecondaryMass": 10, "PROCAMASS": 7e-18, "p0": 13.749999999999996, "e0": 0.2, "BHSpin": 1, "Trajectory Exit Reason": "Separatrix reached!", "mismatch": 3.8267925495105715e-09, "faithfulness": 0.9999999919226202, "DeltaNOrbits": 3.237336243814149e-06}