{"SMBHMASS": 300000.0, "SecondaryMass": 10, "PROCAMASS": 7e-17, "p0": 20.05, "e0": 0.2, "BHSpin": 1, "Trajectory Exit Reason": "Separatrix reached!", "mismatch": 0.9963169730323651, "faithfulness": 0.0012192474020525739, "DeltaNOrbits": 1104.1433816687952}