{"SMBHMASS": 500000.0, "SecondaryMass": 10, "PROCAMASS": 1e-17, "p0": 15.6, "e0": 0.1, "BHSpin": 1, "Trajectory Exit Reason": "Separatrix reached!", "mismatch": 1.981490416191889e-09, "faithfulness": 0.9999999966462018, "DeltaNOrbits": 2.3570489237824765e-06}