{"SMBHMASS": 1000000.0, "SecondaryMass": 10, "PROCAMASS": 2e-17, "p0": 10.685, "e0": 0.6, "BHSpin": 1, "Trajectory Exit Reason": "Separatrix reached!", "mismatch": 0.9935655886221859, "faithfulness": 0.0019730546796770513, "DeltaNOrbits": 171.0521824037258}