{"SMBHMASS": 1000000.0, "SecondaryMass": 10, "PROCAMASS": 1e-17, "p0": 11.05, "e0": 0.2, "BHSpin": 1, "Trajectory Exit Reason": "Separatrix reached!", "mismatch": 0.05856664238561349, "faithfulness": 0.8632467852190813, "DeltaNOrbits": 0.012992805592712922}