{"SMBHMASS": 300000.0, "SecondaryMass": 10, "PROCAMASS": 1e-16, "p0": 19.15, "e0": 0.6, "BHSpin": 1, "Trajectory Exit Reason": "Separatrix reached!", "mismatch": 0.9994058617172288, "faithfulness": 0.0005169222641334458, "DeltaNOrbits": 20955.30964018971}