{"SMBHMASS": 500000.0, "SecondaryMass": 10, "PROCAMASS": 1e-17, "p0": 15.2, "e0": 0.5, "BHSpin": 1, "Trajectory Exit Reason": "Separatrix reached!", "mismatch": 3.2111616699026513e-09, "faithfulness": 0.9999999951939736, "DeltaNOrbits": 2.8071884796783635e-06}