{"SMBHMASS": 100000.0, "SecondaryMass": 10, "PROCAMASS": 5e-17, "p0": 35.1, "e0": 0.1, "BHSpin": 1, "Trajectory Exit Reason": "Separatrix reached!", "mismatch": 7.168846671179452e-06, "faithfulness": 0.9999965265931497, "DeltaNOrbits": 7.876862299464314e-05}