{"SMBHMASS": 300000.0, "SecondaryMass": 10, "PROCAMASS": 1e-17, "p0": 20.05, "e0": 0.2, "BHSpin": 1, "Trajectory Exit Reason": "Separatrix reached!", "mismatch": 2.419175970658216e-13, "faithfulness": 0.9999999999998668, "DeltaNOrbits": 6.2995451329327675e-09}