{"SMBHMASS": 500000.0, "SecondaryMass": 10, "PROCAMASS": 2e-17, "p0": 14.56, "e0": 0.7, "BHSpin": 1, "Trajectory Exit Reason": "Separatrix reached!", "mismatch": 0.37969026686945684, "faithfulness": 0.4694673543323727, "DeltaNOrbits": 0.031850705668447846}