{"SMBHMASS": 300000.0, "SecondaryMass": 10, "PROCAMASS": 2e-17, "p0": 20.1, "e0": 0.1, "BHSpin": 1, "Trajectory Exit Reason": "Separatrix reached!", "mismatch": 7.031103942733985e-06, "faithfulness": 0.9999912303604271, "DeltaNOrbits": 0.00011573868940399}