{"SMBHMASS": 700000.0, "SecondaryMass": 10, "PROCAMASS": 1e-17, "p0": 13.799999999999999, "e0": 0.1, "BHSpin": 1, "Trajectory Exit Reason": "Separatrix reached!", "mismatch": 1.1299381021623311e-05, "faithfulness": 0.9999750187916673, "DeltaNOrbits": 0.00018470527575601152}