{"SMBHMASS": 100000.0, "SecondaryMass": 10, "PROCAMASS": 3e-17, "p0": 34.8, "e0": 0.3, "BHSpin": 1, "Trajectory Exit Reason": "Separatrix reached!", "mismatch": 3.1129543387464764e-12, "faithfulness": 0.9999999999985264, "DeltaNOrbits": 4.706130775779185e-08}