{"SMBHMASS": 100000.0, "SecondaryMass": 10, "PROCAMASS": 8e-17, "p0": 32.5, "e0": 0.7, "BHSpin": 1, "Trajectory Exit Reason": "Separatrix reached!", "mismatch": 0.6436986416019955, "faithfulness": 0.2965175472414677, "DeltaNOrbits": 0.06030800017532643}