{"SMBHMASS": 300000.0, "SecondaryMass": 10, "PROCAMASS": 3e-17, "p0": 18.7, "e0": 0.7, "BHSpin": 1, "Trajectory Exit Reason": "Separatrix reached!", "mismatch": 0.5726838952927498, "faithfulness": 0.2786047943700432, "DeltaNOrbits": 0.04794104410848935}