{"SMBHMASS": 900000.0, "SecondaryMass": 10, "PROCAMASS": 5e-18, "p0": 11.999999999999998, "e0": 0.1, "BHSpin": 1, "Trajectory Exit Reason": "Separatrix reached!", "mismatch": 3.7101544059225944e-11, "faithfulness": 0.9999999999193349, "DeltaNOrbits": 2.990431130751025e-07}