{"SMBHMASS": 500000.0, "SecondaryMass": 10, "PROCAMASS": 2e-17, "p0": 15.6, "e0": 0.1, "BHSpin": 1, "Trajectory Exit Reason": "Separatrix reached!", "mismatch": 0.45344459523583824, "faithfulness": 0.24493003070533947, "DeltaNOrbits": 0.06430419626406404}