{"SMBHMASS": 100000.0, "SecondaryMass": 10, "PROCAMASS": 6e-17, "p0": 34.2, "e0": 0.5, "BHSpin": 1, "Trajectory Exit Reason": "Separatrix reached!", "mismatch": 0.002228519877486179, "faithfulness": 0.9988623705603756, "DeltaNOrbits": 0.0011237042082020263}