{"SMBHMASS": 1000000.0, "SecondaryMass": 10, "PROCAMASS": 5e-18, "p0": 10.950000000000003, "e0": 0.4, "BHSpin": 1, "Trajectory Exit Reason": "Separatrix reached!", "mismatch": 4.4240833219078013e-10, "faithfulness": 0.9999999990694352, "DeltaNOrbits": 1.1363175095005888e-06}