{"SMBHMASS": 200000.0, "SecondaryMass": 10, "PROCAMASS": 5e-17, "p0": 27.150000000000002, "e0": 0.4, "BHSpin": 1, "Trajectory Exit Reason": "Separatrix reached!", "mismatch": 0.8135622652052833, "faithfulness": 0.06637800881680428, "DeltaNOrbits": 0.426921877167026}