{"SMBHMASS": 500000.0, "SecondaryMass": 10, "PROCAMASS": 7e-18, "p0": 15.5, "e0": 0.3, "BHSpin": 1, "Trajectory Exit Reason": "Separatrix reached!", "mismatch": 1.3629097850298422e-12, "faithfulness": 0.9999999999986552, "DeltaNOrbits": 3.755640583663153e-08}