{"SMBHMASS": 700000.0, "SecondaryMass": 10, "PROCAMASS": 8e-18, "p0": 13.590000000000002, "e0": 0.4, "BHSpin": 1, "Trajectory Exit Reason": "Separatrix reached!", "mismatch": 5.8931541424556144e-08, "faithfulness": 0.9999998849235209, "DeltaNOrbits": 1.2159863745508758e-05}