{"SMBHMASS": 600000.0, "SecondaryMass": 10, "PROCAMASS": 1e-17, "p0": 14.339999999999998, "e0": 0.5, "BHSpin": 1, "Trajectory Exit Reason": "Separatrix reached!", "mismatch": 1.9313057861847227e-06, "faithfulness": 0.999996747658649, "DeltaNOrbits": 6.303102523125482e-05}