{"SMBHMASS": 900000.0, "SecondaryMass": 10, "PROCAMASS": 7e-18, "p0": 11.999999999999998, "e0": 0.1, "BHSpin": 1, "Trajectory Exit Reason": "Separatrix reached!", "mismatch": 5.964169478289705e-07, "faithfulness": 0.9999985497885042, "DeltaNOrbits": 4.058235528508794e-05}