{"SMBHMASS": 700000.0, "SecondaryMass": 10, "PROCAMASS": 4e-18, "p0": 13.7, "e0": 0.3, "BHSpin": 1, "Trajectory Exit Reason": "Separatrix reached!", "mismatch": 1.9984014443252818e-15, "faithfulness": 0.9999999999999886, "DeltaNOrbits": 2.779211088058574e-10}