{"SMBHMASS": 500000.0, "SecondaryMass": 10, "PROCAMASS": 1e-17, "p0": 15.2, "e0": 0.5, "BHSpin": 1, "Trajectory Exit Reason": "Separatrix reached!", "mismatch": 7.215464337129163e-09, "faithfulness": 0.9999999893046894, "DeltaNOrbits": 3.7315170314188042e-06}