{"SMBHMASS": 300000.0, "SecondaryMass": 10, "PROCAMASS": 1e-17, "p0": 20.05, "e0": 0.2, "BHSpin": 1, "Trajectory Exit Reason": "Separatrix reached!", "mismatch": 1.4599432773820809e-13, "faithfulness": 0.9999999999999089, "DeltaNOrbits": 7.077724237589168e-09}