{"SMBHMASS": 500000.0, "SecondaryMass": 10, "PROCAMASS": 7e-18, "p0": 15.2, "e0": 0.5, "BHSpin": 1, "Trajectory Exit Reason": "Separatrix reached!", "mismatch": 3.241851231905457e-13, "faithfulness": 0.9999999999997408, "DeltaNOrbits": 1.4340729214382241e-08}