{"SMBHMASS": 50000000.0, "SecondaryMass": 10, "PROCAMASS": 3e-19, "p0": 4.76, "e0": 0.5, "BHSpin": 1, "Trajectory Exit Reason": "Integration reached time boundary. Boundary location t = 1025137.18", "mismatch": 0.23571736053986014, "faithfulness": 0.5791382220233816, "DeltaNOrbits": -0.03538678143126587}