{"SMBHMASS": 500000.0, "SecondaryMass": 10, "PROCAMASS": 7e-18, "p0": 15.2, "e0": 0.5, "BHSpin": 1, "Trajectory Exit Reason": "Separatrix reached!", "mismatch": 3.6703973194107675e-13, "faithfulness": 0.9999999999996932, "DeltaNOrbits": 1.77313667418137e-08}