{"SMBHMASS": 900000.0, "SecondaryMass": 10, "PROCAMASS": 5e-18, "p0": 11.288, "e0": 0.7, "BHSpin": 1, "Trajectory Exit Reason": "Separatrix reached!", "mismatch": 1.2293066564694755e-10, "faithfulness": 0.9999999997954256, "DeltaNOrbits": 4.34103507917789e-07}