{"SMBHMASS": 100000.0, "SecondaryMass": 10, "PROCAMASS": 4e-17, "p0": 32.5, "e0": 0.7, "BHSpin": 1, "Trajectory Exit Reason": "Separatrix reached!", "mismatch": 1.7685834352576535e-08, "faithfulness": 0.9999999909840842, "DeltaNOrbits": 2.5724563111809364e-06}