{"SMBHMASS": 100000.0, "SecondaryMass": 10, "PROCAMASS": 8e-17, "p0": 34.8, "e0": 0.3, "BHSpin": 1, "Trajectory Exit Reason": "Separatrix reached!", "mismatch": 0.5797208628046059, "faithfulness": 0.3481895829138643, "DeltaNOrbits": 0.0712386575617333}