{"SMBHMASS": 70000000.0, "SecondaryMass": 10, "PROCAMASS": 6e-19, "p0": 4.83, "e0": 0.1, "BHSpin": 1, "Trajectory Exit Reason": "Integration reached time boundary. Boundary location t = 732240.84", "mismatch": 0.9912394512297139, "faithfulness": 0.9386083060239103, "DeltaNOrbits": -1598.8642679032841}