{"SMBHMASS": 700000.0, "SecondaryMass": 10, "PROCAMASS": 8e-18, "p0": 13.7, "e0": 0.3, "BHSpin": 1, "Trajectory Exit Reason": "Separatrix reached!", "mismatch": 9.587287597145888e-08, "faithfulness": 0.9999998033044857, "DeltaNOrbits": 1.560892029001121e-05}