{"SMBHMASS": 700000.0, "SecondaryMass": 10, "PROCAMASS": 9e-18, "p0": 12.924, "e0": 0.7, "BHSpin": 1, "Trajectory Exit Reason": "Separatrix reached!", "mismatch": 8.122315668934732e-07, "faithfulness": 0.9999986633501169, "DeltaNOrbits": 3.3861491015242456e-05}