{"SMBHMASS": 9000000.0, "SecondaryMass": 10, "PROCAMASS": 3e-18, "p0": 5.004, "e0": 0.1, "BHSpin": 1, "Trajectory Exit Reason": "Separatrix reached!", "mismatch": 0.9873513025933934, "faithfulness": 0.007958129898156696, "DeltaNOrbits": -1238.5474182335868}