{"SMBHMASS": 500000.0, "SecondaryMass": 10, "PROCAMASS": 1e-17, "p0": 15.549999999999999, "e0": 0.2, "BHSpin": 1, "Trajectory Exit Reason": "Separatrix reached!", "mismatch": 1.4203367371123932e-08, "faithfulness": 0.9999999768622818, "DeltaNOrbits": 6.101702359610838e-06}