{"SMBHMASS": 100000.0, "SecondaryMass": 10, "PROCAMASS": 3e-17, "p0": 35.1, "e0": 0.1, "BHSpin": 1, "Trajectory Exit Reason": "Separatrix reached!", "mismatch": 1.0347944723321234e-11, "faithfulness": 0.9999999999950526, "DeltaNOrbits": 9.319621181956418e-08}