{"SMBHMASS": 1000000.0, "SecondaryMass": 10, "PROCAMASS": 9e-18, "p0": 11.05, "e0": 0.2, "BHSpin": 1, "Trajectory Exit Reason": "Separatrix reached!", "mismatch": 0.0046807836462690044, "faithfulness": 0.9889779528923713, "DeltaNOrbits": 0.0033900283428890316}