{"SMBHMASS": 100000.0, "SecondaryMass": 10, "PROCAMASS": 8e-17, "p0": 34.2, "e0": 0.5, "BHSpin": 1, "Trajectory Exit Reason": "Separatrix reached!", "mismatch": 0.5601370286630319, "faithfulness": 0.3780948759190857, "DeltaNOrbits": 0.07364514275884483}