{"SMBHMASS": 700000.0, "SecondaryMass": 10, "PROCAMASS": 1e-17, "p0": 13.479999999999999, "e0": 0.5, "BHSpin": 1, "Trajectory Exit Reason": "Separatrix reached!", "mismatch": 1.4426273570622428e-05, "faithfulness": 0.9999729796943476, "DeltaNOrbits": 0.00017838503476450966}