{"SMBHMASS": 800000.0, "SecondaryMass": 10, "PROCAMASS": 5e-18, "p0": 12.106, "e0": 0.7, "BHSpin": 1, "Trajectory Exit Reason": "Separatrix reached!", "mismatch": 1.0495049274084067e-11, "faithfulness": 0.9999999999855853, "DeltaNOrbits": 1.036645735845848e-07}