{"SMBHMASS": 1000000.0, "SecondaryMass": 10, "PROCAMASS": 7e-18, "p0": 10.950000000000003, "e0": 0.4, "BHSpin": 1, "Trajectory Exit Reason": "Separatrix reached!", "mismatch": 9.522934594885513e-06, "faithfulness": 0.9999791212128869, "DeltaNOrbits": 0.00016504059714097467}