{"SMBHMASS": 900000.0, "SecondaryMass": 10, "PROCAMASS": 6e-18, "p0": 11.830000000000002, "e0": 0.4, "BHSpin": 1, "Trajectory Exit Reason": "Separatrix reached!", "mismatch": 9.923719068716252e-09, "faithfulness": 0.999999978726498, "DeltaNOrbits": 5.106744790085869e-06}