{"SMBHMASS": 3000000.0, "SecondaryMass": 10, "PROCAMASS": 9e-18, "p0": 7.0, "e0": 0.1, "BHSpin": 1, "Trajectory Exit Reason": "Separatrix reached!", "mismatch": 0.9982421654903162, "faithfulness": -0.0011194061351533456, "DeltaNOrbits": -805.4306308905668}