{"SMBHMASS": 700000.0, "SecondaryMass": 10, "PROCAMASS": 8e-18, "p0": 13.749999999999996, "e0": 0.2, "BHSpin": 1, "Trajectory Exit Reason": "Separatrix reached!", "mismatch": 9.073776352508389e-08, "faithfulness": 0.9999998068306549, "DeltaNOrbits": 1.546180738308331e-05}