{"SMBHMASS": 500000.0, "SecondaryMass": 10, "PROCAMASS": 7e-18, "p0": 14.879999999999999, "e0": 0.6, "BHSpin": 1, "Trajectory Exit Reason": "Separatrix reached!", "mismatch": 1.4693801730913947e-12, "faithfulness": 0.9999999999986495, "DeltaNOrbits": 3.270205046948922e-08}