{"SMBHMASS": 200000.0, "SecondaryMass": 10, "PROCAMASS": 2e-17, "p0": 27.5, "e0": 0.2, "BHSpin": 1, "Trajectory Exit Reason": "Separatrix reached!", "mismatch": 1.9816535079542064e-09, "faithfulness": 0.9999999978838573, "DeltaNOrbits": 1.5309006357461849e-06}