{"SMBHMASS": 100000.0, "SecondaryMass": 10, "PROCAMASS": 7e-17, "p0": 34.8, "e0": 0.3, "BHSpin": 1, "Trajectory Exit Reason": "Separatrix reached!", "mismatch": 0.15644067012466634, "faithfulness": 0.8882384560016723, "DeltaNOrbits": 0.01525413328023389}