{"SMBHMASS": 200000.0, "SecondaryMass": 10, "PROCAMASS": 2e-17, "p0": 25.6, "e0": 0.7, "BHSpin": 1, "Trajectory Exit Reason": "Separatrix reached!", "mismatch": 8.932071304812439e-09, "faithfulness": 0.9999999919052003, "DeltaNOrbits": 2.108550396362199e-06}