{"SMBHMASS": 1000000.0, "SecondaryMass": 10, "PROCAMASS": 8e-18, "p0": 10.685, "e0": 0.6, "BHSpin": 1, "Trajectory Exit Reason": "Separatrix reached!", "mismatch": 0.0002580496890228767, "faithfulness": 0.9995067506960368, "DeltaNOrbits": 0.0007760087353414031}