{"SMBHMASS": 300000.0, "SecondaryMass": 10, "PROCAMASS": 9e-18, "p0": 20.1, "e0": 0.1, "BHSpin": 1, "Trajectory Exit Reason": "Separatrix reached!", "mismatch": 3.4861002973229915e-14, "faithfulness": 0.9999999999999927, "DeltaNOrbits": 2.0195600573225635e-09}