{"SMBHMASS": 20000000.0, "SecondaryMass": 10, "PROCAMASS": 2e-18, "p0": 4.83, "e0": 0.2, "BHSpin": 1, "Trajectory Exit Reason": "Integration reached time boundary. Boundary location t = 2562842.94", "mismatch": 1.000699316208268, "faithfulness": 0.0008810146114006742, "DeltaNOrbits": -5069.342355461742}