{"SMBHMASS": 1000000.0, "SecondaryMass": 10, "PROCAMASS": 1e-17, "p0": 10.9, "e0": 0.5, "BHSpin": 1, "Trajectory Exit Reason": "Separatrix reached!", "mismatch": 0.08148690521223756, "faithfulness": 0.8344941768485147, "DeltaNOrbits": 0.014858913483048204}