{"SMBHMASS": 800000.0, "SecondaryMass": 10, "PROCAMASS": 7e-18, "p0": 12.899999999999999, "e0": 0.1, "BHSpin": 1, "Trajectory Exit Reason": "Separatrix reached!", "mismatch": 5.791097834606518e-08, "faithfulness": 0.9999998640810657, "DeltaNOrbits": 1.4492418555568478e-05}