{"SMBHMASS": 600000.0, "SecondaryMass": 10, "PROCAMASS": 9e-18, "p0": 14.041, "e0": 0.6, "BHSpin": 1, "Trajectory Exit Reason": "Separatrix reached!", "mismatch": 9.460701766439428e-08, "faithfulness": 0.9999998499497822, "DeltaNOrbits": 1.2838046835216811e-05}