{"SMBHMASS": 500000.0, "SecondaryMass": 10, "PROCAMASS": 9e-18, "p0": 14.879999999999999, "e0": 0.6, "BHSpin": 1, "Trajectory Exit Reason": "Separatrix reached!", "mismatch": 9.169728309998959e-10, "faithfulness": 0.9999999987335743, "DeltaNOrbits": 1.193986139577804e-06}