{"SMBHMASS": 900000.0, "SecondaryMass": 10, "PROCAMASS": 6e-18, "p0": 11.999999999999998, "e0": 0.1, "BHSpin": 1, "Trajectory Exit Reason": "Separatrix reached!", "mismatch": 7.231256704542943e-09, "faithfulness": 0.9999999825372512, "DeltaNOrbits": 4.4543898354228394e-06}