{"SMBHMASS": 700000.0, "SecondaryMass": 10, "PROCAMASS": 1e-17, "p0": 13.202, "e0": 0.6, "BHSpin": 1, "Trajectory Exit Reason": "Separatrix reached!", "mismatch": 4.812420407418472e-05, "faithfulness": 0.9999165193879324, "DeltaNOrbits": 0.0002803785243060666}