{"SMBHMASS": 600000.0, "SecondaryMass": 10, "PROCAMASS": 1e-17, "p0": 14.7, "e0": 0.1, "BHSpin": 1, "Trajectory Exit Reason": "Separatrix reached!", "mismatch": 7.932740440086405e-07, "faithfulness": 0.9999984409481288, "DeltaNOrbits": 4.344075536108227e-05}