{"SMBHMASS": 800000.0, "SecondaryMass": 10, "PROCAMASS": 4e-18, "p0": 12.363, "e0": 0.6, "BHSpin": 1, "Trajectory Exit Reason": "Separatrix reached!", "mismatch": 4.625189120588402e-13, "faithfulness": 0.9999999999996609, "DeltaNOrbits": 3.038604122944041e-09}