{"SMBHMASS": 300000.0, "SecondaryMass": 10, "PROCAMASS": 9e-18, "p0": 19.800000000000004, "e0": 0.4, "BHSpin": 1, "Trajectory Exit Reason": "Separatrix reached!", "mismatch": 3.064215547965432e-14, "faithfulness": 0.9999999999999849, "DeltaNOrbits": 2.0751442790837353e-09}