{"SMBHMASS": 800000.0, "SecondaryMass": 10, "PROCAMASS": 8e-18, "p0": 12.899999999999999, "e0": 0.1, "BHSpin": 1, "Trajectory Exit Reason": "Separatrix reached!", "mismatch": 2.0875360732253156e-06, "faithfulness": 0.9999950993288401, "DeltaNOrbits": 7.928944715254532e-05}