{"SMBHMASS": 8000000.0, "SecondaryMass": 10, "PROCAMASS": 4e-19, "p0": 5.178, "e0": 0.1, "BHSpin": 1, "Trajectory Exit Reason": "Separatrix reached!", "mismatch": 3.1086244689504383e-15, "faithfulness": 0.9999999999991788, "DeltaNOrbits": -5.928983654524958e-10}