{"SMBHMASS": 600000.0, "SecondaryMass": 10, "PROCAMASS": 9e-18, "p0": 14.649999999999997, "e0": 0.2, "BHSpin": 1, "Trajectory Exit Reason": "Separatrix reached!", "mismatch": 1.673403071666968e-08, "faithfulness": 0.999999967647817, "DeltaNOrbits": 6.680556445031678e-06}