{"SMBHMASS": 700000.0, "SecondaryMass": 10, "PROCAMASS": 8e-18, "p0": 13.799999999999999, "e0": 0.1, "BHSpin": 1, "Trajectory Exit Reason": "Separatrix reached!", "mismatch": 1.596431009609489e-08, "faithfulness": 0.9999999647269814, "DeltaNOrbits": 7.628730627907661e-06}