{"SMBHMASS": 900000.0, "SecondaryMass": 10, "PROCAMASS": 5e-18, "p0": 11.759999999999998, "e0": 0.5, "BHSpin": 1, "Trajectory Exit Reason": "Separatrix reached!", "mismatch": 7.687506187181725e-11, "faithfulness": 0.999999999854639, "DeltaNOrbits": 4.102486127452863e-07}