{"SMBHMASS": 3000000.0, "SecondaryMass": 10, "PROCAMASS": 8e-18, "p0": 6.97, "e0": 0.3, "BHSpin": 1, "Trajectory Exit Reason": "Separatrix reached!", "mismatch": 0.9958690537719623, "faithfulness": -0.0004391839916577945, "DeltaNOrbits": -78.09162221078232}