{"SMBHMASS": 20000000.0, "SecondaryMass": 10, "PROCAMASS": 1e-18, "p0": 4.795, "e0": 0.4, "BHSpin": 1, "Trajectory Exit Reason": "Integration reached time boundary. Boundary location t = 2562842.94", "mismatch": 0.9568048472034757, "faithfulness": 0.035783928650425095, "DeltaNOrbits": -3.421115953213386}