{"SMBHMASS": 300000.0, "SecondaryMass": 10, "PROCAMASS": 9e-18, "p0": 19.6, "e0": 0.5, "BHSpin": 1, "Trajectory Exit Reason": "Separatrix reached!", "mismatch": 3.941291737419306e-14, "faithfulness": 0.9999999999999855, "DeltaNOrbits": 5.373141436913243e-10}