{"SMBHMASS": 700000.0, "SecondaryMass": 10, "PROCAMASS": 7e-18, "p0": 13.749999999999996, "e0": 0.2, "BHSpin": 1, "Trajectory Exit Reason": "Separatrix reached!", "mismatch": 1.582463160509917e-09, "faithfulness": 0.9999999966742611, "DeltaNOrbits": 2.037810210134148e-06}