{"SMBHMASS": 700000.0, "SecondaryMass": 10, "PROCAMASS": 8e-18, "p0": 13.799999999999999, "e0": 0.1, "BHSpin": 1, "Trajectory Exit Reason": "Separatrix reached!", "mismatch": 1.6839302419136004e-07, "faithfulness": 0.9999996310688583, "DeltaNOrbits": 2.1738933546572404e-05}