{"SMBHMASS": 200000.0, "SecondaryMass": 10, "PROCAMASS": 7e-17, "p0": 27.5, "e0": 0.2, "BHSpin": 1, "Trajectory Exit Reason": "Separatrix reached!", "mismatch": 0.985770862688579, "faithfulness": 0.00366908967374995, "DeltaNOrbits": 92.74118335010823}