{"SMBHMASS": 800000.0, "SecondaryMass": 10, "PROCAMASS": 5e-18, "p0": 12.363, "e0": 0.6, "BHSpin": 1, "Trajectory Exit Reason": "Separatrix reached!", "mismatch": 3.891886812823486e-12, "faithfulness": 0.9999999999947085, "DeltaNOrbits": 6.66454818916446e-08}