{"SMBHMASS": 100000.0, "SecondaryMass": 10, "PROCAMASS": 6e-17, "p0": 34.8, "e0": 0.3, "BHSpin": 1, "Trajectory Exit Reason": "Separatrix reached!", "mismatch": 0.003910298858106898, "faithfulness": 0.9980157256720398, "DeltaNOrbits": 0.0016829987432992533}