{"SMBHMASS": 800000.0, "SecondaryMass": 10, "PROCAMASS": 9e-18, "p0": 12.106, "e0": 0.7, "BHSpin": 1, "Trajectory Exit Reason": "Separatrix reached!", "mismatch": 1.610095568216341e-05, "faithfulness": 0.9999722931941775, "DeltaNOrbits": 0.00015156714853873198}