{"SMBHMASS": 100000.0, "SecondaryMass": 10, "PROCAMASS": 3e-16, "p0": 34.2, "e0": 0.5, "BHSpin": 1, "Trajectory Exit Reason": "Separatrix reached!", "mismatch": 0.9993700357565047, "faithfulness": 0.0005957865230000456, "DeltaNOrbits": 36086.08026010565}