{"SMBHMASS": 300000.0, "SecondaryMass": 10, "PROCAMASS": 8e-17, "p0": 20.0, "e0": 0.3, "BHSpin": 1, "Trajectory Exit Reason": "Separatrix reached!", "mismatch": 0.9990643443823436, "faithfulness": 0.0003196996126216677, "DeltaNOrbits": 8272.772422619546}