{"SMBHMASS": 1000000.0, "SecondaryMass": 10, "PROCAMASS": 1e-17, "p0": 10.9, "e0": 0.5, "BHSpin": 1, "Trajectory Exit Reason": "Separatrix reached!", "mismatch": 0.16108215537346815, "faithfulness": 0.6746861502348203, "DeltaNOrbits": 0.02282427175548381}