{"SMBHMASS": 600000.0, "SecondaryMass": 10, "PROCAMASS": 1e-17, "p0": 14.599999999999998, "e0": 0.3, "BHSpin": 1, "Trajectory Exit Reason": "Separatrix reached!", "mismatch": 1.1319756709760043e-06, "faithfulness": 0.9999979001829647, "DeltaNOrbits": 5.270508877046024e-05}