{"SMBHMASS": 400000.0, "SecondaryMass": 10, "PROCAMASS": 4e-17, "p0": 16.625, "e0": 0.6, "BHSpin": 1, "Trajectory Exit Reason": "Separatrix reached!", "mismatch": 0.9874411796743359, "faithfulness": 0.005604012448694215, "DeltaNOrbits": 64.44493462803256}