{"SMBHMASS": 400000.0, "SecondaryMass": 10, "PROCAMASS": 1e-17, "p0": 17.150000000000002, "e0": 0.4, "BHSpin": 1, "Trajectory Exit Reason": "Separatrix reached!", "mismatch": 4.747202630994707e-11, "faithfulness": 0.9999999999397094, "DeltaNOrbits": 2.847394400085611e-07}