{"SMBHMASS": 60000000.0, "SecondaryMass": 10, "PROCAMASS": 2e-19, "p0": 4.83, "e0": 0.1, "BHSpin": 1, "Trajectory Exit Reason": "Integration reached time boundary. Boundary location t = 854280.98", "mismatch": 0.0007209577352310648, "faithfulness": 0.9981427726932912, "DeltaNOrbits": -0.0032822771930024683}