{"SMBHMASS": 500000.0, "SecondaryMass": 10, "PROCAMASS": 9e-18, "p0": 14.879999999999999, "e0": 0.6, "BHSpin": 1, "Trajectory Exit Reason": "Separatrix reached!", "mismatch": 1.0354017643265934e-10, "faithfulness": 0.9999999998565015, "DeltaNOrbits": 4.0997069163648044e-07}