{"SMBHMASS": 200000.0, "SecondaryMass": 10, "PROCAMASS": 2e-16, "p0": 27.150000000000002, "e0": 0.4, "BHSpin": 1, "Trajectory Exit Reason": "Separatrix reached!", "mismatch": 0.9987322806700594, "faithfulness": 0.0005453555159601935, "DeltaNOrbits": 1164.2986552690816}