{"SMBHMASS": 100000.0, "SecondaryMass": 10, "PROCAMASS": 7e-17, "p0": 35.1, "e0": 0.1, "BHSpin": 1, "Trajectory Exit Reason": "Separatrix reached!", "mismatch": 0.11450406833902371, "faithfulness": 0.9284612370451186, "DeltaNOrbits": 0.012771641662443914}