{"SMBHMASS": 300000.0, "SecondaryMass": 10, "PROCAMASS": 9e-18, "p0": 19.800000000000004, "e0": 0.4, "BHSpin": 1, "Trajectory Exit Reason": "Separatrix reached!", "mismatch": 8.693046282814976e-14, "faithfulness": 0.9999999999999353, "DeltaNOrbits": 3.038604122944041e-09}