{"SMBHMASS": 900000.0, "SecondaryMass": 10, "PROCAMASS": 7e-18, "p0": 11.523999999999997, "e0": 0.6, "BHSpin": 1, "Trajectory Exit Reason": "Separatrix reached!", "mismatch": 3.4951652005954514e-07, "faithfulness": 0.9999993448387502, "DeltaNOrbits": 2.6912166329921593e-05}