{"SMBHMASS": 600000.0, "SecondaryMass": 10, "PROCAMASS": 5e-18, "p0": 14.7, "e0": 0.1, "BHSpin": 1, "Trajectory Exit Reason": "Separatrix reached!", "mismatch": 6.716849298982197e-14, "faithfulness": 0.9999999999999187, "DeltaNOrbits": 4.2244008538490326e-09}