{"SMBHMASS": 50000000.0, "SecondaryMass": 10, "PROCAMASS": 1e-19, "p0": 4.83, "e0": 0.1, "BHSpin": 1, "Trajectory Exit Reason": "Integration reached time boundary. Boundary location t = 1025137.18", "mismatch": 1.8129941992128806e-13, "faithfulness": 0.9999996897603755, "DeltaNOrbits": -7.901065522426521e-09}