{"SMBHMASS": 500000.0, "SecondaryMass": 10, "PROCAMASS": 7e-18, "p0": 14.56, "e0": 0.7, "BHSpin": 1, "Trajectory Exit Reason": "Separatrix reached!", "mismatch": 3.5504932327512506e-13, "faithfulness": 0.9999999999997452, "DeltaNOrbits": 1.4581594175347317e-08}