{"SMBHMASS": 300000.0, "SecondaryMass": 10, "PROCAMASS": 3e-17, "p0": 20.1, "e0": 0.1, "BHSpin": 1, "Trajectory Exit Reason": "Separatrix reached!", "mismatch": 0.29319143071227816, "faithfulness": 0.5866468258028655, "DeltaNOrbits": 0.03665655676143544}