{"SMBHMASS": 900000.0, "SecondaryMass": 10, "PROCAMASS": 3e-17, "p0": 11.523999999999997, "e0": 0.6, "BHSpin": 1, "Trajectory Exit Reason": "Separatrix reached!", "mismatch": 0.9996720781190864, "faithfulness": -0.0011447071258638762, "DeltaNOrbits": 4123.3138411537175}