{"SMBHMASS": 100000.0, "SecondaryMass": 10, "PROCAMASS": 8e-17, "p0": 33.35, "e0": 0.6, "BHSpin": 1, "Trajectory Exit Reason": "Separatrix reached!", "mismatch": 0.4394651194411868, "faithfulness": 0.5486255734035195, "DeltaNOrbits": 0.03728683657212254}