{"SMBHMASS": 500000.0, "SecondaryMass": 10, "PROCAMASS": 6e-18, "p0": 15.350000000000001, "e0": 0.4, "BHSpin": 1, "Trajectory Exit Reason": "Separatrix reached!", "mismatch": 5.795364188543317e-14, "faithfulness": 0.9999999999999643, "DeltaNOrbits": 2.334537313969202e-09}