{"SMBHMASS": 400000.0, "SecondaryMass": 10, "PROCAMASS": 1e-17, "p0": 17.150000000000002, "e0": 0.4, "BHSpin": 1, "Trajectory Exit Reason": "Separatrix reached!", "mismatch": 2.5092594668763013e-11, "faithfulness": 0.9999999999682175, "DeltaNOrbits": 2.0477227296815573e-07}