{"SMBHMASS": 900000.0, "SecondaryMass": 10, "PROCAMASS": 9e-18, "p0": 11.830000000000002, "e0": 0.4, "BHSpin": 1, "Trajectory Exit Reason": "Separatrix reached!", "mismatch": 0.0011888275083951072, "faithfulness": 0.9974320749024119, "DeltaNOrbits": 0.0017768937784828729}