{"SMBHMASS": 100000.0, "SecondaryMass": 10, "PROCAMASS": 7e-17, "p0": 34.95, "e0": 0.2, "BHSpin": 1, "Trajectory Exit Reason": "Separatrix reached!", "mismatch": 0.1674131137943916, "faithfulness": 0.8745784032584084, "DeltaNOrbits": 0.01708843020002277}