{"SMBHMASS": 700000.0, "SecondaryMass": 10, "PROCAMASS": 6e-18, "p0": 13.590000000000002, "e0": 0.4, "BHSpin": 1, "Trajectory Exit Reason": "Separatrix reached!", "mismatch": 2.438282908912015e-11, "faithfulness": 0.9999999999579537, "DeltaNOrbits": 2.151479943635744e-07}