{"SMBHMASS": 20000000.0, "SecondaryMass": 10, "PROCAMASS": 4e-19, "p0": 4.83, "e0": 0.3, "BHSpin": 1, "Trajectory Exit Reason": "Integration reached time boundary. Boundary location t = 2562842.94", "mismatch": 7.413895308783225e-08, "faithfulness": 0.9999986924643072, "DeltaNOrbits": -2.6266995635921194e-05}