{"SMBHMASS": 800000.0, "SecondaryMass": 10, "PROCAMASS": 5e-18, "p0": 12.363, "e0": 0.6, "BHSpin": 1, "Trajectory Exit Reason": "Separatrix reached!", "mismatch": 5.963007865261716e-12, "faithfulness": 0.9999999999915667, "DeltaNOrbits": 8.365425375056307e-08}