{"SMBHMASS": 900000.0, "SecondaryMass": 10, "PROCAMASS": 4e-18, "p0": 11.95, "e0": 0.2, "BHSpin": 1, "Trajectory Exit Reason": "Separatrix reached!", "mismatch": 3.0520030946945553e-13, "faithfulness": 0.9999999999996806, "DeltaNOrbits": 1.0764810947746877e-08}