{"SMBHMASS": 1000000.0, "SecondaryMass": 10, "PROCAMASS": 6e-18, "p0": 11.1, "e0": 0.1, "BHSpin": 1, "Trajectory Exit Reason": "Separatrix reached!", "mismatch": 1.0785843140848073e-07, "faithfulness": 0.9999997329469443, "DeltaNOrbits": 1.7920278983506003e-05}