{"SMBHMASS": 900000.0, "SecondaryMass": 10, "PROCAMASS": 5e-18, "p0": 11.95, "e0": 0.2, "BHSpin": 1, "Trajectory Exit Reason": "Separatrix reached!", "mismatch": 5.895894883423125e-11, "faithfulness": 0.9999999998731544, "DeltaNOrbits": 3.7528613725750943e-07}