{"SMBHMASS": 600000.0, "SecondaryMass": 10, "PROCAMASS": 6e-18, "p0": 14.339999999999998, "e0": 0.5, "BHSpin": 1, "Trajectory Exit Reason": "Separatrix reached!", "mismatch": 8.367750936599805e-13, "faithfulness": 0.9999999999990945, "DeltaNOrbits": 2.8514705763480968e-08}