{"SMBHMASS": 1000000.0, "SecondaryMass": 10, "PROCAMASS": 6e-18, "p0": 11.1, "e0": 0.1, "BHSpin": 1, "Trajectory Exit Reason": "Separatrix reached!", "mismatch": 4.103087569706787e-08, "faithfulness": 0.9999999005439536, "DeltaNOrbits": 1.2019291248674756e-05}