{"SMBHMASS": 100000.0, "SecondaryMass": 10, "PROCAMASS": 6e-17, "p0": 34.5, "e0": 0.4, "BHSpin": 1, "Trajectory Exit Reason": "Separatrix reached!", "mismatch": 0.00475103325113424, "faithfulness": 0.9975967774081954, "DeltaNOrbits": 0.0017648220157288556}