{"SMBHMASS": 800000.0, "SecondaryMass": 10, "PROCAMASS": 9e-18, "p0": 12.799999999999999, "e0": 0.3, "BHSpin": 1, "Trajectory Exit Reason": "Separatrix reached!", "mismatch": 9.530938914092957e-06, "faithfulness": 0.9999790428947124, "DeltaNOrbits": 0.00016295166797489417}