{"SMBHMASS": 100000.0, "SecondaryMass": 10, "PROCAMASS": 9e-17, "p0": 35.1, "e0": 0.1, "BHSpin": 1, "Trajectory Exit Reason": "Separatrix reached!", "mismatch": 0.7422427650667066, "faithfulness": 0.17857891952700677, "DeltaNOrbits": 0.3834402134121419}