{"SMBHMASS": 400000.0, "SecondaryMass": 10, "PROCAMASS": 8e-17, "p0": 17.0, "e0": 0.5, "BHSpin": 1, "Trajectory Exit Reason": "Separatrix reached!", "mismatch": 0.9994095431057686, "faithfulness": 0.0006570464697981826, "DeltaNOrbits": 13557.215725271653}