{"SMBHMASS": 500000.0, "SecondaryMass": 10, "PROCAMASS": 5e-17, "p0": 15.2, "e0": 0.5, "BHSpin": 1, "Trajectory Exit Reason": "Separatrix reached!", "mismatch": 0.9987848936673751, "faithfulness": 0.0007900450428371177, "DeltaNOrbits": 7090.011360376366}