{"SMBHMASS": 700000.0, "SecondaryMass": 10, "PROCAMASS": 7e-18, "p0": 13.202, "e0": 0.6, "BHSpin": 1, "Trajectory Exit Reason": "Separatrix reached!", "mismatch": 4.012129739550119e-09, "faithfulness": 0.9999999931190725, "DeltaNOrbits": 2.719402465443553e-06}