{"SMBHMASS": 500000.0, "SecondaryMass": 10, "PROCAMASS": 9e-18, "p0": 15.549999999999999, "e0": 0.2, "BHSpin": 1, "Trajectory Exit Reason": "Separatrix reached!", "mismatch": 1.974226337964069e-10, "faithfulness": 0.9999999996845116, "DeltaNOrbits": 7.29987584389465e-07}