{"SMBHMASS": 100000.0, "SecondaryMass": 10, "PROCAMASS": 6e-17, "p0": 35.1, "e0": 0.1, "BHSpin": 1, "Trajectory Exit Reason": "Separatrix reached!", "mismatch": 0.002972797509955938, "faithfulness": 0.9985209017341861, "DeltaNOrbits": 0.0015553418332898243}