{"SMBHMASS": 400000.0, "SecondaryMass": 10, "PROCAMASS": 9e-18, "p0": 17.3, "e0": 0.3, "BHSpin": 1, "Trajectory Exit Reason": "Separatrix reached!", "mismatch": 4.226063943235658e-12, "faithfulness": 0.9999999999953904, "DeltaNOrbits": 7.56130696691136e-08}