{"SMBHMASS": 300000.0, "SecondaryMass": 10, "PROCAMASS": 9e-18, "p0": 19.15, "e0": 0.6, "BHSpin": 1, "Trajectory Exit Reason": "Separatrix reached!", "mismatch": 3.530509218307998e-14, "faithfulness": 0.9999999999999908, "DeltaNOrbits": 9.264036960195246e-10}