{"SMBHMASS": 200000.0, "SecondaryMass": 10, "PROCAMASS": 4e-17, "p0": 27.6, "e0": 0.1, "BHSpin": 1, "Trajectory Exit Reason": "Separatrix reached!", "mismatch": 0.22354557585353096, "faithfulness": 0.6813308926784745, "DeltaNOrbits": 0.025708518281524227}