{"SMBHMASS": 300000.0, "SecondaryMass": 10, "PROCAMASS": 1e-17, "p0": 20.1, "e0": 0.1, "BHSpin": 1, "Trajectory Exit Reason": "Separatrix reached!", "mismatch": 2.1882495815361835e-13, "faithfulness": 0.9999999999998616, "DeltaNOrbits": 9.597542290762274e-09}