{"SMBHMASS": 200000.0, "SecondaryMass": 10, "PROCAMASS": 2e-17, "p0": 26.900000000000002, "e0": 0.5, "BHSpin": 1, "Trajectory Exit Reason": "Separatrix reached!", "mismatch": 7.518565436903657e-09, "faithfulness": 0.9999999927314099, "DeltaNOrbits": 2.444001174690869e-06}