{"SMBHMASS": 3000000.0, "SecondaryMass": 10, "PROCAMASS": 5e-18, "p0": 6.984999999999999, "e0": 0.2, "BHSpin": 1, "Trajectory Exit Reason": "Separatrix reached!", "mismatch": 0.7033227859728428, "faithfulness": 0.5450195163212228, "DeltaNOrbits": -0.338830688999913}