{"SMBHMASS": 900000.0, "SecondaryMass": 10, "PROCAMASS": 8e-18, "p0": 11.830000000000002, "e0": 0.4, "BHSpin": 1, "Trajectory Exit Reason": "Separatrix reached!", "mismatch": 5.6224610918587103e-05, "faithfulness": 0.999878200952116, "DeltaNOrbits": 0.0003936225382531935}