{"SMBHMASS": 1000000.0, "SecondaryMass": 10, "PROCAMASS": 8e-18, "p0": 11.0, "e0": 0.3, "BHSpin": 1, "Trajectory Exit Reason": "Separatrix reached!", "mismatch": 0.0001317866682296609, "faithfulness": 0.9997019097782677, "DeltaNOrbits": 0.0006187019507995756}