{"SMBHMASS": 400000.0, "SecondaryMass": 10, "PROCAMASS": 7e-17, "p0": 17.35, "e0": 0.2, "BHSpin": 1, "Trajectory Exit Reason": "Separatrix reached!", "mismatch": 0.998433000971004, "faithfulness": 0.0006005573031751184, "DeltaNOrbits": 3420.4012149498317}