{"SMBHMASS": 500000.0, "SecondaryMass": 10, "PROCAMASS": 1e-17, "p0": 14.56, "e0": 0.7, "BHSpin": 1, "Trajectory Exit Reason": "Separatrix reached!", "mismatch": 9.532336253670337e-09, "faithfulness": 0.9999999871083421, "DeltaNOrbits": 3.805759023617809e-06}