{"SMBHMASS": 700000.0, "SecondaryMass": 10, "PROCAMASS": 8e-18, "p0": 13.749999999999996, "e0": 0.2, "BHSpin": 1, "Trajectory Exit Reason": "Separatrix reached!", "mismatch": 2.176405122789049e-08, "faithfulness": 0.999999953300177, "DeltaNOrbits": 7.72689236353789e-06}