{"SMBHMASS": 100000.0, "SecondaryMass": 10, "PROCAMASS": 4e-17, "p0": 34.8, "e0": 0.3, "BHSpin": 1, "Trajectory Exit Reason": "Separatrix reached!", "mismatch": 1.032087737495857e-08, "faithfulness": 0.999999994981875, "DeltaNOrbits": 2.8266800134426143e-06}