{"SMBHMASS": 600000.0, "SecondaryMass": 10, "PROCAMASS": 8e-18, "p0": 14.649999999999997, "e0": 0.2, "BHSpin": 1, "Trajectory Exit Reason": "Separatrix reached!", "mismatch": 9.069764939084735e-10, "faithfulness": 0.9999999982807911, "DeltaNOrbits": 1.5170786926015734e-06}