{"SMBHMASS": 30000000.0, "SecondaryMass": 10, "PROCAMASS": 5e-19, "p0": 4.46, "e0": 0.7, "BHSpin": 1, "Trajectory Exit Reason": "Integration reached time boundary. Boundary location t = 1708561.96", "mismatch": 0.24832747317123827, "faithfulness": 0.40463974873883707, "DeltaNOrbits": 0.007771112065760691}