{"SMBHMASS": 60000000.0, "SecondaryMass": 10, "PROCAMASS": 1e-19, "p0": 4.46, "e0": 0.7, "BHSpin": 1, "Trajectory Exit Reason": "Integration reached time boundary. Boundary location t = 854280.98", "mismatch": 4.2796877153250534e-12, "faithfulness": 0.9999998613593354, "DeltaNOrbits": -8.163353568862048e-08}