{"SMBHMASS": 300000.0, "SecondaryMass": 10, "PROCAMASS": 3e-17, "p0": 20.05, "e0": 0.2, "BHSpin": 1, "Trajectory Exit Reason": "Separatrix reached!", "mismatch": 0.37239417246588835, "faithfulness": 0.4731434303210982, "DeltaNOrbits": 0.047568757684927625}