{"SMBHMASS": 20000000.0, "SecondaryMass": 10, "PROCAMASS": 8e-19, "p0": 4.83, "e0": 0.1, "BHSpin": 1, "Trajectory Exit Reason": "Integration reached time boundary. Boundary location t = 2562842.94", "mismatch": 0.8276345820787535, "faithfulness": 0.14923597993168777, "DeltaNOrbits": -0.5250758700958122}