{"SMBHMASS": 100000.0, "SecondaryMass": 10, "PROCAMASS": 5e-17, "p0": 34.5, "e0": 0.4, "BHSpin": 1, "Trajectory Exit Reason": "Separatrix reached!", "mismatch": 4.354220696112243e-06, "faithfulness": 0.9999979893709674, "DeltaNOrbits": 5.796967422227391e-05}