{"SMBHMASS": 600000.0, "SecondaryMass": 10, "PROCAMASS": 1e-17, "p0": 14.339999999999998, "e0": 0.5, "BHSpin": 1, "Trajectory Exit Reason": "Separatrix reached!", "mismatch": 9.856170904987138e-07, "faithfulness": 0.9999983288378359, "DeltaNOrbits": 4.4485090247605076e-05}