{"SMBHMASS": 700000.0, "SecondaryMass": 10, "PROCAMASS": 8e-18, "p0": 13.479999999999999, "e0": 0.5, "BHSpin": 1, "Trajectory Exit Reason": "Separatrix reached!", "mismatch": 2.1157936536120303e-07, "faithfulness": 0.9999996079528097, "DeltaNOrbits": 2.1882229670272704e-05}