{"SMBHMASS": 400000.0, "SecondaryMass": 10, "PROCAMASS": 8e-18, "p0": 17.3, "e0": 0.3, "BHSpin": 1, "Trajectory Exit Reason": "Separatrix reached!", "mismatch": 1.7119639039719914e-13, "faithfulness": 0.9999999999998916, "DeltaNOrbits": 7.615038381280492e-09}