{"SMBHMASS": 300000.0, "SecondaryMass": 10, "PROCAMASS": 8e-17, "p0": 20.1, "e0": 0.1, "BHSpin": 1, "Trajectory Exit Reason": "Separatrix reached!", "mismatch": 0.9978578102345973, "faithfulness": 0.0005158090465772887, "DeltaNOrbits": 2550.5702579002855}