{"SMBHMASS": 800000.0, "SecondaryMass": 10, "PROCAMASS": 5e-18, "p0": 12.106, "e0": 0.7, "BHSpin": 1, "Trajectory Exit Reason": "Separatrix reached!", "mismatch": 5.561995308767109e-12, "faithfulness": 0.9999999999925641, "DeltaNOrbits": 7.616891188672531e-08}