{"SMBHMASS": 700000.0, "SecondaryMass": 10, "PROCAMASS": 6e-17, "p0": 13.7, "e0": 0.3, "BHSpin": 1, "Trajectory Exit Reason": "Separatrix reached!", "mismatch": 1.0001435240948018, "faithfulness": -0.0009361364771969517, "DeltaNOrbits": 7459.354760115834}