{"SMBHMASS": 100000.0, "SecondaryMass": 10, "PROCAMASS": 3e-17, "p0": 33.35, "e0": 0.6, "BHSpin": 1, "Trajectory Exit Reason": "Separatrix reached!", "mismatch": 8.612111024319802e-12, "faithfulness": 0.999999999995702, "DeltaNOrbits": 5.760378181849404e-08}