{"SMBHMASS": 300000.0, "SecondaryMass": 10, "PROCAMASS": 3e-17, "p0": 18.7, "e0": 0.7, "BHSpin": 1, "Trajectory Exit Reason": "Separatrix reached!", "mismatch": 0.31832908014686234, "faithfulness": 0.61589863134542, "DeltaNOrbits": 0.02204110138225803}