{"SMBHMASS": 700000.0, "SecondaryMass": 10, "PROCAMASS": 8e-18, "p0": 13.590000000000002, "e0": 0.4, "BHSpin": 1, "Trajectory Exit Reason": "Separatrix reached!", "mismatch": 2.415934274857534e-08, "faithfulness": 0.9999999524484493, "DeltaNOrbits": 7.614130505658393e-06}