{"SMBHMASS": 400000.0, "SecondaryMass": 10, "PROCAMASS": 8e-18, "p0": 16.625, "e0": 0.6, "BHSpin": 1, "Trajectory Exit Reason": "Separatrix reached!", "mismatch": 2.545741395465484e-13, "faithfulness": 0.9999999999998467, "DeltaNOrbits": 7.54092608559893e-09}