{"SMBHMASS": 900000.0, "SecondaryMass": 10, "PROCAMASS": 6e-18, "p0": 11.95, "e0": 0.2, "BHSpin": 1, "Trajectory Exit Reason": "Separatrix reached!", "mismatch": 8.74291217201062e-09, "faithfulness": 0.9999999794570346, "DeltaNOrbits": 4.903714156066229e-06}