{"SMBHMASS": 700000.0, "SecondaryMass": 10, "PROCAMASS": 6e-18, "p0": 12.924, "e0": 0.7, "BHSpin": 1, "Trajectory Exit Reason": "Separatrix reached!", "mismatch": 2.2871149418790537e-11, "faithfulness": 0.9999999999668086, "DeltaNOrbits": 1.6125909136611865e-07}