{"SMBHMASS": 600000.0, "SecondaryMass": 10, "PROCAMASS": 8e-18, "p0": 14.041, "e0": 0.6, "BHSpin": 1, "Trajectory Exit Reason": "Separatrix reached!", "mismatch": 2.908619345376451e-09, "faithfulness": 0.9999999954274507, "DeltaNOrbits": 2.220849052393686e-06}