{"SMBHMASS": 100000.0, "SecondaryMass": 10, "PROCAMASS": 8e-17, "p0": 34.2, "e0": 0.5, "BHSpin": 1, "Trajectory Exit Reason": "Separatrix reached!", "mismatch": 0.5849723148241672, "faithfulness": 0.3465571948251785, "DeltaNOrbits": 0.08343208013290578}