{"SMBHMASS": 400000.0, "SecondaryMass": 10, "PROCAMASS": 1e-17, "p0": 17.3, "e0": 0.3, "BHSpin": 1, "Trajectory Exit Reason": "Separatrix reached!", "mismatch": 5.442435391245226e-11, "faithfulness": 0.9999999999286083, "DeltaNOrbits": 3.1912754520480586e-07}