{"SMBHMASS": 700000.0, "SecondaryMass": 10, "PROCAMASS": 9e-18, "p0": 13.7, "e0": 0.3, "BHSpin": 1, "Trajectory Exit Reason": "Separatrix reached!", "mismatch": 5.071037813109136e-06, "faithfulness": 0.9999895810566672, "DeltaNOrbits": 0.00011540170079552593}