{"SMBHMASS": 80000000.0, "SecondaryMass": 10, "PROCAMASS": 1e-19, "p0": 4.83, "e0": 0.2, "BHSpin": 1, "Trajectory Exit Reason": "Integration reached time boundary. Boundary location t = 640710.74", "mismatch": 2.0138979373029997e-09, "faithfulness": 0.9995173621671672, "DeltaNOrbits": 5.744694167275793e-06}