{"SMBHMASS": 800000.0, "SecondaryMass": 10, "PROCAMASS": 6e-18, "p0": 12.106, "e0": 0.7, "BHSpin": 1, "Trajectory Exit Reason": "Separatrix reached!", "mismatch": 5.004950898168659e-10, "faithfulness": 0.9999999991639661, "DeltaNOrbits": 8.530417873317384e-07}