{"SMBHMASS": 400000.0, "SecondaryMass": 10, "PROCAMASS": 2e-17, "p0": 17.3, "e0": 0.3, "BHSpin": 1, "Trajectory Exit Reason": "Separatrix reached!", "mismatch": 0.004125152951577671, "faithfulness": 0.9940157912531936, "DeltaNOrbits": 0.002971914210731135}