{"SMBHMASS": 500000.0, "SecondaryMass": 10, "PROCAMASS": 7e-18, "p0": 14.56, "e0": 0.7, "BHSpin": 1, "Trajectory Exit Reason": "Separatrix reached!", "mismatch": 7.364109322338663e-13, "faithfulness": 0.9999999999993899, "DeltaNOrbits": 1.787032729621663e-08}