{"SMBHMASS": 300000.0, "SecondaryMass": 10, "PROCAMASS": 3e-17, "p0": 18.7, "e0": 0.7, "BHSpin": 1, "Trajectory Exit Reason": "Separatrix reached!", "mismatch": 0.6053728149191955, "faithfulness": 0.23851608736542326, "DeltaNOrbits": 0.054239279621573204}