{"SMBHMASS": 900000.0, "SecondaryMass": 10, "PROCAMASS": 3e-18, "p0": 11.830000000000002, "e0": 0.4, "BHSpin": 1, "Trajectory Exit Reason": "Separatrix reached!", "mismatch": -3.774758283725532e-15, "faithfulness": 0.9999999999999944, "DeltaNOrbits": 2.593930348854669e-10}