{"SMBHMASS": 900000.0, "SecondaryMass": 10, "PROCAMASS": 4e-17, "p0": 11.95, "e0": 0.2, "BHSpin": 1, "Trajectory Exit Reason": "Separatrix reached!", "mismatch": 0.9997950686815147, "faithfulness": -0.0005499145212924447, "DeltaNOrbits": 6884.418142030651}