{"SMBHMASS": 800000.0, "SecondaryMass": 10, "PROCAMASS": 7e-18, "p0": 12.71, "e0": 0.4, "BHSpin": 1, "Trajectory Exit Reason": "Separatrix reached!", "mismatch": 1.2584647102187319e-08, "faithfulness": 0.9999999738191736, "DeltaNOrbits": 5.796341173328882e-06}