{"SMBHMASS": 700000.0, "SecondaryMass": 10, "PROCAMASS": 1e-17, "p0": 13.590000000000002, "e0": 0.4, "BHSpin": 1, "Trajectory Exit Reason": "Separatrix reached!", "mismatch": 1.7186486593323558e-05, "faithfulness": 0.9999661652527471, "DeltaNOrbits": 0.000204631867223987}