{"SMBHMASS": 100000.0, "SecondaryMass": 10, "PROCAMASS": 4e-17, "p0": 34.95, "e0": 0.2, "BHSpin": 1, "Trajectory Exit Reason": "Separatrix reached!", "mismatch": 5.980912209935241e-09, "faithfulness": 0.9999999972445601, "DeltaNOrbits": 2.2785825307296228e-06}