{"SMBHMASS": 300000.0, "SecondaryMass": 10, "PROCAMASS": 1e-17, "p0": 19.15, "e0": 0.6, "BHSpin": 1, "Trajectory Exit Reason": "Separatrix reached!", "mismatch": 2.0317081350640365e-13, "faithfulness": 0.999999999999882, "DeltaNOrbits": 7.466813789917368e-09}