{"SMBHMASS": 800000.0, "SecondaryMass": 10, "PROCAMASS": 8e-18, "p0": 12.363, "e0": 0.6, "BHSpin": 1, "Trajectory Exit Reason": "Separatrix reached!", "mismatch": 2.0999592069692596e-06, "faithfulness": 0.9999961484327055, "DeltaNOrbits": 6.463653842067843e-05}