{"SMBHMASS": 100000.0, "SecondaryMass": 10, "PROCAMASS": 4e-17, "p0": 35.1, "e0": 0.1, "BHSpin": 1, "Trajectory Exit Reason": "Separatrix reached!", "mismatch": 3.0632583136736e-08, "faithfulness": 0.9999999849085505, "DeltaNOrbits": 5.052457533499124e-06}