{"SMBHMASS": 70000000.0, "SecondaryMass": 10, "PROCAMASS": 1e-19, "p0": 4.83, "e0": 0.1, "BHSpin": 1, "Trajectory Exit Reason": "Integration reached time boundary. Boundary location t = 732240.84", "mismatch": 3.2588598486427145e-11, "faithfulness": 0.9993989334332981, "DeltaNOrbits": -4.252916717617133e-07}