{"SMBHMASS": 200000.0, "SecondaryMass": 10, "PROCAMASS": 9e-17, "p0": 26.900000000000002, "e0": 0.5, "BHSpin": 1, "Trajectory Exit Reason": "Separatrix reached!", "mismatch": 0.9944453682459425, "faithfulness": 0.0021293525535086427, "DeltaNOrbits": 415.6480581379708}