{"SMBHMASS": 60000000.0, "SecondaryMass": 10, "PROCAMASS": 4e-19, "p0": 4.83, "e0": 0.2, "BHSpin": 1, "Trajectory Exit Reason": "Integration reached time boundary. Boundary location t = 854280.98", "mismatch": 0.9817632108222447, "faithfulness": 0.3410366355715887, "DeltaNOrbits": -42.49864877015715}