{"SMBHMASS": 100000.0, "SecondaryMass": 10, "PROCAMASS": 8e-17, "p0": 34.95, "e0": 0.2, "BHSpin": 1, "Trajectory Exit Reason": "Separatrix reached!", "mismatch": 0.5166906063150591, "faithfulness": 0.42564603899070075, "DeltaNOrbits": 0.09017822670073859}