{"SMBHMASS": 700000.0, "SecondaryMass": 10, "PROCAMASS": 9e-18, "p0": 13.202, "e0": 0.6, "BHSpin": 1, "Trajectory Exit Reason": "Separatrix reached!", "mismatch": 1.080373481565644e-06, "faithfulness": 0.9999981147135912, "DeltaNOrbits": 4.507741424276604e-05}