{"SMBHMASS": 30000000.0, "SecondaryMass": 10, "PROCAMASS": 3e-19, "p0": 4.795, "e0": 0.4, "BHSpin": 1, "Trajectory Exit Reason": "Integration reached time boundary. Boundary location t = 1708561.96", "mismatch": 8.189014206738676e-07, "faithfulness": 0.9999845960543803, "DeltaNOrbits": -7.589628054302373e-05}