{"SMBHMASS": 30000000.0, "SecondaryMass": 10, "PROCAMASS": 3e-19, "p0": 4.795, "e0": 0.4, "BHSpin": 1, "Trajectory Exit Reason": "Integration reached time boundary. Boundary location t = 1708561.96", "mismatch": 3.045194579831545e-07, "faithfulness": 0.9999776606382665, "DeltaNOrbits": -3.528463237306765e-05}