{"SMBHMASS": 90000000.0, "SecondaryMass": 10, "PROCAMASS": 1e-19, "p0": 4.76, "e0": 0.5, "BHSpin": 1, "Trajectory Exit Reason": "Integration reached time boundary. Boundary location t = 569520.65", "mismatch": 1.8708839033543256e-08, "faithfulness": 0.9994208207122376, "DeltaNOrbits": 2.1953466061480436e-05}