{"SMBHMASS": 600000.0, "SecondaryMass": 10, "PROCAMASS": 7e-18, "p0": 14.649999999999997, "e0": 0.2, "BHSpin": 1, "Trajectory Exit Reason": "Separatrix reached!", "mismatch": 5.4415250083650335e-11, "faithfulness": 0.9999999999050736, "DeltaNOrbits": 3.442886695886961e-07}