{"SMBHMASS": 8000000.0, "SecondaryMass": 10, "PROCAMASS": 2e-18, "p0": 5.148, "e0": 0.2, "BHSpin": 1, "Trajectory Exit Reason": "Separatrix reached!", "mismatch": 1.095896875221909, "faithfulness": -0.07422155265700758, "DeltaNOrbits": -1.7721712298881525}