{"SMBHMASS": 100000.0, "SecondaryMass": 10, "PROCAMASS": 3e-17, "p0": 34.2, "e0": 0.5, "BHSpin": 1, "Trajectory Exit Reason": "Separatrix reached!", "mismatch": 4.682143561751673e-12, "faithfulness": 0.9999999999977033, "DeltaNOrbits": 4.8339744858298796e-08}