{"SMBHMASS": 1000000.0, "SecondaryMass": 10, "PROCAMASS": 8e-18, "p0": 11.0, "e0": 0.3, "BHSpin": 1, "Trajectory Exit Reason": "Separatrix reached!", "mismatch": 3.446353283964587e-05, "faithfulness": 0.9999233707805003, "DeltaNOrbits": 0.00031287342164508893}