{"SMBHMASS": 100000.0, "SecondaryMass": 10, "PROCAMASS": 4e-17, "p0": 32.5, "e0": 0.7, "BHSpin": 1, "Trajectory Exit Reason": "Separatrix reached!", "mismatch": 1.0508058867486625e-08, "faithfulness": 0.999999994822748, "DeltaNOrbits": 1.961307792916856e-06}