{"SMBHMASS": 400000.0, "SecondaryMass": 10, "PROCAMASS": 8e-18, "p0": 17.150000000000002, "e0": 0.4, "BHSpin": 1, "Trajectory Exit Reason": "Separatrix reached!", "mismatch": 4.3098857815948577e-13, "faithfulness": 0.9999999999996736, "DeltaNOrbits": 1.543388557568528e-08}