{"SMBHMASS": 800000.0, "SecondaryMass": 10, "PROCAMASS": 6e-18, "p0": 12.849999999999998, "e0": 0.2, "BHSpin": 1, "Trajectory Exit Reason": "Separatrix reached!", "mismatch": 3.7029301847013585e-10, "faithfulness": 0.9999999991835133, "DeltaNOrbits": 9.860455659692617e-07}