{"SMBHMASS": 800000.0, "SecondaryMass": 10, "PROCAMASS": 9e-18, "p0": 12.62, "e0": 0.5, "BHSpin": 1, "Trajectory Exit Reason": "Separatrix reached!", "mismatch": 2.3837578300489604e-05, "faithfulness": 0.999952760469304, "DeltaNOrbits": 0.00023307666656456632}