{"SMBHMASS": 500000.0, "SecondaryMass": 10, "PROCAMASS": 9e-18, "p0": 15.6, "e0": 0.1, "BHSpin": 1, "Trajectory Exit Reason": "Separatrix reached!", "mismatch": 1.0605505362804024e-10, "faithfulness": 0.9999999998268864, "DeltaNOrbits": 5.324042041024208e-07}