{"SMBHMASS": 300000.0, "SecondaryMass": 10, "PROCAMASS": 9e-18, "p0": 19.800000000000004, "e0": 0.4, "BHSpin": 1, "Trajectory Exit Reason": "Separatrix reached!", "mismatch": 4.2743586448068527e-14, "faithfulness": 0.9999999999999745, "DeltaNOrbits": 3.7056147840780986e-10}