{"SMBHMASS": 800000.0, "SecondaryMass": 10, "PROCAMASS": 8e-18, "p0": 12.62, "e0": 0.5, "BHSpin": 1, "Trajectory Exit Reason": "Separatrix reached!", "mismatch": 2.0141322559785735e-06, "faithfulness": 0.9999960276624329, "DeltaNOrbits": 6.69213463842453e-05}