{"SMBHMASS": 1000000.0, "SecondaryMass": 10, "PROCAMASS": 6e-18, "p0": 10.9, "e0": 0.5, "BHSpin": 1, "Trajectory Exit Reason": "Separatrix reached!", "mismatch": 4.4280092370563295e-08, "faithfulness": 0.9999999096144604, "DeltaNOrbits": 1.074841360232733e-05}