{"SMBHMASS": 700000.0, "SecondaryMass": 10, "PROCAMASS": 8e-18, "p0": 13.749999999999996, "e0": 0.2, "BHSpin": 1, "Trajectory Exit Reason": "Separatrix reached!", "mismatch": 4.1872297962264327e-08, "faithfulness": 0.99999991050831, "DeltaNOrbits": 1.0644971365629791e-05}