{"SMBHMASS": 800000.0, "SecondaryMass": 10, "PROCAMASS": 4e-18, "p0": 12.106, "e0": 0.7, "BHSpin": 1, "Trajectory Exit Reason": "Separatrix reached!", "mismatch": 1.9773072068574038e-13, "faithfulness": 0.9999999999998788, "DeltaNOrbits": 3.529598081834389e-09}