{"SMBHMASS": 900000.0, "SecondaryMass": 10, "PROCAMASS": 3e-17, "p0": 11.95, "e0": 0.2, "BHSpin": 1, "Trajectory Exit Reason": "Separatrix reached!", "mismatch": 0.9979914572689524, "faithfulness": 0.0001223624956615577, "DeltaNOrbits": 1466.2561400466413}