{"SMBHMASS": 600000.0, "SecondaryMass": 10, "PROCAMASS": 1e-17, "p0": 14.339999999999998, "e0": 0.5, "BHSpin": 1, "Trajectory Exit Reason": "Separatrix reached!", "mismatch": 6.100169768208374e-07, "faithfulness": 0.9999989601566216, "DeltaNOrbits": 3.608340543188656e-05}