{"SMBHMASS": 80000000.0, "SecondaryMass": 10, "PROCAMASS": 2e-19, "p0": 4.76, "e0": 0.5, "BHSpin": 1, "Trajectory Exit Reason": "Integration reached time boundary. Boundary location t = 640710.74", "mismatch": 0.1413500679603975, "faithfulness": 0.8273565608345518, "DeltaNOrbits": -0.011055479457681306}