{"SMBHMASS": 100000.0, "SecondaryMass": 10, "PROCAMASS": 8e-17, "p0": 34.8, "e0": 0.3, "BHSpin": 1, "Trajectory Exit Reason": "Separatrix reached!", "mismatch": 0.5307252245751097, "faithfulness": 0.4074626745931313, "DeltaNOrbits": 0.08810945255874943}