{"SMBHMASS": 300000.0, "SecondaryMass": 10, "PROCAMASS": 2e-17, "p0": 19.800000000000004, "e0": 0.4, "BHSpin": 1, "Trajectory Exit Reason": "Separatrix reached!", "mismatch": 2.8839010285719446e-05, "faithfulness": 0.9999666505345225, "DeltaNOrbits": 0.00021334814020679982}