{"SMBHMASS": 100000.0, "SecondaryMass": 10, "PROCAMASS": 2e-16, "p0": 34.95, "e0": 0.2, "BHSpin": 1, "Trajectory Exit Reason": "Separatrix reached!", "mismatch": 0.997780447376948, "faithfulness": 0.001281815367230879, "DeltaNOrbits": 4797.625959842316}