{"SMBHMASS": 100000.0, "SecondaryMass": 10, "PROCAMASS": 1e-16, "p0": 34.5, "e0": 0.4, "BHSpin": 1, "Trajectory Exit Reason": "Separatrix reached!", "mismatch": 0.8958445882298792, "faithfulness": 0.06649459329681776, "DeltaNOrbits": 1.8530132725131747}