{"SMBHMASS": 4000000.0, "SecondaryMass": 10, "PROCAMASS": 4e-18, "p0": 6.305, "e0": 0.2, "BHSpin": 1, "Trajectory Exit Reason": "Separatrix reached!", "mismatch": 0.8778467615914789, "faithfulness": 0.08322874201011767, "DeltaNOrbits": -1.629995236756741}