{"SMBHMASS": 800000.0, "SecondaryMass": 10, "PROCAMASS": 9e-18, "p0": 12.799999999999999, "e0": 0.3, "BHSpin": 1, "Trajectory Exit Reason": "Separatrix reached!", "mismatch": 9.351573599880592e-05, "faithfulness": 0.9997946676790574, "DeltaNOrbits": 0.0005179431535759996}