{"SMBHMASS": 100000.0, "SecondaryMass": 10, "PROCAMASS": 6e-17, "p0": 35.1, "e0": 0.1, "BHSpin": 1, "Trajectory Exit Reason": "Separatrix reached!", "mismatch": 0.0008007163737679956, "faithfulness": 0.999629743318495, "DeltaNOrbits": 0.0008432807903728505}