{"SMBHMASS": 400000.0, "SecondaryMass": 10, "PROCAMASS": 7e-18, "p0": 16.625, "e0": 0.6, "BHSpin": 1, "Trajectory Exit Reason": "Separatrix reached!", "mismatch": 2.781108676686017e-13, "faithfulness": 0.999999999999867, "DeltaNOrbits": 3.1497725664663837e-09}