{"SMBHMASS": 900000.0, "SecondaryMass": 10, "PROCAMASS": 6e-18, "p0": 11.95, "e0": 0.2, "BHSpin": 1, "Trajectory Exit Reason": "Separatrix reached!", "mismatch": 7.186303885298173e-09, "faithfulness": 0.9999999831633632, "DeltaNOrbits": 4.453444903652899e-06}