{"SMBHMASS": 900000.0, "SecondaryMass": 10, "PROCAMASS": 6e-18, "p0": 11.899999999999999, "e0": 0.3, "BHSpin": 1, "Trajectory Exit Reason": "Separatrix reached!", "mismatch": 5.596178076494596e-09, "faithfulness": 0.9999999875719409, "DeltaNOrbits": 2.888211746932231e-06}