{"SMBHMASS": 800000.0, "SecondaryMass": 10, "PROCAMASS": 8e-18, "p0": 12.62, "e0": 0.5, "BHSpin": 1, "Trajectory Exit Reason": "Separatrix reached!", "mismatch": 8.766739910681665e-07, "faithfulness": 0.9999982628495084, "DeltaNOrbits": 4.4767383981856145e-05}