{"SMBHMASS": 600000.0, "SecondaryMass": 10, "PROCAMASS": 6e-18, "p0": 14.339999999999998, "e0": 0.5, "BHSpin": 1, "Trajectory Exit Reason": "Separatrix reached!", "mismatch": 4.992672941739329e-13, "faithfulness": 0.9999999999995205, "DeltaNOrbits": 1.9009803842320644e-08}