{"SMBHMASS": 100000.0, "SecondaryMass": 10, "PROCAMASS": 3e-17, "p0": 34.95, "e0": 0.2, "BHSpin": 1, "Trajectory Exit Reason": "Separatrix reached!", "mismatch": 3.970490602966947e-12, "faithfulness": 0.9999999999980536, "DeltaNOrbits": 4.761714997540356e-08}