{"SMBHMASS": 600000.0, "SecondaryMass": 10, "PROCAMASS": 6e-17, "p0": 14.469999999999999, "e0": 0.4, "BHSpin": 1, "Trajectory Exit Reason": "Separatrix reached!", "mismatch": 0.9995443466137592, "faithfulness": 0.00023751983743726938, "DeltaNOrbits": 8602.7506158099}