{"SMBHMASS": 20000000.0, "SecondaryMass": 10, "PROCAMASS": 8e-19, "p0": 4.76, "e0": 0.5, "BHSpin": 1, "Trajectory Exit Reason": "Integration reached time boundary. Boundary location t = 2562842.94", "mismatch": 0.4838477404981121, "faithfulness": 0.24736723459780494, "DeltaNOrbits": 0.011095892989209847}