{"SMBHMASS": 80000000.0, "SecondaryMass": 10, "PROCAMASS": 2e-19, "p0": 4.795, "e0": 0.4, "BHSpin": 1, "Trajectory Exit Reason": "Integration reached time boundary. Boundary location t = 640710.74", "mismatch": 0.5022526791064527, "faithfulness": 0.8352030218368321, "DeltaNOrbits": -0.08005186345315177}