{"SMBHMASS": 20000000.0, "SecondaryMass": 10, "PROCAMASS": 2e-19, "p0": 4.83, "e0": 0.3, "BHSpin": 1, "Trajectory Exit Reason": "Integration reached time boundary. Boundary location t = 2562842.94", "mismatch": 1.4876988529977098e-14, "faithfulness": 0.999999999785369, "DeltaNOrbits": -7.967071785767912e-10}