{"SMBHMASS": 900000.0, "SecondaryMass": 10, "PROCAMASS": 7e-18, "p0": 11.95, "e0": 0.2, "BHSpin": 1, "Trajectory Exit Reason": "Separatrix reached!", "mismatch": 1.1276299709539472e-06, "faithfulness": 0.9999973171596143, "DeltaNOrbits": 5.672012238900886e-05}