{"SMBHMASS": 1000000.0, "SecondaryMass": 10, "PROCAMASS": 4e-18, "p0": 11.05, "e0": 0.2, "BHSpin": 1, "Trajectory Exit Reason": "Separatrix reached!", "mismatch": 8.861023026440762e-12, "faithfulness": 0.9999999999904922, "DeltaNOrbits": 1.7509029854769016e-08}