{"SMBHMASS": 30000000.0, "SecondaryMass": 10, "PROCAMASS": 2e-19, "p0": 4.795, "e0": 0.4, "BHSpin": 1, "Trajectory Exit Reason": "Integration reached time boundary. Boundary location t = 1708561.96", "mismatch": 8.663292305755022e-12, "faithfulness": 0.9999998863152701, "DeltaNOrbits": -2.0064051248390863e-07}