{"SMBHMASS": 1000000.0, "SecondaryMass": 10, "PROCAMASS": 6e-18, "p0": 11.05, "e0": 0.2, "BHSpin": 1, "Trajectory Exit Reason": "Separatrix reached!", "mismatch": 1.068377937230025e-07, "faithfulness": 0.9999997435392074, "DeltaNOrbits": 1.7930210031127333e-05}