{"SMBHMASS": 300000.0, "SecondaryMass": 10, "PROCAMASS": 7e-17, "p0": 20.1, "e0": 0.1, "BHSpin": 1, "Trajectory Exit Reason": "Separatrix reached!", "mismatch": 0.9977286826873629, "faithfulness": 0.0006334625341730361, "DeltaNOrbits": 2795.2524344745266}