{"SMBHMASS": 400000.0, "SecondaryMass": 10, "PROCAMASS": 9e-18, "p0": 17.0, "e0": 0.5, "BHSpin": 1, "Trajectory Exit Reason": "Separatrix reached!", "mismatch": 1.5120127372370007e-12, "faithfulness": 0.9999999999985495, "DeltaNOrbits": 3.7093203988621766e-08}