{"SMBHMASS": 1000000.0, "SecondaryMass": 10, "PROCAMASS": 5e-18, "p0": 11.1, "e0": 0.1, "BHSpin": 1, "Trajectory Exit Reason": "Separatrix reached!", "mismatch": 6.113649586581005e-10, "faithfulness": 0.9999999985307638, "DeltaNOrbits": 1.3191247508361215e-06}