{"SMBHMASS": 800000.0, "SecondaryMass": 10, "PROCAMASS": 6e-18, "p0": 12.71, "e0": 0.4, "BHSpin": 1, "Trajectory Exit Reason": "Separatrix reached!", "mismatch": 1.024172857633232e-09, "faithfulness": 0.9999999979090479, "DeltaNOrbits": 1.5945445696627261e-06}