{"SMBHMASS": 400000.0, "SecondaryMass": 10, "PROCAMASS": 7e-18, "p0": 17.3, "e0": 0.3, "BHSpin": 1, "Trajectory Exit Reason": "Separatrix reached!", "mismatch": 8.659739592076221e-15, "faithfulness": 0.9999999999999946, "DeltaNOrbits": 1.4081336179496773e-09}