{"SMBHMASS": 400000.0, "SecondaryMass": 10, "PROCAMASS": 7e-18, "p0": 17.3, "e0": 0.3, "BHSpin": 1, "Trajectory Exit Reason": "Separatrix reached!", "mismatch": 4.8183679268731794e-14, "faithfulness": 0.9999999999999789, "DeltaNOrbits": 2.0566162051633444e-09}