{"SMBHMASS": 900000.0, "SecondaryMass": 10, "PROCAMASS": 3e-18, "p0": 11.830000000000002, "e0": 0.4, "BHSpin": 1, "Trajectory Exit Reason": "Separatrix reached!", "mismatch": 2.020605904817785e-14, "faithfulness": 0.9999999999999866, "DeltaNOrbits": 9.264036960195247e-11}