{"SMBHMASS": 600000.0, "SecondaryMass": 10, "PROCAMASS": 7e-18, "p0": 14.7, "e0": 0.1, "BHSpin": 1, "Trajectory Exit Reason": "Separatrix reached!", "mismatch": 1.606159649725214e-11, "faithfulness": 0.9999999999719213, "DeltaNOrbits": 1.8931985931855005e-07}