{"SMBHMASS": 400000.0, "SecondaryMass": 10, "PROCAMASS": 5e-17, "p0": 17.35, "e0": 0.2, "BHSpin": 1, "Trajectory Exit Reason": "Separatrix reached!", "mismatch": 0.994396552558495, "faithfulness": 0.00111949891301222, "DeltaNOrbits": 430.75532364714405}