{"SMBHMASS": 1000000.0, "SecondaryMass": 10, "PROCAMASS": 9e-18, "p0": 11.1, "e0": 0.1, "BHSpin": 1, "Trajectory Exit Reason": "Separatrix reached!", "mismatch": 0.004851219925928185, "faithfulness": 0.9881578742872874, "DeltaNOrbits": 0.003678959778150155}