{"SMBHMASS": 90000000.0, "SecondaryMass": 10, "PROCAMASS": 1e-19, "p0": 4.76, "e0": 0.5, "BHSpin": 1, "Trajectory Exit Reason": "Integration reached time boundary. Boundary location t = 569520.65", "mismatch": 2.7503327060252047e-08, "faithfulness": 0.9998153030836249, "DeltaNOrbits": -4.31540148890903e-06}