{"SMBHMASS": 500000.0, "SecondaryMass": 10, "PROCAMASS": 2e-17, "p0": 15.5, "e0": 0.3, "BHSpin": 1, "Trajectory Exit Reason": "Separatrix reached!", "mismatch": 0.27816389961995125, "faithfulness": 0.5409328468017973, "DeltaNOrbits": 0.03334729184809162}