{"SMBHMASS": 500000.0, "SecondaryMass": 10, "PROCAMASS": 4e-17, "p0": 15.549999999999999, "e0": 0.2, "BHSpin": 1, "Trajectory Exit Reason": "Separatrix reached!", "mismatch": 0.9942745313175207, "faithfulness": 0.0013070607560544225, "DeltaNOrbits": 382.24711808138443}