{"SMBHMASS": 400000.0, "SecondaryMass": 10, "PROCAMASS": 5e-17, "p0": 17.150000000000002, "e0": 0.4, "BHSpin": 1, "Trajectory Exit Reason": "Separatrix reached!", "mismatch": 0.9946291150992791, "faithfulness": 0.001967539721927451, "DeltaNOrbits": 426.43457836317356}