{"SMBHMASS": 1000000.0, "SecondaryMass": 10, "PROCAMASS": 8e-18, "p0": 11.05, "e0": 0.2, "BHSpin": 1, "Trajectory Exit Reason": "Separatrix reached!", "mismatch": 0.00027190621962613903, "faithfulness": 0.9993503956716459, "DeltaNOrbits": 0.0008795291697749243}