{"SMBHMASS": 100000.0, "SecondaryMass": 10, "PROCAMASS": 8e-17, "p0": 34.5, "e0": 0.4, "BHSpin": 1, "Trajectory Exit Reason": "Separatrix reached!", "mismatch": 0.45992527018563434, "faithfulness": 0.5003343637855258, "DeltaNOrbits": 0.05704134760863063}