{"SMBHMASS": 700000.0, "SecondaryMass": 10, "PROCAMASS": 7e-18, "p0": 13.749999999999996, "e0": 0.2, "BHSpin": 1, "Trajectory Exit Reason": "Separatrix reached!", "mismatch": 2.5182682605873197e-09, "faithfulness": 0.9999999947025158, "DeltaNOrbits": 2.583109953685161e-06}