{"SMBHMASS": 100000.0, "SecondaryMass": 10, "PROCAMASS": 4e-17, "p0": 34.2, "e0": 0.5, "BHSpin": 1, "Trajectory Exit Reason": "Separatrix reached!", "mismatch": 3.611062660002773e-08, "faithfulness": 0.9999999816276324, "DeltaNOrbits": 4.5099555291100905e-06}