{"SMBHMASS": 700000.0, "SecondaryMass": 10, "PROCAMASS": 7e-18, "p0": 13.590000000000002, "e0": 0.4, "BHSpin": 1, "Trajectory Exit Reason": "Separatrix reached!", "mismatch": 2.784171337921748e-09, "faithfulness": 0.9999999946232284, "DeltaNOrbits": 2.5932633381935348e-06}