{"SMBHMASS": 700000.0, "SecondaryMass": 10, "PROCAMASS": 7e-18, "p0": 13.202, "e0": 0.6, "BHSpin": 1, "Trajectory Exit Reason": "Separatrix reached!", "mismatch": 3.2623490575645064e-09, "faithfulness": 0.9999999944128943, "DeltaNOrbits": 2.46208457483717e-06}