{"SMBHMASS": 200000.0, "SecondaryMass": 10, "PROCAMASS": 4e-17, "p0": 27.5, "e0": 0.2, "BHSpin": 1, "Trajectory Exit Reason": "Separatrix reached!", "mismatch": 0.4130197017091095, "faithfulness": 0.39160806298914536, "DeltaNOrbits": 0.053969935788139606}