{"SMBHMASS": 1000000.0, "SecondaryMass": 10, "PROCAMASS": 7e-18, "p0": 11.05, "e0": 0.2, "BHSpin": 1, "Trajectory Exit Reason": "Separatrix reached!", "mismatch": 2.355006177734431e-06, "faithfulness": 0.9999944698404517, "DeltaNOrbits": 8.154344292918259e-05}