{"SMBHMASS": 70000000.0, "SecondaryMass": 10, "PROCAMASS": 1e-19, "p0": 4.795, "e0": 0.4, "BHSpin": 1, "Trajectory Exit Reason": "Integration reached time boundary. Boundary location t = 732240.84", "mismatch": 1.0925671478645427e-10, "faithfulness": 0.9999790157939437, "DeltaNOrbits": -8.129481933726334e-07}