{"SMBHMASS": 1000000.0, "SecondaryMass": 10, "PROCAMASS": 3e-18, "p0": 11.0, "e0": 0.3, "BHSpin": 1, "Trajectory Exit Reason": "Separatrix reached!", "mismatch": 5.182521078950231e-13, "faithfulness": 0.9999999999995521, "DeltaNOrbits": -1.0746282873826486e-09}