{"SMBHMASS": 100000.0, "SecondaryMass": 10, "PROCAMASS": 5e-17, "p0": 34.95, "e0": 0.2, "BHSpin": 1, "Trajectory Exit Reason": "Separatrix reached!", "mismatch": 9.690379433768825e-06, "faithfulness": 0.9999951277409668, "DeltaNOrbits": 8.336784678390168e-05}