{"SMBHMASS": 1000000.0, "SecondaryMass": 10, "PROCAMASS": 9e-18, "p0": 11.0, "e0": 0.3, "BHSpin": 1, "Trajectory Exit Reason": "Separatrix reached!", "mismatch": 0.004962268171001094, "faithfulness": 0.9887300024488884, "DeltaNOrbits": 0.003731833880010917}