{"SMBHMASS": 100000.0, "SecondaryMass": 10, "PROCAMASS": 9e-17, "p0": 34.2, "e0": 0.5, "BHSpin": 1, "Trajectory Exit Reason": "Separatrix reached!", "mismatch": 0.7368424979396497, "faithfulness": 0.17811215028167995, "DeltaNOrbits": 0.2118552737232763}