{"SMBHMASS": 40000000.0, "SecondaryMass": 10, "PROCAMASS": 8e-19, "p0": 4.83, "e0": 0.2, "BHSpin": 1, "Trajectory Exit Reason": "Integration reached time boundary. Boundary location t = 1281421.47", "mismatch": 0.9908616608899563, "faithfulness": 0.04911820352338064, "DeltaNOrbits": -141.6229094960373}