{"SMBHMASS": 300000.0, "SecondaryMass": 10, "PROCAMASS": 1e-17, "p0": 20.1, "e0": 0.1, "BHSpin": 1, "Trajectory Exit Reason": "Separatrix reached!", "mismatch": 3.149702720861569e-13, "faithfulness": 0.9999999999998062, "DeltaNOrbits": 7.726206824802836e-09}