{"SMBHMASS": 100000.0, "SecondaryMass": 10, "PROCAMASS": 5e-17, "p0": 32.5, "e0": 0.7, "BHSpin": 1, "Trajectory Exit Reason": "Separatrix reached!", "mismatch": 2.533402369642168e-05, "faithfulness": 0.9999868514535875, "DeltaNOrbits": 9.248149136808511e-05}