{"SMBHMASS": 100000.0, "SecondaryMass": 10, "PROCAMASS": 7e-17, "p0": 32.5, "e0": 0.7, "BHSpin": 1, "Trajectory Exit Reason": "Separatrix reached!", "mismatch": 0.2058659983807558, "faithfulness": 0.8525000447470293, "DeltaNOrbits": 0.011683531088567763}