{"SMBHMASS": 400000.0, "SecondaryMass": 10, "PROCAMASS": 1e-17, "p0": 16.25, "e0": 0.7, "BHSpin": 1, "Trajectory Exit Reason": "Separatrix reached!", "mismatch": 5.684763770830159e-11, "faithfulness": 0.9999999999345704, "DeltaNOrbits": 2.2969253239108092e-07}