{"SMBHMASS": 80000000.0, "SecondaryMass": 10, "PROCAMASS": 2e-19, "p0": 4.46, "e0": 0.7, "BHSpin": 1, "Trajectory Exit Reason": "Integration reached time boundary. Boundary location t = 640710.74", "mismatch": 0.5710519123839454, "faithfulness": 0.6416208701513166, "DeltaNOrbits": -0.05278869035873968}