{"SMBHMASS": 90000000.0, "SecondaryMass": 10, "PROCAMASS": 1e-19, "p0": 4.46, "e0": 0.7, "BHSpin": 1, "Trajectory Exit Reason": "Integration reached time boundary. Boundary location t = 569520.65", "mismatch": 6.479941860870753e-08, "faithfulness": 0.9999496416167104, "DeltaNOrbits": -6.502921141830329e-06}