{"SMBHMASS": 700000.0, "SecondaryMass": 10, "PROCAMASS": 9e-18, "p0": 13.479999999999999, "e0": 0.5, "BHSpin": 1, "Trajectory Exit Reason": "Separatrix reached!", "mismatch": 2.443597694967714e-06, "faithfulness": 0.9999954611946047, "DeltaNOrbits": 7.507540349201779e-05}