{"SMBHMASS": 100000.0, "SecondaryMass": 10, "PROCAMASS": 3e-17, "p0": 32.5, "e0": 0.7, "BHSpin": 1, "Trajectory Exit Reason": "Separatrix reached!", "mismatch": 2.5940360970366783e-12, "faithfulness": 0.9999999999987992, "DeltaNOrbits": 2.82553127285955e-08}