{"SMBHMASS": 100000.0, "SecondaryMass": 10, "PROCAMASS": 8e-17, "p0": 34.2, "e0": 0.5, "BHSpin": 1, "Trajectory Exit Reason": "Separatrix reached!", "mismatch": 0.6101282919716443, "faithfulness": 0.31359552697620213, "DeltaNOrbits": 0.09396293106963585}