{"SMBHMASS": 700000.0, "SecondaryMass": 10, "PROCAMASS": 8e-18, "p0": 13.799999999999999, "e0": 0.1, "BHSpin": 1, "Trajectory Exit Reason": "Separatrix reached!", "mismatch": 4.180987522861557e-08, "faithfulness": 0.999999908237394, "DeltaNOrbits": 1.0304406838899092e-05}