{"SMBHMASS": 800000.0, "SecondaryMass": 10, "PROCAMASS": 7e-18, "p0": 12.106, "e0": 0.7, "BHSpin": 1, "Trajectory Exit Reason": "Separatrix reached!", "mismatch": 2.614320149252336e-08, "faithfulness": 0.9999999552302805, "DeltaNOrbits": 6.47143007469223e-06}