{"SMBHMASS": 400000.0, "SecondaryMass": 10, "PROCAMASS": 1e-17, "p0": 17.4, "e0": 0.1, "BHSpin": 1, "Trajectory Exit Reason": "Separatrix reached!", "mismatch": 3.6612157749971175e-11, "faithfulness": 0.9999999999512116, "DeltaNOrbits": 2.652293781703899e-07}