{"SMBHMASS": 20000000.0, "SecondaryMass": 10, "PROCAMASS": 2e-19, "p0": 4.795, "e0": 0.4, "BHSpin": 1, "Trajectory Exit Reason": "Integration reached time boundary. Boundary location t = 2562842.94", "mismatch": -4.218847493575595e-15, "faithfulness": 0.9999999999840898, "DeltaNOrbits": -1.4197136641499215e-09}