{"SMBHMASS": 900000.0, "SecondaryMass": 10, "PROCAMASS": 7e-18, "p0": 11.899999999999999, "e0": 0.3, "BHSpin": 1, "Trajectory Exit Reason": "Separatrix reached!", "mismatch": 4.586517303728499e-07, "faithfulness": 0.9999989732926287, "DeltaNOrbits": 2.6237753703256338e-05}