{"SMBHMASS": 400000.0, "SecondaryMass": 10, "PROCAMASS": 8e-18, "p0": 17.4, "e0": 0.1, "BHSpin": 1, "Trajectory Exit Reason": "Separatrix reached!", "mismatch": 7.227551890309769e-14, "faithfulness": 0.9999999999999394, "DeltaNOrbits": 6.373657428614329e-09}