{"SMBHMASS": 400000.0, "SecondaryMass": 10, "PROCAMASS": 5e-17, "p0": 17.35, "e0": 0.2, "BHSpin": 1, "Trajectory Exit Reason": "Separatrix reached!", "mismatch": 0.9967259899617062, "faithfulness": 0.0008647447369066645, "DeltaNOrbits": 1246.3288269313016}