{"SMBHMASS": 500000.0, "SecondaryMass": 10, "PROCAMASS": 7e-18, "p0": 14.879999999999999, "e0": 0.6, "BHSpin": 1, "Trajectory Exit Reason": "Separatrix reached!", "mismatch": 3.432809592140984e-13, "faithfulness": 0.9999999999997325, "DeltaNOrbits": 1.2543506044104363e-08}