{"SMBHMASS": 900000.0, "SecondaryMass": 10, "PROCAMASS": 1e-17, "p0": 11.288, "e0": 0.7, "BHSpin": 1, "Trajectory Exit Reason": "Separatrix reached!", "mismatch": 0.016615144263698478, "faithfulness": 0.9707362113208665, "DeltaNOrbits": 0.005178153932422815}