{"SMBHMASS": 300000.0, "SecondaryMass": 10, "PROCAMASS": 9e-18, "p0": 20.1, "e0": 0.1, "BHSpin": 1, "Trajectory Exit Reason": "Separatrix reached!", "mismatch": 1.2922996006636822e-13, "faithfulness": 0.9999999999999362, "DeltaNOrbits": 8.522914003379626e-10}