{"SMBHMASS": 1000000.0, "SecondaryMass": 10, "PROCAMASS": 1e-17, "p0": 10.950000000000003, "e0": 0.4, "BHSpin": 1, "Trajectory Exit Reason": "Separatrix reached!", "mismatch": 0.16664523233486284, "faithfulness": 0.6456626801931228, "DeltaNOrbits": 0.024267855572675107}