{"SMBHMASS": 700000.0, "SecondaryMass": 10, "PROCAMASS": 6e-18, "p0": 12.924, "e0": 0.7, "BHSpin": 1, "Trajectory Exit Reason": "Separatrix reached!", "mismatch": 5.428435478904703e-11, "faithfulness": 0.9999999999185925, "DeltaNOrbits": 2.6471059210061896e-07}