{"SMBHMASS": 60000000.0, "SecondaryMass": 10, "PROCAMASS": 1e-19, "p0": 4.83, "e0": 0.2, "BHSpin": 1, "Trajectory Exit Reason": "Integration reached time boundary. Boundary location t = 854280.98", "mismatch": 4.0811798385220754e-12, "faithfulness": 0.9999996333570719, "DeltaNOrbits": -2.2911468808568874e-07}