{"SMBHMASS": 2000000.0, "SecondaryMass": 10, "PROCAMASS": 6e-18, "p0": 8.9425, "e0": 0.4, "BHSpin": 1, "Trajectory Exit Reason": "Separatrix reached!", "mismatch": 0.630987509917295, "faithfulness": -0.4438326997125271, "DeltaNOrbits": 0.029235636621529334}