{"SMBHMASS": 90000000.0, "SecondaryMass": 10, "PROCAMASS": 1e-19, "p0": 4.83, "e0": 0.3, "BHSpin": 1, "Trajectory Exit Reason": "Integration reached time boundary. Boundary location t = 569520.65", "mismatch": 1.7448738676151265e-08, "faithfulness": 0.9991060642309009, "DeltaNOrbits": -9.617930120102425e-06}