{"SMBHMASS": 600000.0, "SecondaryMass": 10, "PROCAMASS": 9e-18, "p0": 14.339999999999998, "e0": 0.5, "BHSpin": 1, "Trajectory Exit Reason": "Separatrix reached!", "mismatch": 3.7034538880043044e-08, "faithfulness": 0.9999999371790433, "DeltaNOrbits": 8.871686466857058e-06}