{"SMBHMASS": 700000.0, "SecondaryMass": 10, "PROCAMASS": 3e-17, "p0": 13.799999999999999, "e0": 0.1, "BHSpin": 1, "Trajectory Exit Reason": "Separatrix reached!", "mismatch": 0.976633544267566, "faithfulness": 0.002309792120933069, "DeltaNOrbits": 27.21511433529403}