{"SMBHMASS": 1000000.0, "SecondaryMass": 10, "PROCAMASS": 1e-17, "p0": 10.9, "e0": 0.5, "BHSpin": 1, "Trajectory Exit Reason": "Separatrix reached!", "mismatch": 0.13400217215891086, "faithfulness": 0.7285181677365089, "DeltaNOrbits": 0.020106212603191596}