{"SMBHMASS": 600000.0, "SecondaryMass": 10, "PROCAMASS": 1e-17, "p0": 14.599999999999998, "e0": 0.3, "BHSpin": 1, "Trajectory Exit Reason": "Separatrix reached!", "mismatch": 5.249167061016635e-07, "faithfulness": 0.999999018681943, "DeltaNOrbits": 3.611710799834775e-05}