{"SMBHMASS": 600000.0, "SecondaryMass": 10, "PROCAMASS": 8e-18, "p0": 14.599999999999998, "e0": 0.3, "BHSpin": 1, "Trajectory Exit Reason": "Separatrix reached!", "mismatch": 1.5251794271975427e-09, "faithfulness": 0.9999999972042544, "DeltaNOrbits": 1.9098553316399317e-06}