{"SMBHMASS": 400000.0, "SecondaryMass": 10, "PROCAMASS": 4e-17, "p0": 17.150000000000002, "e0": 0.4, "BHSpin": 1, "Trajectory Exit Reason": "Separatrix reached!", "mismatch": 0.987369444258151, "faithfulness": 0.0045215323071761395, "DeltaNOrbits": 82.01932642544288}