{"SMBHMASS": 500000.0, "SecondaryMass": 10, "PROCAMASS": 6e-18, "p0": 15.6, "e0": 0.1, "BHSpin": 1, "Trajectory Exit Reason": "Separatrix reached!", "mismatch": 3.4638958368304884e-14, "faithfulness": 0.999999999999971, "DeltaNOrbits": 1.8528073920390491e-09}