{"SMBHMASS": 400000.0, "SecondaryMass": 10, "PROCAMASS": 1e-17, "p0": 17.3, "e0": 0.3, "BHSpin": 1, "Trajectory Exit Reason": "Separatrix reached!", "mismatch": 1.4893197786136625e-11, "faithfulness": 0.9999999999808172, "DeltaNOrbits": 1.6439959989562484e-07}