{"SMBHMASS": 400000.0, "SecondaryMass": 10, "PROCAMASS": 7e-18, "p0": 16.25, "e0": 0.7, "BHSpin": 1, "Trajectory Exit Reason": "Separatrix reached!", "mismatch": 2.3647750424515834e-14, "faithfulness": 0.9999999999999941, "DeltaNOrbits": 3.8908955232820035e-10}