{"SMBHMASS": 30000000.0, "SecondaryMass": 10, "PROCAMASS": 1e-19, "p0": 4.609999999999999, "e0": 0.6, "BHSpin": 1, "Trajectory Exit Reason": "Integration reached time boundary. Boundary location t = 1708561.96", "mismatch": -1.2656542480726785e-14, "faithfulness": 0.9999999999966944, "DeltaNOrbits": 1.6212064680341682e-11}