{"SMBHMASS": 800000.0, "SecondaryMass": 10, "PROCAMASS": 5e-18, "p0": 12.899999999999999, "e0": 0.1, "BHSpin": 1, "Trajectory Exit Reason": "Separatrix reached!", "mismatch": 2.636002527367509e-12, "faithfulness": 0.9999999999957372, "DeltaNOrbits": 5.576950250037538e-08}