{"SMBHMASS": 300000.0, "SecondaryMass": 10, "PROCAMASS": 9e-18, "p0": 19.15, "e0": 0.6, "BHSpin": 1, "Trajectory Exit Reason": "Separatrix reached!", "mismatch": 1.2434497875801753e-14, "faithfulness": 0.9999999999999957, "DeltaNOrbits": -1.1116844352234295e-10}