{"SMBHMASS": 200000.0, "SecondaryMass": 10, "PROCAMASS": 2e-17, "p0": 27.150000000000002, "e0": 0.4, "BHSpin": 1, "Trajectory Exit Reason": "Separatrix reached!", "mismatch": 2.1706202391058582e-09, "faithfulness": 0.99999999776537, "DeltaNOrbits": 1.4450785973469361e-06}