{"SMBHMASS": 500000.0, "SecondaryMass": 10, "PROCAMASS": 9e-18, "p0": 15.6, "e0": 0.1, "BHSpin": 1, "Trajectory Exit Reason": "Separatrix reached!", "mismatch": 2.487743344659066e-10, "faithfulness": 0.9999999995951413, "DeltaNOrbits": 7.944467535585035e-07}