{"SMBHMASS": 400000.0, "SecondaryMass": 10, "PROCAMASS": 8e-18, "p0": 16.25, "e0": 0.7, "BHSpin": 1, "Trajectory Exit Reason": "Separatrix reached!", "mismatch": 3.235189893757706e-13, "faithfulness": 0.999999999999787, "DeltaNOrbits": 1.095009168695078e-08}