{"SMBHMASS": 80000000.0, "SecondaryMass": 10, "PROCAMASS": 1e-19, "p0": 4.83, "e0": 0.1, "BHSpin": 1, "Trajectory Exit Reason": "Integration reached time boundary. Boundary location t = 640710.74", "mismatch": 6.964439136503131e-09, "faithfulness": 0.9999848805079017, "DeltaNOrbits": -1.024545919271906e-05}