{"SMBHMASS": 300000.0, "SecondaryMass": 10, "PROCAMASS": 2e-17, "p0": 20.1, "e0": 0.1, "BHSpin": 1, "Trajectory Exit Reason": "Separatrix reached!", "mismatch": 8.89964239192409e-06, "faithfulness": 0.9999889702853586, "DeltaNOrbits": 0.00012898402036012484}