{"SMBHMASS": 200000.0, "SecondaryMass": 10, "PROCAMASS": 3e-17, "p0": 25.6, "e0": 0.7, "BHSpin": 1, "Trajectory Exit Reason": "Separatrix reached!", "mismatch": 0.00034672624793186113, "faithfulness": 0.9996727825520644, "DeltaNOrbits": 0.0004156327413300343}