{"SMBHMASS": 600000.0, "SecondaryMass": 10, "PROCAMASS": 9e-18, "p0": 14.339999999999998, "e0": 0.5, "BHSpin": 1, "Trajectory Exit Reason": "Separatrix reached!", "mismatch": 1.5567231614888044e-08, "faithfulness": 0.9999999733337346, "DeltaNOrbits": 5.945473640314105e-06}