{"SMBHMASS": 100000.0, "SecondaryMass": 10, "PROCAMASS": 6e-17, "p0": 32.5, "e0": 0.7, "BHSpin": 1, "Trajectory Exit Reason": "Separatrix reached!", "mismatch": 0.0069743819383537575, "faithfulness": 0.9964285097010056, "DeltaNOrbits": 0.0015580697216131235}