{"SMBHMASS": 60000000.0, "SecondaryMass": 10, "PROCAMASS": 1e-19, "p0": 4.46, "e0": 0.7, "BHSpin": 1, "Trajectory Exit Reason": "Integration reached time boundary. Boundary location t = 854280.98", "mismatch": 2.2400969967861784e-12, "faithfulness": 0.9999999882132414, "DeltaNOrbits": -5.3758048475392986e-08}