{"SMBHMASS": 40000000.0, "SecondaryMass": 10, "PROCAMASS": 1e-19, "p0": 4.76, "e0": 0.5, "BHSpin": 1, "Trajectory Exit Reason": "Integration reached time boundary. Boundary location t = 1281421.47", "mismatch": 8.992806499463768e-15, "faithfulness": 0.9999999998451392, "DeltaNOrbits": -3.7866751074798067e-10}