{"SMBHMASS": 800000.0, "SecondaryMass": 10, "PROCAMASS": 8e-18, "p0": 12.799999999999999, "e0": 0.3, "BHSpin": 1, "Trajectory Exit Reason": "Separatrix reached!", "mismatch": 2.6824982010120735e-06, "faithfulness": 0.9999941142238294, "DeltaNOrbits": 8.386017476411429e-05}