{"SMBHMASS": 300000.0, "SecondaryMass": 10, "PROCAMASS": 2e-17, "p0": 20.0, "e0": 0.3, "BHSpin": 1, "Trajectory Exit Reason": "Separatrix reached!", "mismatch": 1.2185634240879928e-05, "faithfulness": 0.999985270423979, "DeltaNOrbits": 0.00014290962807832073}