{"SMBHMASS": 200000.0, "SecondaryMass": 10, "PROCAMASS": 4e-17, "p0": 26.250000000000004, "e0": 0.6, "BHSpin": 1, "Trajectory Exit Reason": "Separatrix reached!", "mismatch": 0.3168370580166099, "faithfulness": 0.5976384498618005, "DeltaNOrbits": 0.02365203883207449}