{"SMBHMASS": 900000.0, "SecondaryMass": 10, "PROCAMASS": 4e-18, "p0": 11.95, "e0": 0.2, "BHSpin": 1, "Trajectory Exit Reason": "Separatrix reached!", "mismatch": 5.514477763313153e-13, "faithfulness": 0.9999999999993555, "DeltaNOrbits": 1.7045828006759254e-08}