{"SMBHMASS": 400000.0, "SecondaryMass": 10, "PROCAMASS": 2e-17, "p0": 17.0, "e0": 0.5, "BHSpin": 1, "Trajectory Exit Reason": "Separatrix reached!", "mismatch": 0.01813991750267585, "faithfulness": 0.9757149810911547, "DeltaNOrbits": 0.005345765892718609}