{"SMBHMASS": 1000000.0, "SecondaryMass": 10, "PROCAMASS": 7e-18, "p0": 11.1, "e0": 0.1, "BHSpin": 1, "Trajectory Exit Reason": "Separatrix reached!", "mismatch": 5.333253602524124e-06, "faithfulness": 0.999986914130135, "DeltaNOrbits": 0.00012279768175884565}