{"SMBHMASS": 20000000.0, "SecondaryMass": 10, "PROCAMASS": 2e-18, "p0": 4.83, "e0": 0.3, "BHSpin": 1, "Trajectory Exit Reason": "Integration reached time boundary. Boundary location t = 2562842.94", "mismatch": 0.9982437966068823, "faithfulness": 9.829920930661986e-05, "DeltaNOrbits": -4965.53157240511}