{"SMBHMASS": 30000000.0, "SecondaryMass": 10, "PROCAMASS": 1e-19, "p0": 4.795, "e0": 0.4, "BHSpin": 1, "Trajectory Exit Reason": "Integration reached time boundary. Boundary location t = 1708561.96", "mismatch": 1.4432899320127035e-15, "faithfulness": 0.9999999999999982, "DeltaNOrbits": 4.632018480097623e-12}