{"SMBHMASS": 100000.0, "SecondaryMass": 10, "PROCAMASS": 1e-16, "p0": 34.8, "e0": 0.3, "BHSpin": 1, "Trajectory Exit Reason": "Separatrix reached!", "mismatch": 0.8794662149570666, "faithfulness": 0.07290509488176063, "DeltaNOrbits": 1.4479362073858584}