{"SMBHMASS": 400000.0, "SecondaryMass": 10, "PROCAMASS": 8e-18, "p0": 17.3, "e0": 0.3, "BHSpin": 1, "Trajectory Exit Reason": "Separatrix reached!", "mismatch": 1.4865886299730846e-13, "faithfulness": 0.9999999999998911, "DeltaNOrbits": 8.059712155369864e-09}