{"SMBHMASS": 30000000.0, "SecondaryMass": 10, "PROCAMASS": 9e-19, "p0": 4.83, "e0": 0.3, "BHSpin": 1, "Trajectory Exit Reason": "Integration reached time boundary. Boundary location t = 1708561.96", "mismatch": 0.9890297564196574, "faithfulness": 0.018331110415407907, "DeltaNOrbits": -89.87621490219429}