{"SMBHMASS": 1000000.0, "SecondaryMass": 10, "PROCAMASS": 6e-18, "p0": 11.0, "e0": 0.3, "BHSpin": 1, "Trajectory Exit Reason": "Separatrix reached!", "mismatch": 3.2452456055764856e-08, "faithfulness": 0.9999999270328418, "DeltaNOrbits": 9.75964440949177e-06}