{"SMBHMASS": 900000.0, "SecondaryMass": 10, "PROCAMASS": 7e-18, "p0": 11.288, "e0": 0.7, "BHSpin": 1, "Trajectory Exit Reason": "Separatrix reached!", "mismatch": 1.0597273537582552e-06, "faithfulness": 0.9999981275429861, "DeltaNOrbits": 4.216514379184818e-05}