{"SMBHMASS": 400000.0, "SecondaryMass": 10, "PROCAMASS": 1e-17, "p0": 16.25, "e0": 0.7, "BHSpin": 1, "Trajectory Exit Reason": "Separatrix reached!", "mismatch": 1.7248646955181357e-11, "faithfulness": 0.9999999999804421, "DeltaNOrbits": 1.2348961267940264e-07}