{"SMBHMASS": 200000.0, "SecondaryMass": 10, "PROCAMASS": 7e-17, "p0": 26.250000000000004, "e0": 0.6, "BHSpin": 1, "Trajectory Exit Reason": "Separatrix reached!", "mismatch": 0.9805001992584728, "faithfulness": 0.008557663433736247, "DeltaNOrbits": 35.11447889297098}