{"SMBHMASS": 600000.0, "SecondaryMass": 10, "PROCAMASS": 5e-18, "p0": 14.649999999999997, "e0": 0.2, "BHSpin": 1, "Trajectory Exit Reason": "Separatrix reached!", "mismatch": 2.0650148258027912e-14, "faithfulness": 0.9999999999999677, "DeltaNOrbits": 2.5754022749342783e-09}