{"SMBHMASS": 900000.0, "SecondaryMass": 10, "PROCAMASS": 3e-18, "p0": 11.999999999999998, "e0": 0.1, "BHSpin": 1, "Trajectory Exit Reason": "Separatrix reached!", "mismatch": 6.183942247162122e-14, "faithfulness": 0.9999999999999508, "DeltaNOrbits": -4.0761762624859083e-10}