{"SMBHMASS": 100000.0, "SecondaryMass": 10, "PROCAMASS": 5e-17, "p0": 34.2, "e0": 0.5, "BHSpin": 1, "Trajectory Exit Reason": "Separatrix reached!", "mismatch": 6.479563311234671e-06, "faithfulness": 0.9999968776399004, "DeltaNOrbits": 6.257905139604082e-05}