{"SMBHMASS": 500000.0, "SecondaryMass": 10, "PROCAMASS": 9e-18, "p0": 14.879999999999999, "e0": 0.6, "BHSpin": 1, "Trajectory Exit Reason": "Separatrix reached!", "mismatch": 3.114771773837788e-10, "faithfulness": 0.9999999995698184, "DeltaNOrbits": 7.114409823951541e-07}