{"SMBHMASS": 200000.0, "SecondaryMass": 10, "PROCAMASS": 4e-17, "p0": 27.5, "e0": 0.2, "BHSpin": 1, "Trajectory Exit Reason": "Separatrix reached!", "mismatch": 0.38922846033351666, "faithfulness": 0.4271201054445962, "DeltaNOrbits": 0.04934203869280484}