{"SMBHMASS": 1000000.0, "SecondaryMass": 10, "PROCAMASS": 4e-18, "p0": 11.1, "e0": 0.1, "BHSpin": 1, "Trajectory Exit Reason": "Separatrix reached!", "mismatch": 1.8340884366807586e-12, "faithfulness": 0.9999999999971814, "DeltaNOrbits": 4.480088273950421e-08}