{"SMBHMASS": 100000.0, "SecondaryMass": 10, "PROCAMASS": 8e-17, "p0": 33.35, "e0": 0.6, "BHSpin": 1, "Trajectory Exit Reason": "Separatrix reached!", "mismatch": 0.5165438431859013, "faithfulness": 0.4444865030057186, "DeltaNOrbits": 0.04932201479189263}