{"SMBHMASS": 600000.0, "SecondaryMass": 10, "PROCAMASS": 7e-18, "p0": 14.041, "e0": 0.6, "BHSpin": 1, "Trajectory Exit Reason": "Separatrix reached!", "mismatch": 1.0019896024004993e-10, "faithfulness": 0.9999999998508893, "DeltaNOrbits": 4.034117534686622e-07}