{"SMBHMASS": 200000.0, "SecondaryMass": 10, "PROCAMASS": 2e-16, "p0": 27.5, "e0": 0.2, "BHSpin": 1, "Trajectory Exit Reason": "Separatrix reached!", "mismatch": 0.9987484962506988, "faithfulness": 0.0002763107856121686, "DeltaNOrbits": 1229.5818607410627}