{"SMBHMASS": 900000.0, "SecondaryMass": 10, "PROCAMASS": 7e-18, "p0": 11.95, "e0": 0.2, "BHSpin": 1, "Trajectory Exit Reason": "Separatrix reached!", "mismatch": 4.3603384458634764e-07, "faithfulness": 0.9999989740922646, "DeltaNOrbits": 3.4441225184174514e-05}