{"SMBHMASS": 800000.0, "SecondaryMass": 10, "PROCAMASS": 5e-17, "p0": 12.62, "e0": 0.5, "BHSpin": 1, "Trajectory Exit Reason": "Separatrix reached!", "mismatch": 0.9989738584180681, "faithfulness": 0.0012630903595631415, "DeltaNOrbits": 11561.479578153112}