{"SMBHMASS": 1000000.0, "SecondaryMass": 10, "PROCAMASS": 7e-18, "p0": 10.9, "e0": 0.5, "BHSpin": 1, "Trajectory Exit Reason": "Separatrix reached!", "mismatch": 3.348847798845256e-06, "faithfulness": 0.9999931492856059, "DeltaNOrbits": 9.346735165331517e-05}