{"SMBHMASS": 900000.0, "SecondaryMass": 10, "PROCAMASS": 6e-18, "p0": 11.523999999999997, "e0": 0.6, "BHSpin": 1, "Trajectory Exit Reason": "Separatrix reached!", "mismatch": 9.96437832245789e-09, "faithfulness": 0.999999981338779, "DeltaNOrbits": 4.814918361802758e-06}