{"SMBHMASS": 400000.0, "SecondaryMass": 10, "PROCAMASS": 4e-17, "p0": 17.150000000000002, "e0": 0.4, "BHSpin": 1, "Trajectory Exit Reason": "Separatrix reached!", "mismatch": 0.975137410959748, "faithfulness": 0.008677649432962587, "DeltaNOrbits": 21.88579990392245}