{"SMBHMASS": 300000.0, "SecondaryMass": 10, "PROCAMASS": 2e-17, "p0": 19.6, "e0": 0.5, "BHSpin": 1, "Trajectory Exit Reason": "Separatrix reached!", "mismatch": 6.1553965824412415e-06, "faithfulness": 0.9999927472632372, "DeltaNOrbits": 9.177329279862602e-05}