{"SMBHMASS": 700000.0, "SecondaryMass": 10, "PROCAMASS": 4e-18, "p0": 13.749999999999996, "e0": 0.2, "BHSpin": 1, "Trajectory Exit Reason": "Separatrix reached!", "mismatch": 2.8199664825478976e-14, "faithfulness": 0.999999999999974, "DeltaNOrbits": 1.2969651744273344e-09}