{"SMBHMASS": 100000.0, "SecondaryMass": 10, "PROCAMASS": 8e-17, "p0": 34.5, "e0": 0.4, "BHSpin": 1, "Trajectory Exit Reason": "Separatrix reached!", "mismatch": 0.5793201206908286, "faithfulness": 0.34893208939490195, "DeltaNOrbits": 0.09618631730088797}