{"SMBHMASS": 700000.0, "SecondaryMass": 10, "PROCAMASS": 7e-18, "p0": 13.590000000000002, "e0": 0.4, "BHSpin": 1, "Trajectory Exit Reason": "Separatrix reached!", "mismatch": 2.3106909718961788e-09, "faithfulness": 0.9999999955409699, "DeltaNOrbits": 2.336149256400276e-06}