{"SMBHMASS": 800000.0, "SecondaryMass": 10, "PROCAMASS": 4e-18, "p0": 12.799999999999999, "e0": 0.3, "BHSpin": 1, "Trajectory Exit Reason": "Separatrix reached!", "mismatch": 2.986499936241671e-14, "faithfulness": 0.9999999999999697, "DeltaNOrbits": 1.5934143571535823e-09}