{"SMBHMASS": 50000000.0, "SecondaryMass": 10, "PROCAMASS": 1e-19, "p0": 4.83, "e0": 0.3, "BHSpin": 1, "Trajectory Exit Reason": "Integration reached time boundary. Boundary location t = 1025137.18", "mismatch": 6.061817714453355e-14, "faithfulness": 0.999999973316129, "DeltaNOrbits": -1.8802521015336275e-08}