{"SMBHMASS": 500000.0, "SecondaryMass": 10, "PROCAMASS": 7e-18, "p0": 15.549999999999999, "e0": 0.2, "BHSpin": 1, "Trajectory Exit Reason": "Separatrix reached!", "mismatch": 1.3132828158290977e-12, "faithfulness": 0.99999999999867, "DeltaNOrbits": 3.796402346288012e-08}