{"SMBHMASS": 400000.0, "SecondaryMass": 10, "PROCAMASS": 7e-18, "p0": 16.625, "e0": 0.6, "BHSpin": 1, "Trajectory Exit Reason": "Separatrix reached!", "mismatch": 3.249622793077833e-13, "faithfulness": 0.999999999999843, "DeltaNOrbits": 1.4266616918700678e-09}