{"SMBHMASS": 400000.0, "SecondaryMass": 10, "PROCAMASS": 8e-18, "p0": 17.4, "e0": 0.1, "BHSpin": 1, "Trajectory Exit Reason": "Separatrix reached!", "mismatch": 4.5008441418303846e-13, "faithfulness": 0.9999999999996523, "DeltaNOrbits": 1.5897087423695043e-08}