{"SMBHMASS": 100000.0, "SecondaryMass": 10, "PROCAMASS": 6e-17, "p0": 34.95, "e0": 0.2, "BHSpin": 1, "Trajectory Exit Reason": "Separatrix reached!", "mismatch": 0.0007868165341836653, "faithfulness": 0.9996360048314167, "DeltaNOrbits": 0.0008191199225876264}