{"SMBHMASS": 70000000.0, "SecondaryMass": 10, "PROCAMASS": 1e-19, "p0": 4.795, "e0": 0.4, "BHSpin": 1, "Trajectory Exit Reason": "Integration reached time boundary. Boundary location t = 732240.84", "mismatch": 3.7577385647580286e-11, "faithfulness": 0.9999587080901278, "DeltaNOrbits": 1.97810349192569e-08}