{"SMBHMASS": 700000.0, "SecondaryMass": 10, "PROCAMASS": 8e-18, "p0": 13.7, "e0": 0.3, "BHSpin": 1, "Trajectory Exit Reason": "Separatrix reached!", "mismatch": 3.0795016092710625e-08, "faithfulness": 0.9999999366474729, "DeltaNOrbits": 9.031027902572416e-06}