{"SMBHMASS": 40000000.0, "SecondaryMass": 10, "PROCAMASS": 4e-19, "p0": 4.83, "e0": 0.2, "BHSpin": 1, "Trajectory Exit Reason": "Integration reached time boundary. Boundary location t = 1281421.47", "mismatch": 0.8070726564810916, "faithfulness": 0.24644503744603435, "DeltaNOrbits": -0.18568216169882315}