{"SMBHMASS": 500000.0, "SecondaryMass": 10, "PROCAMASS": 8e-18, "p0": 15.5, "e0": 0.3, "BHSpin": 1, "Trajectory Exit Reason": "Separatrix reached!", "mismatch": 4.814704190891916e-12, "faithfulness": 0.9999999999936364, "DeltaNOrbits": 9.206599931042035e-08}