{"SMBHMASS": 600000.0, "SecondaryMass": 10, "PROCAMASS": 8e-18, "p0": 14.469999999999999, "e0": 0.4, "BHSpin": 1, "Trajectory Exit Reason": "Separatrix reached!", "mismatch": 3.9775660543028835e-10, "faithfulness": 0.9999999992981451, "DeltaNOrbits": 9.750769462083904e-07}