{"SMBHMASS": 900000.0, "SecondaryMass": 10, "PROCAMASS": 5e-18, "p0": 11.288, "e0": 0.7, "BHSpin": 1, "Trajectory Exit Reason": "Separatrix reached!", "mismatch": 1.0145873030609209e-10, "faithfulness": 0.9999999998332194, "DeltaNOrbits": 3.914518817530501e-07}