{"SMBHMASS": 900000.0, "SecondaryMass": 10, "PROCAMASS": 5e-18, "p0": 11.999999999999998, "e0": 0.1, "BHSpin": 1, "Trajectory Exit Reason": "Separatrix reached!", "mismatch": 2.935607312792854e-11, "faithfulness": 0.9999999999370005, "DeltaNOrbits": 2.5031427866447557e-07}