{"SMBHMASS": 500000.0, "SecondaryMass": 10, "PROCAMASS": 7e-18, "p0": 14.879999999999999, "e0": 0.6, "BHSpin": 1, "Trajectory Exit Reason": "Separatrix reached!", "mismatch": 3.013145288832675e-13, "faithfulness": 0.9999999999997771, "DeltaNOrbits": 1.1135372426154686e-08}