{"SMBHMASS": 800000.0, "SecondaryMass": 10, "PROCAMASS": 4e-18, "p0": 12.71, "e0": 0.4, "BHSpin": 1, "Trajectory Exit Reason": "Separatrix reached!", "mismatch": 1.5578649481540197e-12, "faithfulness": 0.9999999999988108, "DeltaNOrbits": 1.1468877756721714e-08}