{"SMBHMASS": 400000.0, "SecondaryMass": 10, "PROCAMASS": 7e-17, "p0": 17.35, "e0": 0.2, "BHSpin": 1, "Trajectory Exit Reason": "Separatrix reached!", "mismatch": 0.999222000676896, "faithfulness": 0.0001067742758346852, "DeltaNOrbits": 6818.487615544176}