{"SMBHMASS": 50000000.0, "SecondaryMass": 10, "PROCAMASS": 2e-19, "p0": 4.795, "e0": 0.4, "BHSpin": 1, "Trajectory Exit Reason": "Integration reached time boundary. Boundary location t = 1025137.18", "mismatch": 1.1533828347176645e-05, "faithfulness": 0.9997356731874003, "DeltaNOrbits": -0.0003039545545959982}