{"SMBHMASS": 700000.0, "SecondaryMass": 10, "PROCAMASS": 9e-18, "p0": 13.590000000000002, "e0": 0.4, "BHSpin": 1, "Trajectory Exit Reason": "Separatrix reached!", "mismatch": 3.4749304104186862e-06, "faithfulness": 0.9999932129050585, "DeltaNOrbits": 9.183098922081412e-05}