{"SMBHMASS": 700000.0, "SecondaryMass": 10, "PROCAMASS": 2e-17, "p0": 13.202, "e0": 0.6, "BHSpin": 1, "Trajectory Exit Reason": "Separatrix reached!", "mismatch": 0.9473948960118436, "faithfulness": 0.018253922838341645, "DeltaNOrbits": 3.1596790831772354}