{"SMBHMASS": 700000.0, "SecondaryMass": 10, "PROCAMASS": 6e-18, "p0": 13.799999999999999, "e0": 0.1, "BHSpin": 1, "Trajectory Exit Reason": "Separatrix reached!", "mismatch": 1.4434564654663973e-11, "faithfulness": 0.9999999999726708, "DeltaNOrbits": 1.69531876371573e-07}