{"SMBHMASS": 400000.0, "SecondaryMass": 10, "PROCAMASS": 7e-18, "p0": 17.0, "e0": 0.5, "BHSpin": 1, "Trajectory Exit Reason": "Separatrix reached!", "mismatch": -1.0436096431476471e-14, "faithfulness": 0.9999999999999954, "DeltaNOrbits": 7.967071785767912e-10}