{"SMBHMASS": 700000.0, "SecondaryMass": 10, "PROCAMASS": 8e-18, "p0": 13.479999999999999, "e0": 0.5, "BHSpin": 1, "Trajectory Exit Reason": "Separatrix reached!", "mismatch": 8.59405581143946e-08, "faithfulness": 0.9999998405588764, "DeltaNOrbits": 1.4092175102740203e-05}