{"SMBHMASS": 900000.0, "SecondaryMass": 10, "PROCAMASS": 1e-17, "p0": 11.759999999999998, "e0": 0.5, "BHSpin": 1, "Trajectory Exit Reason": "Separatrix reached!", "mismatch": 0.00722944623361732, "faithfulness": 0.985322780170666, "DeltaNOrbits": 0.0041175231231571}