{"SMBHMASS": 20000000.0, "SecondaryMass": 10, "PROCAMASS": 2e-19, "p0": 4.46, "e0": 0.7, "BHSpin": 1, "Trajectory Exit Reason": "Integration reached time boundary. Boundary location t = 2562842.94", "mismatch": -2.6645352591003757e-15, "faithfulness": 0.9999999999969824, "DeltaNOrbits": -3.427693675272241e-10}