{"SMBHMASS": 700000.0, "SecondaryMass": 10, "PROCAMASS": 1e-17, "p0": 13.590000000000002, "e0": 0.4, "BHSpin": 1, "Trajectory Exit Reason": "Separatrix reached!", "mismatch": 3.218177166797176e-05, "faithfulness": 0.999937061468659, "DeltaNOrbits": 0.00028345890923570116}