{"SMBHMASS": 100000.0, "SecondaryMass": 10, "PROCAMASS": 5e-17, "p0": 34.8, "e0": 0.3, "BHSpin": 1, "Trajectory Exit Reason": "Separatrix reached!", "mismatch": 1.011166824838039e-05, "faithfulness": 0.9999949039477181, "DeltaNOrbits": 8.619541614489247e-05}