{"SMBHMASS": 100000.0, "SecondaryMass": 10, "PROCAMASS": 8e-17, "p0": 35.1, "e0": 0.1, "BHSpin": 1, "Trajectory Exit Reason": "Separatrix reached!", "mismatch": 0.5658787134412102, "faithfulness": 0.3664920028819441, "DeltaNOrbits": 0.11684589119406527}