{"SMBHMASS": 700000.0, "SecondaryMass": 10, "PROCAMASS": 4e-18, "p0": 13.479999999999999, "e0": 0.5, "BHSpin": 1, "Trajectory Exit Reason": "Separatrix reached!", "mismatch": 2.8310687127941492e-14, "faithfulness": 0.9999999999999861, "DeltaNOrbits": 1.537830135392411e-09}