{"SMBHMASS": 300000.0, "SecondaryMass": 10, "PROCAMASS": 3e-17, "p0": 20.05, "e0": 0.2, "BHSpin": 1, "Trajectory Exit Reason": "Separatrix reached!", "mismatch": 0.33142154433725135, "faithfulness": 0.5333578786668791, "DeltaNOrbits": 0.04153354402264692}