{"SMBHMASS": 200000.0, "SecondaryMass": 10, "PROCAMASS": 1e-16, "p0": 26.900000000000002, "e0": 0.5, "BHSpin": 1, "Trajectory Exit Reason": "Separatrix reached!", "mismatch": 0.9987593581015859, "faithfulness": 0.00044145205186447864, "DeltaNOrbits": 6417.474018288303}