{"SMBHMASS": 100000.0, "SecondaryMass": 10, "PROCAMASS": 1e-16, "p0": 34.5, "e0": 0.4, "BHSpin": 1, "Trajectory Exit Reason": "Separatrix reached!", "mismatch": 0.8818356565238448, "faithfulness": 0.07325704928697724, "DeltaNOrbits": 1.4743732115143247}