{"SMBHMASS": 100000.0, "SecondaryMass": 10, "PROCAMASS": 8e-17, "p0": 34.95, "e0": 0.2, "BHSpin": 1, "Trajectory Exit Reason": "Separatrix reached!", "mismatch": 0.45581922147147913, "faithfulness": 0.48958919709013027, "DeltaNOrbits": 0.04373240165943072}