{"SMBHMASS": 800000.0, "SecondaryMass": 10, "PROCAMASS": 2e-17, "p0": 12.799999999999999, "e0": 0.3, "BHSpin": 1, "Trajectory Exit Reason": "Separatrix reached!", "mismatch": 0.9554787637162075, "faithfulness": 0.01530496053049859, "DeltaNOrbits": 7.841416071530058}