{"SMBHMASS": 800000.0, "SecondaryMass": 10, "PROCAMASS": 7e-18, "p0": 12.363, "e0": 0.6, "BHSpin": 1, "Trajectory Exit Reason": "Separatrix reached!", "mismatch": 3.7481157288965505e-08, "faithfulness": 0.9999999313991761, "DeltaNOrbits": 8.491397749641043e-06}