{"SMBHMASS": 800000.0, "SecondaryMass": 10, "PROCAMASS": 1e-17, "p0": 12.71, "e0": 0.4, "BHSpin": 1, "Trajectory Exit Reason": "Separatrix reached!", "mismatch": 0.0018326888507372852, "faithfulness": 0.9961805730400145, "DeltaNOrbits": 0.0021457700173991797}