{"SMBHMASS": 600000.0, "SecondaryMass": 10, "PROCAMASS": 1e-17, "p0": 13.741999999999999, "e0": 0.7, "BHSpin": 1, "Trajectory Exit Reason": "Separatrix reached!", "mismatch": 5.656054795633025e-07, "faithfulness": 0.9999991379860674, "DeltaNOrbits": 3.0014358802560414e-05}