{"SMBHMASS": 700000.0, "SecondaryMass": 10, "PROCAMASS": 1e-17, "p0": 13.479999999999999, "e0": 0.5, "BHSpin": 1, "Trajectory Exit Reason": "Separatrix reached!", "mismatch": 4.7393155150454724e-05, "faithfulness": 0.9999119710593375, "DeltaNOrbits": 0.00033006466724001235}