{"SMBHMASS": 500000.0, "SecondaryMass": 10, "PROCAMASS": 7e-17, "p0": 15.549999999999999, "e0": 0.2, "BHSpin": 1, "Trajectory Exit Reason": "Separatrix reached!", "mismatch": 0.999886348716389, "faithfulness": -0.00047168340207845677, "DeltaNOrbits": 10053.47537480652}