{"SMBHMASS": 600000.0, "SecondaryMass": 10, "PROCAMASS": 5e-17, "p0": 14.469999999999999, "e0": 0.4, "BHSpin": 1, "Trajectory Exit Reason": "Separatrix reached!", "mismatch": 0.999080990923149, "faithfulness": 0.0007981817046941425, "DeltaNOrbits": 8417.166126003593}