{"SMBHMASS": 900000.0, "SecondaryMass": 10, "PROCAMASS": 4e-18, "p0": 11.95, "e0": 0.2, "BHSpin": 1, "Trajectory Exit Reason": "Separatrix reached!", "mismatch": 4.390932062392494e-13, "faithfulness": 0.9999999999994892, "DeltaNOrbits": 1.5285660984322155e-08}