{"SMBHMASS": 100000.0, "SecondaryMass": 10, "PROCAMASS": 7e-17, "p0": 35.1, "e0": 0.1, "BHSpin": 1, "Trajectory Exit Reason": "Separatrix reached!", "mismatch": 0.07886792880933557, "faithfulness": 0.9558971033768004, "DeltaNOrbits": 0.009719285076632464}