{"SMBHMASS": 600000.0, "SecondaryMass": 10, "PROCAMASS": 9e-18, "p0": 14.041, "e0": 0.6, "BHSpin": 1, "Trajectory Exit Reason": "Separatrix reached!", "mismatch": 1.1780859765497809e-07, "faithfulness": 0.9999998131174858, "DeltaNOrbits": 1.4495012485917332e-05}