{"SMBHMASS": 500000.0, "SecondaryMass": 10, "PROCAMASS": 7e-17, "p0": 14.56, "e0": 0.7, "BHSpin": 1, "Trajectory Exit Reason": "Separatrix reached!", "mismatch": 1.0003398682151177, "faithfulness": -0.00045286752961017345, "DeltaNOrbits": 9308.42955721923}