{"SMBHMASS": 900000.0, "SecondaryMass": 10, "PROCAMASS": 6e-18, "p0": 11.899999999999999, "e0": 0.3, "BHSpin": 1, "Trajectory Exit Reason": "Separatrix reached!", "mismatch": 4.343714943289001e-09, "faithfulness": 0.9999999902935535, "DeltaNOrbits": 3.392860896301907e-06}