{"SMBHMASS": 400000.0, "SecondaryMass": 10, "PROCAMASS": 2e-17, "p0": 17.0, "e0": 0.5, "BHSpin": 1, "Trajectory Exit Reason": "Separatrix reached!", "mismatch": 0.009005473347817206, "faithfulness": 0.9878457568491535, "DeltaNOrbits": 0.0038470862445306444}