{"SMBHMASS": 100000.0, "SecondaryMass": 10, "PROCAMASS": 6e-17, "p0": 34.5, "e0": 0.4, "BHSpin": 1, "Trajectory Exit Reason": "Separatrix reached!", "mismatch": 0.0024849750096823664, "faithfulness": 0.9987317542969607, "DeltaNOrbits": 0.0012713447761471056}