{"SMBHMASS": 1000000.0, "SecondaryMass": 10, "PROCAMASS": 8e-18, "p0": 10.47, "e0": 0.7, "BHSpin": 1, "Trajectory Exit Reason": "Separatrix reached!", "mismatch": 0.000636358014525662, "faithfulness": 0.9988555585187867, "DeltaNOrbits": 0.00108931647356726}