{"SMBHMASS": 1000000.0, "SecondaryMass": 10, "PROCAMASS": 8e-18, "p0": 10.9, "e0": 0.5, "BHSpin": 1, "Trajectory Exit Reason": "Separatrix reached!", "mismatch": 0.0002477939743193991, "faithfulness": 0.9994897777741696, "DeltaNOrbits": 0.0008154079619382305}