{"SMBHMASS": 800000.0, "SecondaryMass": 10, "PROCAMASS": 1e-17, "p0": 12.106, "e0": 0.7, "BHSpin": 1, "Trajectory Exit Reason": "Separatrix reached!", "mismatch": 0.0018513914084808958, "faithfulness": 0.9968274340534066, "DeltaNOrbits": 0.0017075369538379402}