{"SMBHMASS": 200000.0, "SecondaryMass": 10, "PROCAMASS": 9e-17, "p0": 27.4, "e0": 0.3, "BHSpin": 1, "Trajectory Exit Reason": "Separatrix reached!", "mismatch": 0.9921790846348599, "faithfulness": 0.002374873199801608, "DeltaNOrbits": 275.34734974059063}