{"SMBHMASS": 600000.0, "SecondaryMass": 10, "PROCAMASS": 7e-18, "p0": 14.649999999999997, "e0": 0.2, "BHSpin": 1, "Trajectory Exit Reason": "Separatrix reached!", "mismatch": 1.2322920461826925e-11, "faithfulness": 0.9999999999791555, "DeltaNOrbits": 1.6382522960409274e-07}