{"SMBHMASS": 40000000.0, "SecondaryMass": 10, "PROCAMASS": 1e-19, "p0": 4.83, "e0": 0.2, "BHSpin": 1, "Trajectory Exit Reason": "Integration reached time boundary. Boundary location t = 1281421.47", "mismatch": 1.9984014443252818e-14, "faithfulness": 0.999999990655544, "DeltaNOrbits": 4.0993363548863964e-10}