{"SMBHMASS": 700000.0, "SecondaryMass": 10, "PROCAMASS": 1e-17, "p0": 13.799999999999999, "e0": 0.1, "BHSpin": 1, "Trajectory Exit Reason": "Separatrix reached!", "mismatch": 7.568270055391402e-05, "faithfulness": 0.9998343072980967, "DeltaNOrbits": 0.00045310721602378985}