{"SMBHMASS": 40000000.0, "SecondaryMass": 10, "PROCAMASS": 9e-19, "p0": 4.76, "e0": 0.5, "BHSpin": 1, "Trajectory Exit Reason": "Integration reached time boundary. Boundary location t = 1281421.47", "mismatch": 0.9954416045916606, "faithfulness": 0.04843731938276096, "DeltaNOrbits": -2004.965280429018}