{"SMBHMASS": 900000.0, "SecondaryMass": 10, "PROCAMASS": 5e-18, "p0": 11.830000000000002, "e0": 0.4, "BHSpin": 1, "Trajectory Exit Reason": "Separatrix reached!", "mismatch": 2.601785453748562e-11, "faithfulness": 0.9999999999508704, "DeltaNOrbits": 2.1021952670075053e-07}