{"SMBHMASS": 100000.0, "SecondaryMass": 10, "PROCAMASS": 5e-17, "p0": 34.5, "e0": 0.4, "BHSpin": 1, "Trajectory Exit Reason": "Separatrix reached!", "mismatch": 1.2733006116594225e-05, "faithfulness": 0.9999935176503543, "DeltaNOrbits": 9.108386316804829e-05}