{"SMBHMASS": 400000.0, "SecondaryMass": 10, "PROCAMASS": 1e-17, "p0": 17.35, "e0": 0.2, "BHSpin": 1, "Trajectory Exit Reason": "Separatrix reached!", "mismatch": 5.118927504099702e-11, "faithfulness": 0.999999999931825, "DeltaNOrbits": 3.222958458451926e-07}