{"SMBHMASS": 100000.0, "SecondaryMass": 10, "PROCAMASS": 4e-16, "p0": 34.5, "e0": 0.4, "BHSpin": 1, "Trajectory Exit Reason": "Separatrix reached!", "mismatch": 0.9996186836998995, "faithfulness": 0.0003810338654496344, "DeltaNOrbits": 33197.586686573915}