{"SMBHMASS": 700000.0, "SecondaryMass": 10, "PROCAMASS": 4e-18, "p0": 13.7, "e0": 0.3, "BHSpin": 1, "Trajectory Exit Reason": "Separatrix reached!", "mismatch": 9.137135492665038e-14, "faithfulness": 0.9999999999999234, "DeltaNOrbits": 7.225948828952291e-10}