{"SMBHMASS": 50000000.0, "SecondaryMass": 10, "PROCAMASS": 1e-19, "p0": 4.83, "e0": 0.3, "BHSpin": 1, "Trajectory Exit Reason": "Integration reached time boundary. Boundary location t = 1025137.18", "mismatch": 8.293365993949919e-14, "faithfulness": 0.9999999409069914, "DeltaNOrbits": -1.316535452505747e-08}