{"SMBHMASS": 400000.0, "SecondaryMass": 10, "PROCAMASS": 7e-18, "p0": 17.0, "e0": 0.5, "BHSpin": 1, "Trajectory Exit Reason": "Separatrix reached!", "mismatch": 1.4499512701604544e-13, "faithfulness": 0.9999999999999288, "DeltaNOrbits": 1.6675266528351442e-10}