{"SMBHMASS": 900000.0, "SecondaryMass": 10, "PROCAMASS": 8e-18, "p0": 11.899999999999999, "e0": 0.3, "BHSpin": 1, "Trajectory Exit Reason": "Separatrix reached!", "mismatch": 2.7330233535405313e-05, "faithfulness": 0.9999382212233447, "DeltaNOrbits": 0.0002604241036710627}