{"SMBHMASS": 100000.0, "SecondaryMass": 10, "PROCAMASS": 9e-17, "p0": 35.1, "e0": 0.1, "BHSpin": 1, "Trajectory Exit Reason": "Separatrix reached!", "mismatch": 0.7845759969603808, "faithfulness": 0.14366779000550692, "DeltaNOrbits": 0.44451871564028006}