{"SMBHMASS": 700000.0, "SecondaryMass": 10, "PROCAMASS": 4e-18, "p0": 12.924, "e0": 0.7, "BHSpin": 1, "Trajectory Exit Reason": "Separatrix reached!", "mismatch": -1.176836406102666e-14, "faithfulness": 0.9999999999999972, "DeltaNOrbits": 9.541958069001103e-10}