{"SMBHMASS": 900000.0, "SecondaryMass": 10, "PROCAMASS": 8e-18, "p0": 11.899999999999999, "e0": 0.3, "BHSpin": 1, "Trajectory Exit Reason": "Separatrix reached!", "mismatch": 1.1640351168962226e-05, "faithfulness": 0.9999737754611464, "DeltaNOrbits": 0.00016820556272805577}