{"SMBHMASS": 30000000.0, "SecondaryMass": 10, "PROCAMASS": 5e-19, "p0": 4.609999999999999, "e0": 0.6, "BHSpin": 1, "Trajectory Exit Reason": "Integration reached time boundary. Boundary location t = 1708561.96", "mismatch": 0.5215639402889696, "faithfulness": 0.2534888423137139, "DeltaNOrbits": -0.056501143181522114}