{"SMBHMASS": 500000.0, "SecondaryMass": 10, "PROCAMASS": 6e-18, "p0": 15.549999999999999, "e0": 0.2, "BHSpin": 1, "Trajectory Exit Reason": "Separatrix reached!", "mismatch": 3.7336800318144014e-13, "faithfulness": 0.9999999999997667, "DeltaNOrbits": 1.6304705049943633e-09}