{"SMBHMASS": 100000.0, "SecondaryMass": 10, "PROCAMASS": 7e-17, "p0": 34.2, "e0": 0.5, "BHSpin": 1, "Trajectory Exit Reason": "Separatrix reached!", "mismatch": 0.15159338960149893, "faithfulness": 0.8970289085728999, "DeltaNOrbits": 0.012687551683978966}