{"SMBHMASS": 1000000.0, "SecondaryMass": 10, "PROCAMASS": 3e-18, "p0": 10.685, "e0": 0.6, "BHSpin": 1, "Trajectory Exit Reason": "Separatrix reached!", "mismatch": 5.437872374614017e-13, "faithfulness": 0.9999999999996105, "DeltaNOrbits": 3.3999015643916555e-09}