{"SMBHMASS": 1000000.0, "SecondaryMass": 10, "PROCAMASS": 8e-18, "p0": 10.685, "e0": 0.6, "BHSpin": 1, "Trajectory Exit Reason": "Separatrix reached!", "mismatch": 0.000319873789136893, "faithfulness": 0.999386538973531, "DeltaNOrbits": 0.0008652951159461386}