{"SMBHMASS": 90000000.0, "SecondaryMass": 10, "PROCAMASS": 1e-19, "p0": 4.609999999999999, "e0": 0.6, "BHSpin": 1, "Trajectory Exit Reason": "Integration reached time boundary. Boundary location t = 569520.65", "mismatch": 7.559701431514299e-08, "faithfulness": 0.9998454855059935, "DeltaNOrbits": -1.2204330543915385e-05}