{"SMBHMASS": 30000000.0, "SecondaryMass": 10, "PROCAMASS": 3e-19, "p0": 4.83, "e0": 0.2, "BHSpin": 1, "Trajectory Exit Reason": "Integration reached time boundary. Boundary location t = 1708561.96", "mismatch": 4.3014236550398266e-07, "faithfulness": 0.9999613039804311, "DeltaNOrbits": -7.063733457370957e-05}