{"SMBHMASS": 200000.0, "SecondaryMass": 10, "PROCAMASS": 6e-17, "p0": 27.5, "e0": 0.2, "BHSpin": 1, "Trajectory Exit Reason": "Separatrix reached!", "mismatch": 0.9607212761971361, "faithfulness": 0.010080539546319604, "DeltaNOrbits": 12.640088492366791}