{"SMBHMASS": 500000.0, "SecondaryMass": 10, "PROCAMASS": 9e-18, "p0": 15.5, "e0": 0.3, "BHSpin": 1, "Trajectory Exit Reason": "Separatrix reached!", "mismatch": 1.4809820036987276e-10, "faithfulness": 0.9999999997680691, "DeltaNOrbits": 6.000502019857664e-07}