{"SMBHMASS": 100000.0, "SecondaryMass": 10, "PROCAMASS": 8e-17, "p0": 35.1, "e0": 0.1, "BHSpin": 1, "Trajectory Exit Reason": "Separatrix reached!", "mismatch": 0.5130766965616329, "faithfulness": 0.4286315110933143, "DeltaNOrbits": 0.09258395076457347}