{"SMBHMASS": 30000000.0, "SecondaryMass": 10, "PROCAMASS": 2e-19, "p0": 4.83, "e0": 0.3, "BHSpin": 1, "Trajectory Exit Reason": "Integration reached time boundary. Boundary location t = 1708561.96", "mismatch": 9.884093543632844e-12, "faithfulness": 0.9999998728522128, "DeltaNOrbits": -2.815526112942539e-07}