{"SMBHMASS": 1000000.0, "SecondaryMass": 10, "PROCAMASS": 6e-18, "p0": 10.47, "e0": 0.7, "BHSpin": 1, "Trajectory Exit Reason": "Separatrix reached!", "mismatch": 1.0406868833356953e-07, "faithfulness": 0.9999998145115373, "DeltaNOrbits": 1.3851328669849046e-05}