{"SMBHMASS": 600000.0, "SecondaryMass": 10, "PROCAMASS": 7e-18, "p0": 14.599999999999998, "e0": 0.3, "BHSpin": 1, "Trajectory Exit Reason": "Separatrix reached!", "mismatch": 5.4959037321111737e-11, "faithfulness": 0.9999999999056154, "DeltaNOrbits": 3.550720086103634e-07}