{"SMBHMASS": 500000.0, "SecondaryMass": 10, "PROCAMASS": 1e-17, "p0": 15.549999999999999, "e0": 0.2, "BHSpin": 1, "Trajectory Exit Reason": "Separatrix reached!", "mismatch": 7.931253764859036e-09, "faithfulness": 0.999999987054241, "DeltaNOrbits": 4.4677115205716e-06}