{"SMBHMASS": 1000000.0, "SecondaryMass": 10, "PROCAMASS": 3e-18, "p0": 10.950000000000003, "e0": 0.4, "BHSpin": 1, "Trajectory Exit Reason": "Separatrix reached!", "mismatch": 1.7186252421197423e-13, "faithfulness": 0.999999999999847, "DeltaNOrbits": -1.1116844352234295e-10}