{"SMBHMASS": 50000000.0, "SecondaryMass": 10, "PROCAMASS": 1e-19, "p0": 4.76, "e0": 0.5, "BHSpin": 1, "Trajectory Exit Reason": "Integration reached time boundary. Boundary location t = 1025137.18", "mismatch": 3.241851231905457e-14, "faithfulness": 0.9999999963516107, "DeltaNOrbits": -1.2185682616516822e-08}