{"SMBHMASS": 50000000.0, "SecondaryMass": 10, "PROCAMASS": 7e-19, "p0": 4.609999999999999, "e0": 0.6, "BHSpin": 1, "Trajectory Exit Reason": "Integration reached time boundary. Boundary location t = 1025137.18", "mismatch": 0.9927065706076545, "faithfulness": 0.1198018010000849, "DeltaNOrbits": -163.49269872581527}