{"SMBHMASS": 800000.0, "SecondaryMass": 10, "PROCAMASS": 5e-18, "p0": 12.106, "e0": 0.7, "BHSpin": 1, "Trajectory Exit Reason": "Separatrix reached!", "mismatch": 3.728239938993738e-12, "faithfulness": 0.9999999999951752, "DeltaNOrbits": 5.926204443436899e-08}