{"SMBHMASS": 1000000.0, "SecondaryMass": 10, "PROCAMASS": 9e-18, "p0": 11.05, "e0": 0.2, "BHSpin": 1, "Trajectory Exit Reason": "Separatrix reached!", "mismatch": 0.0012384060148000753, "faithfulness": 0.9971144316293951, "DeltaNOrbits": 0.0018370059835890792}