{"SMBHMASS": 800000.0, "SecondaryMass": 10, "PROCAMASS": 2e-17, "p0": 12.71, "e0": 0.4, "BHSpin": 1, "Trajectory Exit Reason": "Separatrix reached!", "mismatch": 0.9709134135094348, "faithfulness": 0.0062471663639328745, "DeltaNOrbits": 5.2165257921246875}