{"SMBHMASS": 500000.0, "SecondaryMass": 10, "PROCAMASS": 6e-18, "p0": 14.56, "e0": 0.7, "BHSpin": 1, "Trajectory Exit Reason": "Separatrix reached!", "mismatch": 9.892087149410145e-14, "faithfulness": 0.9999999999999633, "DeltaNOrbits": 1.6397345419545586e-09}