{"SMBHMASS": 200000.0, "SecondaryMass": 10, "PROCAMASS": 2e-16, "p0": 27.4, "e0": 0.3, "BHSpin": 1, "Trajectory Exit Reason": "Separatrix reached!", "mismatch": 0.9988168210308472, "faithfulness": 0.0003237693769721894, "DeltaNOrbits": 1209.041415895747}