{"SMBHMASS": 700000.0, "SecondaryMass": 10, "PROCAMASS": 6e-18, "p0": 12.924, "e0": 0.7, "BHSpin": 1, "Trajectory Exit Reason": "Separatrix reached!", "mismatch": 4.499056682760738e-11, "faithfulness": 0.9999999999327998, "DeltaNOrbits": 2.4005898974953943e-07}