{"SMBHMASS": 900000.0, "SecondaryMass": 10, "PROCAMASS": 9e-18, "p0": 11.288, "e0": 0.7, "BHSpin": 1, "Trajectory Exit Reason": "Separatrix reached!", "mismatch": 0.00032566795426680617, "faithfulness": 0.999446441891662, "DeltaNOrbits": 0.0008468761260609544}