{"SMBHMASS": 1000000.0, "SecondaryMass": 10, "PROCAMASS": 9e-18, "p0": 10.685, "e0": 0.6, "BHSpin": 1, "Trajectory Exit Reason": "Separatrix reached!", "mismatch": 0.001892297129265752, "faithfulness": 0.9964219035054224, "DeltaNOrbits": 0.001737142073807784}