{"SMBHMASS": 300000.0, "SecondaryMass": 10, "PROCAMASS": 1e-17, "p0": 19.800000000000004, "e0": 0.4, "BHSpin": 1, "Trajectory Exit Reason": "Separatrix reached!", "mismatch": 2.7711166694643907e-13, "faithfulness": 0.9999999999998127, "DeltaNOrbits": 1.1265068943597419e-08}