{"SMBHMASS": 5000000.0, "SecondaryMass": 10, "PROCAMASS": 1e-18, "p0": 5.625, "e0": 0.2, "BHSpin": 1, "Trajectory Exit Reason": "Separatrix reached!", "mismatch": 8.114620086985269e-13, "faithfulness": 0.9999999999605119, "DeltaNOrbits": -9.820805581502981e-08}