{"SMBHMASS": 30000000.0, "SecondaryMass": 10, "PROCAMASS": 8e-19, "p0": 4.83, "e0": 0.2, "BHSpin": 1, "Trajectory Exit Reason": "Integration reached time boundary. Boundary location t = 1708561.96", "mismatch": 0.9873139572771846, "faithfulness": 0.01834275879607887, "DeltaNOrbits": -80.76212906472996}