{"SMBHMASS": 300000.0, "SecondaryMass": 10, "PROCAMASS": 1e-17, "p0": 19.15, "e0": 0.6, "BHSpin": 1, "Trajectory Exit Reason": "Separatrix reached!", "mismatch": 1.80855330711438e-13, "faithfulness": 0.9999999999999062, "DeltaNOrbits": 5.539894102196757e-09}