{"SMBHMASS": 800000.0, "SecondaryMass": 10, "PROCAMASS": 5e-18, "p0": 12.71, "e0": 0.4, "BHSpin": 1, "Trajectory Exit Reason": "Separatrix reached!", "mismatch": 3.3045788327967784e-12, "faithfulness": 0.9999999999949754, "DeltaNOrbits": 6.949880527538473e-08}