{"SMBHMASS": 800000.0, "SecondaryMass": 10, "PROCAMASS": 7e-18, "p0": 12.363, "e0": 0.6, "BHSpin": 1, "Trajectory Exit Reason": "Separatrix reached!", "mismatch": 1.5202169634243035e-08, "faithfulness": 0.9999999721430302, "DeltaNOrbits": 5.086391700884319e-06}