{"SMBHMASS": 1000000.0, "SecondaryMass": 10, "PROCAMASS": 4e-18, "p0": 10.9, "e0": 0.5, "BHSpin": 1, "Trajectory Exit Reason": "Separatrix reached!", "mismatch": 1.681321748492337e-12, "faithfulness": 0.9999999999978663, "DeltaNOrbits": 4.16974303578388e-08}