{"SMBHMASS": 900000.0, "SecondaryMass": 10, "PROCAMASS": 5e-18, "p0": 11.999999999999998, "e0": 0.1, "BHSpin": 1, "Trajectory Exit Reason": "Separatrix reached!", "mismatch": 2.3149482331064064e-11, "faithfulness": 0.999999999950955, "DeltaNOrbits": 2.196317882523089e-07}