{"SMBHMASS": 800000.0, "SecondaryMass": 10, "PROCAMASS": 1e-17, "p0": 12.363, "e0": 0.6, "BHSpin": 1, "Trajectory Exit Reason": "Separatrix reached!", "mismatch": 0.0014688918980667598, "faithfulness": 0.9973063463387722, "DeltaNOrbits": 0.0016316422389171627}