{"SMBHMASS": 600000.0, "SecondaryMass": 10, "PROCAMASS": 8e-18, "p0": 14.7, "e0": 0.1, "BHSpin": 1, "Trajectory Exit Reason": "Separatrix reached!", "mismatch": 4.802579445239985e-10, "faithfulness": 0.9999999990641121, "DeltaNOrbits": 1.1310833286180784e-06}