{"SMBHMASS": 300000.0, "SecondaryMass": 10, "PROCAMASS": 1e-17, "p0": 18.7, "e0": 0.7, "BHSpin": 1, "Trajectory Exit Reason": "Separatrix reached!", "mismatch": 8.670841822322473e-14, "faithfulness": 0.9999999999999536, "DeltaNOrbits": 3.2238848621479457e-09}