{"SMBHMASS": 200000.0, "SecondaryMass": 10, "PROCAMASS": 4e-17, "p0": 27.4, "e0": 0.3, "BHSpin": 1, "Trajectory Exit Reason": "Separatrix reached!", "mismatch": 0.4042875259100306, "faithfulness": 0.41595758764256313, "DeltaNOrbits": 0.04847004098126974}