{"SMBHMASS": 400000.0, "SecondaryMass": 10, "PROCAMASS": 8e-18, "p0": 17.150000000000002, "e0": 0.4, "BHSpin": 1, "Trajectory Exit Reason": "Separatrix reached!", "mismatch": 1.63202784619898e-13, "faithfulness": 0.9999999999999012, "DeltaNOrbits": 6.836859276624092e-09}