{"SMBHMASS": 500000.0, "SecondaryMass": 10, "PROCAMASS": 9e-18, "p0": 15.5, "e0": 0.3, "BHSpin": 1, "Trajectory Exit Reason": "Separatrix reached!", "mismatch": 1.1671030808457772e-10, "faithfulness": 0.9999999998169025, "DeltaNOrbits": 5.20268315684565e-07}