{"SMBHMASS": 500000.0, "SecondaryMass": 10, "PROCAMASS": 7e-18, "p0": 15.5, "e0": 0.3, "BHSpin": 1, "Trajectory Exit Reason": "Separatrix reached!", "mismatch": 4.610756221268275e-13, "faithfulness": 0.999999999999581, "DeltaNOrbits": 1.9287724951126502e-08}