{"SMBHMASS": 500000.0, "SecondaryMass": 10, "PROCAMASS": 2e-17, "p0": 15.6, "e0": 0.1, "BHSpin": 1, "Trajectory Exit Reason": "Separatrix reached!", "mismatch": 0.41157056084645416, "faithfulness": 0.30572262704723185, "DeltaNOrbits": 0.05650305968495827}