{"SMBHMASS": 400000.0, "SecondaryMass": 10, "PROCAMASS": 6e-17, "p0": 17.3, "e0": 0.3, "BHSpin": 1, "Trajectory Exit Reason": "Separatrix reached!", "mismatch": 0.9966356796762716, "faithfulness": 0.0009165484723723284, "DeltaNOrbits": 945.0400690681952}