{"SMBHMASS": 700000.0, "SecondaryMass": 10, "PROCAMASS": 6e-18, "p0": 13.479999999999999, "e0": 0.5, "BHSpin": 1, "Trajectory Exit Reason": "Separatrix reached!", "mismatch": 2.7421065418309354e-11, "faithfulness": 0.9999999999546283, "DeltaNOrbits": 2.303224869043742e-07}