{"SMBHMASS": 100000.0, "SecondaryMass": 10, "PROCAMASS": 7e-17, "p0": 34.5, "e0": 0.4, "BHSpin": 1, "Trajectory Exit Reason": "Separatrix reached!", "mismatch": 0.1968968101850107, "faithfulness": 0.8435072546831229, "DeltaNOrbits": 0.01756351084089667}