{"SMBHMASS": 600000.0, "SecondaryMass": 10, "PROCAMASS": 4e-17, "p0": 14.7, "e0": 0.1, "BHSpin": 1, "Trajectory Exit Reason": "Separatrix reached!", "mismatch": 0.998705769085031, "faithfulness": 9.804322391997543e-05, "DeltaNOrbits": 4922.248564043588}