{"SMBHMASS": 800000.0, "SecondaryMass": 10, "PROCAMASS": 5e-18, "p0": 12.849999999999998, "e0": 0.2, "BHSpin": 1, "Trajectory Exit Reason": "Separatrix reached!", "mismatch": 3.645972412869014e-12, "faithfulness": 0.9999999999938606, "DeltaNOrbits": 7.646536106945156e-08}