{"SMBHMASS": 300000.0, "SecondaryMass": 10, "PROCAMASS": 9e-18, "p0": 20.0, "e0": 0.3, "BHSpin": 1, "Trajectory Exit Reason": "Separatrix reached!", "mismatch": 1.0103029524088925e-14, "faithfulness": 0.9999999999999947, "DeltaNOrbits": 6.114264393728862e-10}