{"SMBHMASS": 700000.0, "SecondaryMass": 10, "PROCAMASS": 6e-18, "p0": 13.590000000000002, "e0": 0.4, "BHSpin": 1, "Trajectory Exit Reason": "Separatrix reached!", "mismatch": 5.699063443387331e-11, "faithfulness": 0.999999999898626, "DeltaNOrbits": 3.449186241019894e-07}