{"SMBHMASS": 700000.0, "SecondaryMass": 10, "PROCAMASS": 5e-18, "p0": 13.799999999999999, "e0": 0.1, "BHSpin": 1, "Trajectory Exit Reason": "Separatrix reached!", "mismatch": 6.464828672392287e-13, "faithfulness": 0.9999999999992004, "DeltaNOrbits": 2.3938271505144515e-08}