{"SMBHMASS": 800000.0, "SecondaryMass": 10, "PROCAMASS": 7e-18, "p0": 12.106, "e0": 0.7, "BHSpin": 1, "Trajectory Exit Reason": "Separatrix reached!", "mismatch": 1.211835111147863e-07, "faithfulness": 0.9999997921020841, "DeltaNOrbits": 1.3746348603016113e-05}