{"SMBHMASS": 30000000.0, "SecondaryMass": 10, "PROCAMASS": 3e-19, "p0": 4.46, "e0": 0.7, "BHSpin": 1, "Trajectory Exit Reason": "Integration reached time boundary. Boundary location t = 1708561.96", "mismatch": 3.726269592885245e-07, "faithfulness": 0.9999935227013668, "DeltaNOrbits": 7.4567148316261355e-06}