{"SMBHMASS": 1000000.0, "SecondaryMass": 10, "PROCAMASS": 6e-18, "p0": 10.950000000000003, "e0": 0.4, "BHSpin": 1, "Trajectory Exit Reason": "Separatrix reached!", "mismatch": 4.683401277905119e-08, "faithfulness": 0.9999998991594673, "DeltaNOrbits": 1.1261224368258938e-05}