{"SMBHMASS": 1000000.0, "SecondaryMass": 10, "PROCAMASS": 8e-18, "p0": 11.0, "e0": 0.3, "BHSpin": 1, "Trajectory Exit Reason": "Separatrix reached!", "mismatch": 0.00010029833419400447, "faithfulness": 0.9997738958868736, "DeltaNOrbits": 0.0005414698795032243}