{"SMBHMASS": 400000.0, "SecondaryMass": 10, "PROCAMASS": 9e-18, "p0": 16.25, "e0": 0.7, "BHSpin": 1, "Trajectory Exit Reason": "Separatrix reached!", "mismatch": 4.703126776917088e-12, "faithfulness": 0.9999999999953033, "DeltaNOrbits": 5.977156646717973e-08}