{"SMBHMASS": 600000.0, "SecondaryMass": 10, "PROCAMASS": 5e-18, "p0": 14.649999999999997, "e0": 0.2, "BHSpin": 1, "Trajectory Exit Reason": "Separatrix reached!", "mismatch": 6.661338147750939e-14, "faithfulness": 0.9999999999999523, "DeltaNOrbits": 4.057648188565518e-09}