{"SMBHMASS": 1000000.0, "SecondaryMass": 10, "PROCAMASS": 3e-18, "p0": 11.1, "e0": 0.1, "BHSpin": 1, "Trajectory Exit Reason": "Separatrix reached!", "mismatch": 3.730349362740526e-14, "faithfulness": 0.9999999999999896, "DeltaNOrbits": 4.632018480097623e-10}