{"SMBHMASS": 700000.0, "SecondaryMass": 10, "PROCAMASS": 6e-18, "p0": 13.479999999999999, "e0": 0.5, "BHSpin": 1, "Trajectory Exit Reason": "Separatrix reached!", "mismatch": 5.159217497663349e-11, "faithfulness": 0.9999999999127386, "DeltaNOrbits": 3.115866191192069e-07}