{"SMBHMASS": 800000.0, "SecondaryMass": 10, "PROCAMASS": 5e-18, "p0": 12.799999999999999, "e0": 0.3, "BHSpin": 1, "Trajectory Exit Reason": "Separatrix reached!", "mismatch": 3.871236664565458e-12, "faithfulness": 0.9999999999937551, "DeltaNOrbits": 7.789202276132162e-08}