{"SMBHMASS": 30000000.0, "SecondaryMass": 10, "PROCAMASS": 2e-19, "p0": 4.83, "e0": 0.2, "BHSpin": 1, "Trajectory Exit Reason": "Integration reached time boundary. Boundary location t = 1708561.96", "mismatch": 9.393930078260837e-12, "faithfulness": 0.9999997731084591, "DeltaNOrbits": -2.9645844676320805e-07}