{"SMBHMASS": 100000.0, "SecondaryMass": 10, "PROCAMASS": 1e-16, "p0": 35.1, "e0": 0.1, "BHSpin": 1, "Trajectory Exit Reason": "Separatrix reached!", "mismatch": 0.8566893990038997, "faithfulness": 0.09050247506974464, "DeltaNOrbits": 1.3511109875495457}