{"SMBHMASS": 900000.0, "SecondaryMass": 10, "PROCAMASS": 3e-17, "p0": 11.95, "e0": 0.2, "BHSpin": 1, "Trajectory Exit Reason": "Separatrix reached!", "mismatch": 0.9968942731616557, "faithfulness": 0.00019404066577400277, "DeltaNOrbits": 659.1817250057537}