{"SMBHMASS": 30000000.0, "SecondaryMass": 10, "PROCAMASS": 2e-19, "p0": 4.46, "e0": 0.7, "BHSpin": 1, "Trajectory Exit Reason": "Integration reached time boundary. Boundary location t = 1708561.96", "mismatch": 9.524048216746905e-12, "faithfulness": 0.9999999984878412, "DeltaNOrbits": -1.1950144476803858e-07}