{"SMBHMASS": 800000.0, "SecondaryMass": 10, "PROCAMASS": 9e-18, "p0": 12.71, "e0": 0.4, "BHSpin": 1, "Trajectory Exit Reason": "Separatrix reached!", "mismatch": 1.964296549394895e-05, "faithfulness": 0.9999590453532131, "DeltaNOrbits": 0.00023073668199686455}