{"SMBHMASS": 700000.0, "SecondaryMass": 10, "PROCAMASS": 8e-18, "p0": 13.590000000000002, "e0": 0.4, "BHSpin": 1, "Trajectory Exit Reason": "Separatrix reached!", "mismatch": 1.0024006935616114e-07, "faithfulness": 0.9999998043151715, "DeltaNOrbits": 1.5492897491121724e-05}