{"SMBHMASS": 1000000.0, "SecondaryMass": 10, "PROCAMASS": 5e-18, "p0": 10.47, "e0": 0.7, "BHSpin": 1, "Trajectory Exit Reason": "Separatrix reached!", "mismatch": 5.964760907417599e-10, "faithfulness": 0.9999999989668256, "DeltaNOrbits": 1.02677953648324e-06}