{"SMBHMASS": 100000.0, "SecondaryMass": 10, "PROCAMASS": 3e-17, "p0": 34.5, "e0": 0.4, "BHSpin": 1, "Trajectory Exit Reason": "Separatrix reached!", "mismatch": 1.4214185384275879e-11, "faithfulness": 0.9999999999931023, "DeltaNOrbits": 9.123223598400278e-08}