{"SMBHMASS": 20000000.0, "SecondaryMass": 10, "PROCAMASS": 7e-19, "p0": 4.83, "e0": 0.3, "BHSpin": 1, "Trajectory Exit Reason": "Integration reached time boundary. Boundary location t = 2562842.94", "mismatch": 0.02352046520725959, "faithfulness": 0.9391909994765769, "DeltaNOrbits": -0.003134575353874939}