{"SMBHMASS": 900000.0, "SecondaryMass": 10, "PROCAMASS": 3e-17, "p0": 11.95, "e0": 0.2, "BHSpin": 1, "Trajectory Exit Reason": "Separatrix reached!", "mismatch": 0.9914796316634301, "faithfulness": 0.0010105010358199351, "DeltaNOrbits": 106.8453790559218}