{"SMBHMASS": 50000000.0, "SecondaryMass": 10, "PROCAMASS": 5e-19, "p0": 4.83, "e0": 0.1, "BHSpin": 1, "Trajectory Exit Reason": "Integration reached time boundary. Boundary location t = 1025137.18", "mismatch": 0.9851738636254307, "faithfulness": 0.3418739070192266, "DeltaNOrbits": -62.962504998406594}