{"SMBHMASS": 500000.0, "SecondaryMass": 10, "PROCAMASS": 6e-18, "p0": 15.2, "e0": 0.5, "BHSpin": 1, "Trajectory Exit Reason": "Separatrix reached!", "mismatch": 1.5198953207118393e-13, "faithfulness": 0.9999999999999191, "DeltaNOrbits": 3.742670931918879e-09}