{"SMBHMASS": 500000.0, "SecondaryMass": 10, "PROCAMASS": 1e-17, "p0": 15.5, "e0": 0.3, "BHSpin": 1, "Trajectory Exit Reason": "Separatrix reached!", "mismatch": 1.6177086337165747e-09, "faithfulness": 0.9999999973640206, "DeltaNOrbits": 2.0252481760161237e-06}