{"SMBHMASS": 600000.0, "SecondaryMass": 10, "PROCAMASS": 5e-18, "p0": 14.599999999999998, "e0": 0.3, "BHSpin": 1, "Trajectory Exit Reason": "Separatrix reached!", "mismatch": 4.551914400963142e-15, "faithfulness": 0.9999999999999734, "DeltaNOrbits": 1.463717839710849e-09}