{"SMBHMASS": 500000.0, "SecondaryMass": 10, "PROCAMASS": 1e-17, "p0": 14.879999999999999, "e0": 0.6, "BHSpin": 1, "Trajectory Exit Reason": "Separatrix reached!", "mismatch": 7.4853623299731e-09, "faithfulness": 0.999999989436721, "DeltaNOrbits": 3.4719201877202133e-06}