{"SMBHMASS": 20000000.0, "SecondaryMass": 10, "PROCAMASS": 1e-18, "p0": 4.83, "e0": 0.2, "BHSpin": 1, "Trajectory Exit Reason": "Integration reached time boundary. Boundary location t = 2562842.94", "mismatch": 0.9724530926130667, "faithfulness": 0.020566016434454874, "DeltaNOrbits": -1.68657140393214}