{"SMBHMASS": 700000.0, "SecondaryMass": 10, "PROCAMASS": 4e-18, "p0": 13.749999999999996, "e0": 0.2, "BHSpin": 1, "Trajectory Exit Reason": "Separatrix reached!", "mismatch": 1.4432899320127035e-15, "faithfulness": 0.9999999999999912, "DeltaNOrbits": 6.484825872136672e-10}