{"SMBHMASS": 700000.0, "SecondaryMass": 10, "PROCAMASS": 1e-17, "p0": 13.7, "e0": 0.3, "BHSpin": 1, "Trajectory Exit Reason": "Separatrix reached!", "mismatch": 3.959366824368704e-05, "faithfulness": 0.9999185913099383, "DeltaNOrbits": 0.00031129950808573653}