{"SMBHMASS": 3000000.0, "SecondaryMass": 10, "PROCAMASS": 3e-18, "p0": 6.984999999999999, "e0": 0.2, "BHSpin": 1, "Trajectory Exit Reason": "Separatrix reached!", "mismatch": 6.879921555136281e-05, "faithfulness": 0.9997830924175074, "DeltaNOrbits": -0.00041475684516352175}