{"SMBHMASS": 700000.0, "SecondaryMass": 10, "PROCAMASS": 5e-18, "p0": 13.7, "e0": 0.3, "BHSpin": 1, "Trajectory Exit Reason": "Separatrix reached!", "mismatch": 3.100852907778062e-13, "faithfulness": 0.9999999999996635, "DeltaNOrbits": 1.2969651744273345e-08}