{"SMBHMASS": 500000.0, "SecondaryMass": 10, "PROCAMASS": 9e-18, "p0": 15.350000000000001, "e0": 0.4, "BHSpin": 1, "Trajectory Exit Reason": "Separatrix reached!", "mismatch": 1.537288074615617e-10, "faithfulness": 0.9999999997681479, "DeltaNOrbits": 5.909714457647751e-07}