{"SMBHMASS": 300000.0, "SecondaryMass": 10, "PROCAMASS": 2e-17, "p0": 20.05, "e0": 0.2, "BHSpin": 1, "Trajectory Exit Reason": "Separatrix reached!", "mismatch": 5.111523229128778e-06, "faithfulness": 0.9999936137774588, "DeltaNOrbits": 9.808688221159045e-05}