{"SMBHMASS": 20000000.0, "SecondaryMass": 10, "PROCAMASS": 4e-19, "p0": 4.83, "e0": 0.2, "BHSpin": 1, "Trajectory Exit Reason": "Integration reached time boundary. Boundary location t = 2562842.94", "mismatch": 6.541638131185579e-08, "faithfulness": 0.9999978188535976, "DeltaNOrbits": -2.7252964773585534e-05}