{"SMBHMASS": 100000.0, "SecondaryMass": 10, "PROCAMASS": 6e-17, "p0": 32.5, "e0": 0.7, "BHSpin": 1, "Trajectory Exit Reason": "Separatrix reached!", "mismatch": 0.001798851325288342, "faithfulness": 0.9990789063036689, "DeltaNOrbits": 0.0007949865689921741}