{"SMBHMASS": 700000.0, "SecondaryMass": 10, "PROCAMASS": 9e-18, "p0": 13.479999999999999, "e0": 0.5, "BHSpin": 1, "Trajectory Exit Reason": "Separatrix reached!", "mismatch": 1.903009354542462e-06, "faithfulness": 0.9999964610356795, "DeltaNOrbits": 6.018526130167421e-05}