{"SMBHMASS": 100000.0, "SecondaryMass": 10, "PROCAMASS": 3e-17, "p0": 34.95, "e0": 0.2, "BHSpin": 1, "Trajectory Exit Reason": "Separatrix reached!", "mismatch": 2.5962565430859286e-12, "faithfulness": 0.9999999999988065, "DeltaNOrbits": 3.939068515475019e-08}