{"SMBHMASS": 500000.0, "SecondaryMass": 10, "PROCAMASS": 2e-17, "p0": 15.6, "e0": 0.1, "BHSpin": 1, "Trajectory Exit Reason": "Separatrix reached!", "mismatch": 0.3127229920255927, "faithfulness": 0.4638928021042767, "DeltaNOrbits": 0.0400956598578752}