{"SMBHMASS": 20000000.0, "SecondaryMass": 10, "PROCAMASS": 2e-18, "p0": 4.76, "e0": 0.5, "BHSpin": 1, "Trajectory Exit Reason": "Integration reached time boundary. Boundary location t = 2562842.94", "mismatch": 0.9875094609574951, "faithfulness": 0.014790674486031915, "DeltaNOrbits": -52.27140661430498}