{"SMBHMASS": 700000.0, "SecondaryMass": 10, "PROCAMASS": 5e-18, "p0": 13.799999999999999, "e0": 0.1, "BHSpin": 1, "Trajectory Exit Reason": "Separatrix reached!", "mismatch": 2.404743071338089e-13, "faithfulness": 0.9999999999997945, "DeltaNOrbits": 1.093156361303039e-08}