{"SMBHMASS": 3000000.0, "SecondaryMass": 10, "PROCAMASS": 5e-18, "p0": 7.0, "e0": 0.1, "BHSpin": 1, "Trajectory Exit Reason": "Separatrix reached!", "mismatch": 0.9640369930597502, "faithfulness": -0.33358037481315544, "DeltaNOrbits": -0.30079213898141055}