{"SMBHMASS": 400000.0, "SecondaryMass": 10, "PROCAMASS": 7e-18, "p0": 16.625, "e0": 0.6, "BHSpin": 1, "Trajectory Exit Reason": "Separatrix reached!", "mismatch": 1.7541523789077473e-14, "faithfulness": 0.9999999999999973, "DeltaNOrbits": 7.225948828952291e-10}