{"SMBHMASS": 800000.0, "SecondaryMass": 10, "PROCAMASS": 4e-18, "p0": 12.899999999999999, "e0": 0.1, "BHSpin": 1, "Trajectory Exit Reason": "Separatrix reached!", "mismatch": 9.514611321037592e-14, "faithfulness": 0.9999999999998861, "DeltaNOrbits": 5.984567876286129e-09}