{"SMBHMASS": 700000.0, "SecondaryMass": 10, "PROCAMASS": 6e-18, "p0": 13.749999999999996, "e0": 0.2, "BHSpin": 1, "Trajectory Exit Reason": "Separatrix reached!", "mismatch": 8.07975908401204e-12, "faithfulness": 0.9999999999854502, "DeltaNOrbits": 1.291777313729625e-07}