{"SMBHMASS": 2000000.0, "SecondaryMass": 10, "PROCAMASS": 7e-18, "p0": 9.0175, "e0": 0.2, "BHSpin": 1, "Trajectory Exit Reason": "Separatrix reached!", "mismatch": 0.9182246479003879, "faithfulness": -0.01078988327271378, "DeltaNOrbits": 0.12270175839982574}