{"SMBHMASS": 100000.0, "SecondaryMass": 10, "PROCAMASS": 6e-17, "p0": 35.1, "e0": 0.1, "BHSpin": 1, "Trajectory Exit Reason": "Separatrix reached!", "mismatch": 0.005429071685257414, "faithfulness": 0.9972946128340152, "DeltaNOrbits": 0.0021385009537422148}