{"SMBHMASS": 100000.0, "SecondaryMass": 10, "PROCAMASS": 5e-17, "p0": 35.1, "e0": 0.1, "BHSpin": 1, "Trajectory Exit Reason": "Separatrix reached!", "mismatch": 2.2967246146254894e-05, "faithfulness": 0.9999886657346196, "DeltaNOrbits": 0.00013753507850778953}