{"SMBHMASS": 80000000.0, "SecondaryMass": 10, "PROCAMASS": 3e-19, "p0": 4.83, "e0": 0.2, "BHSpin": 1, "Trajectory Exit Reason": "Integration reached time boundary. Boundary location t = 640710.74", "mismatch": 0.9504284780507695, "faithfulness": 0.9592857915369791, "DeltaNOrbits": -6.023992928666094}