{"SMBHMASS": 700000.0, "SecondaryMass": 10, "PROCAMASS": 8e-18, "p0": 12.924, "e0": 0.7, "BHSpin": 1, "Trajectory Exit Reason": "Separatrix reached!", "mismatch": 1.1311851777495718e-07, "faithfulness": 0.9999998157369508, "DeltaNOrbits": 1.2794941271241023e-05}