{"SMBHMASS": 1000000.0, "SecondaryMass": 10, "PROCAMASS": 6e-18, "p0": 11.0, "e0": 0.3, "BHSpin": 1, "Trajectory Exit Reason": "Separatrix reached!", "mismatch": 1.1080163808685484e-07, "faithfulness": 0.9999997453202437, "DeltaNOrbits": 1.8213059607596013e-05}