{"SMBHMASS": 800000.0, "SecondaryMass": 10, "PROCAMASS": 9e-18, "p0": 12.62, "e0": 0.5, "BHSpin": 1, "Trajectory Exit Reason": "Separatrix reached!", "mismatch": 4.368853032687969e-05, "faithfulness": 0.9999138259157528, "DeltaNOrbits": 0.00030948757362476585}