{"SMBHMASS": 300000.0, "SecondaryMass": 10, "PROCAMASS": 9e-18, "p0": 19.6, "e0": 0.5, "BHSpin": 1, "Trajectory Exit Reason": "Separatrix reached!", "mismatch": 4.618527782440651e-14, "faithfulness": 0.9999999999999784, "DeltaNOrbits": 3.1497725664663836e-10}