{"SMBHMASS": 600000.0, "SecondaryMass": 10, "PROCAMASS": 7e-18, "p0": 14.339999999999998, "e0": 0.5, "BHSpin": 1, "Trajectory Exit Reason": "Separatrix reached!", "mismatch": 7.57994778055604e-11, "faithfulness": 0.9999999998803814, "DeltaNOrbits": 3.9323984088636783e-07}