{"SMBHMASS": 800000.0, "SecondaryMass": 10, "PROCAMASS": 9e-18, "p0": 12.799999999999999, "e0": 0.3, "BHSpin": 1, "Trajectory Exit Reason": "Separatrix reached!", "mismatch": 7.580733512391191e-05, "faithfulness": 0.9998336803846595, "DeltaNOrbits": 0.0004448662993054786}