{"SMBHMASS": 20000000.0, "SecondaryMass": 10, "PROCAMASS": 6e-19, "p0": 4.795, "e0": 0.4, "BHSpin": 1, "Trajectory Exit Reason": "Integration reached time boundary. Boundary location t = 2562842.94", "mismatch": 0.0005755058816109271, "faithfulness": 0.9982171950403599, "DeltaNOrbits": 2.0350618019689823e-05}