{"SMBHMASS": 200000.0, "SecondaryMass": 10, "PROCAMASS": 7e-17, "p0": 27.4, "e0": 0.3, "BHSpin": 1, "Trajectory Exit Reason": "Separatrix reached!", "mismatch": 0.9772740754637089, "faithfulness": 0.006812491470931182, "DeltaNOrbits": 33.97271731282384}