{"SMBHMASS": 100000.0, "SecondaryMass": 10, "PROCAMASS": 3e-17, "p0": 35.1, "e0": 0.1, "BHSpin": 1, "Trajectory Exit Reason": "Separatrix reached!", "mismatch": 1.3930301356879227e-11, "faithfulness": 0.9999999999941094, "DeltaNOrbits": 8.760073349560625e-08}