{"SMBHMASS": 400000.0, "SecondaryMass": 10, "PROCAMASS": 9e-18, "p0": 16.25, "e0": 0.7, "BHSpin": 1, "Trajectory Exit Reason": "Separatrix reached!", "mismatch": 4.220623850414995e-12, "faithfulness": 0.999999999995908, "DeltaNOrbits": 5.311998792975954e-08}