{"SMBHMASS": 500000.0, "SecondaryMass": 10, "PROCAMASS": 9e-18, "p0": 15.2, "e0": 0.5, "BHSpin": 1, "Trajectory Exit Reason": "Separatrix reached!", "mismatch": 3.743689802604422e-10, "faithfulness": 0.9999999994574251, "DeltaNOrbits": 8.377098061626153e-07}