{"SMBHMASS": 800000.0, "SecondaryMass": 10, "PROCAMASS": 5e-18, "p0": 12.849999999999998, "e0": 0.2, "BHSpin": 1, "Trajectory Exit Reason": "Separatrix reached!", "mismatch": 2.5029978090174154e-12, "faithfulness": 0.9999999999959901, "DeltaNOrbits": 5.997537528030402e-08}