{"SMBHMASS": 500000.0, "SecondaryMass": 10, "PROCAMASS": 6e-18, "p0": 15.6, "e0": 0.1, "BHSpin": 1, "Trajectory Exit Reason": "Separatrix reached!", "mismatch": 2.0650148258027912e-14, "faithfulness": 0.9999999999999825, "DeltaNOrbits": 1.13021250914382e-09}