{"SMBHMASS": 500000.0, "SecondaryMass": 10, "PROCAMASS": 9e-18, "p0": 15.2, "e0": 0.5, "BHSpin": 1, "Trajectory Exit Reason": "Separatrix reached!", "mismatch": 9.969602920989473e-11, "faithfulness": 0.9999999998548866, "DeltaNOrbits": 4.657587222107762e-07}