{"SMBHMASS": 400000.0, "SecondaryMass": 10, "PROCAMASS": 1e-17, "p0": 17.35, "e0": 0.2, "BHSpin": 1, "Trajectory Exit Reason": "Separatrix reached!", "mismatch": 1.4030665518305341e-11, "faithfulness": 0.9999999999816337, "DeltaNOrbits": 1.6217623102517797e-07}