{"SMBHMASS": 100000.0, "SecondaryMass": 10, "PROCAMASS": 6e-17, "p0": 35.1, "e0": 0.1, "BHSpin": 1, "Trajectory Exit Reason": "Separatrix reached!", "mismatch": 0.006653866170286071, "faithfulness": 0.9966745780764947, "DeltaNOrbits": 0.0023617845141957893}