{"SMBHMASS": 400000.0, "SecondaryMass": 10, "PROCAMASS": 9e-17, "p0": 17.35, "e0": 0.2, "BHSpin": 1, "Trajectory Exit Reason": "Separatrix reached!", "mismatch": 0.9994523729299787, "faithfulness": 0.0004447222575751858, "DeltaNOrbits": 9385.974019055042}