{"SMBHMASS": 900000.0, "SecondaryMass": 10, "PROCAMASS": 3e-18, "p0": 11.523999999999997, "e0": 0.6, "BHSpin": 1, "Trajectory Exit Reason": "Separatrix reached!", "mismatch": 9.547918011776346e-15, "faithfulness": 0.9999999999999901, "DeltaNOrbits": 2.408649609650764e-10}