{"SMBHMASS": 700000.0, "SecondaryMass": 10, "PROCAMASS": 8e-18, "p0": 13.590000000000002, "e0": 0.4, "BHSpin": 1, "Trajectory Exit Reason": "Separatrix reached!", "mismatch": 1.4912821766355222e-07, "faithfulness": 0.9999997089740967, "DeltaNOrbits": 1.8786670248097382e-05}