{"SMBHMASS": 700000.0, "SecondaryMass": 10, "PROCAMASS": 8e-18, "p0": 13.202, "e0": 0.6, "BHSpin": 1, "Trajectory Exit Reason": "Separatrix reached!", "mismatch": 8.721798516742041e-08, "faithfulness": 0.9999998488856187, "DeltaNOrbits": 1.1968339045393682e-05}