{"SMBHMASS": 70000000.0, "SecondaryMass": 10, "PROCAMASS": 1e-19, "p0": 4.795, "e0": 0.4, "BHSpin": 1, "Trajectory Exit Reason": "Integration reached time boundary. Boundary location t = 732240.84", "mismatch": 1.9681323237819015e-10, "faithfulness": 0.9999987632194708, "DeltaNOrbits": -1.2258057905268348e-06}