{"SMBHMASS": 900000.0, "SecondaryMass": 10, "PROCAMASS": 3e-18, "p0": 11.899999999999999, "e0": 0.3, "BHSpin": 1, "Trajectory Exit Reason": "Separatrix reached!", "mismatch": 1.5543122344752192e-15, "faithfulness": 0.9999999999999909, "DeltaNOrbits": 4.817299219301528e-10}