{"SMBHMASS": 100000.0, "SecondaryMass": 10, "PROCAMASS": 4e-17, "p0": 34.95, "e0": 0.2, "BHSpin": 1, "Trajectory Exit Reason": "Separatrix reached!", "mismatch": 4.383457330447982e-08, "faithfulness": 0.9999999783452643, "DeltaNOrbits": 5.969745417149817e-06}