{"SMBHMASS": 500000.0, "SecondaryMass": 10, "PROCAMASS": 2e-17, "p0": 15.5, "e0": 0.3, "BHSpin": 1, "Trajectory Exit Reason": "Separatrix reached!", "mismatch": 0.39118205309737564, "faithfulness": 0.35989663197681443, "DeltaNOrbits": 0.049676409451176615}