{"SMBHMASS": 50000000.0, "SecondaryMass": 10, "PROCAMASS": 6e-19, "p0": 4.83, "e0": 0.1, "BHSpin": 1, "Trajectory Exit Reason": "Integration reached time boundary. Boundary location t = 1025137.18", "mismatch": 0.9928216006738481, "faithfulness": 0.19000900493363404, "DeltaNOrbits": -252.7669034880832}