{"SMBHMASS": 1000000.0, "SecondaryMass": 10, "PROCAMASS": 2e-17, "p0": 10.950000000000003, "e0": 0.4, "BHSpin": 1, "Trajectory Exit Reason": "Separatrix reached!", "mismatch": 0.9930294861145977, "faithfulness": 0.001996428332419415, "DeltaNOrbits": 148.89055690278062}