{"SMBHMASS": 500000.0, "SecondaryMass": 10, "PROCAMASS": 3e-17, "p0": 15.5, "e0": 0.3, "BHSpin": 1, "Trajectory Exit Reason": "Separatrix reached!", "mismatch": 0.977153142407883, "faithfulness": 0.005826746883675666, "DeltaNOrbits": 22.47142156987257}