{"SMBHMASS": 1000000.0, "SecondaryMass": 10, "PROCAMASS": 8e-18, "p0": 10.9, "e0": 0.5, "BHSpin": 1, "Trajectory Exit Reason": "Separatrix reached!", "mismatch": 0.00017934155326027046, "faithfulness": 0.9996321837573655, "DeltaNOrbits": 0.0006717211552712452}