{"SMBHMASS": 400000.0, "SecondaryMass": 10, "PROCAMASS": 2e-17, "p0": 17.0, "e0": 0.5, "BHSpin": 1, "Trajectory Exit Reason": "Separatrix reached!", "mismatch": 0.0035613651875424646, "faithfulness": 0.9951037447646246, "DeltaNOrbits": 0.0025216105331564613}