{"SMBHMASS": 700000.0, "SecondaryMass": 10, "PROCAMASS": 9e-18, "p0": 13.799999999999999, "e0": 0.1, "BHSpin": 1, "Trajectory Exit Reason": "Separatrix reached!", "mismatch": 1.176516892464896e-06, "faithfulness": 0.9999974130165573, "DeltaNOrbits": 5.463582524140845e-05}