{"SMBHMASS": 1000000.0, "SecondaryMass": 10, "PROCAMASS": 6e-18, "p0": 11.05, "e0": 0.2, "BHSpin": 1, "Trajectory Exit Reason": "Separatrix reached!", "mismatch": 5.422070359362152e-08, "faithfulness": 0.9999998724428713, "DeltaNOrbits": 1.1581435805788087e-05}