{"SMBHMASS": 500000.0, "SecondaryMass": 10, "PROCAMASS": 8e-17, "p0": 14.56, "e0": 0.7, "BHSpin": 1, "Trajectory Exit Reason": "Separatrix reached!", "mismatch": 0.9977558681616977, "faithfulness": 0.001109347583683247, "DeltaNOrbits": 478.14923259110145}