{"SMBHMASS": 800000.0, "SecondaryMass": 10, "PROCAMASS": 6e-18, "p0": 12.106, "e0": 0.7, "BHSpin": 1, "Trajectory Exit Reason": "Separatrix reached!", "mismatch": 1.0487007928716707e-09, "faithfulness": 0.9999999982379714, "DeltaNOrbits": 1.2727489818133842e-06}