{"SMBHMASS": 300000.0, "SecondaryMass": 10, "PROCAMASS": 9e-18, "p0": 20.0, "e0": 0.3, "BHSpin": 1, "Trajectory Exit Reason": "Separatrix reached!", "mismatch": 1.8340884366807586e-13, "faithfulness": 0.9999999999999187, "DeltaNOrbits": 3.075660270784822e-09}