{"SMBHMASS": 200000.0, "SecondaryMass": 10, "PROCAMASS": 7e-17, "p0": 27.4, "e0": 0.3, "BHSpin": 1, "Trajectory Exit Reason": "Separatrix reached!", "mismatch": 0.9862222364425546, "faithfulness": 0.004123689660570965, "DeltaNOrbits": 87.26512425259033}