{"SMBHMASS": 200000.0, "SecondaryMass": 10, "PROCAMASS": 4e-17, "p0": 27.4, "e0": 0.3, "BHSpin": 1, "Trajectory Exit Reason": "Separatrix reached!", "mismatch": 0.4273732463022819, "faithfulness": 0.3817858802142858, "DeltaNOrbits": 0.05292244093860968}