{"SMBHMASS": 500000.0, "SecondaryMass": 10, "PROCAMASS": 9e-18, "p0": 15.2, "e0": 0.5, "BHSpin": 1, "Trajectory Exit Reason": "Separatrix reached!", "mismatch": 7.22141679787569e-10, "faithfulness": 0.9999999989547731, "DeltaNOrbits": 1.209735002410136e-06}