{"SMBHMASS": 700000.0, "SecondaryMass": 10, "PROCAMASS": 6e-17, "p0": 13.590000000000002, "e0": 0.4, "BHSpin": 1, "Trajectory Exit Reason": "Separatrix reached!", "mismatch": 0.9997407907361747, "faithfulness": -0.0002578278597005934, "DeltaNOrbits": 7547.961762806957}