{"SMBHMASS": 700000.0, "SecondaryMass": 10, "PROCAMASS": 4e-18, "p0": 13.749999999999996, "e0": 0.2, "BHSpin": 1, "Trajectory Exit Reason": "Separatrix reached!", "mismatch": 7.993605777301127e-15, "faithfulness": 0.9999999999999969, "DeltaNOrbits": -1.6675266528351442e-10}