{"SMBHMASS": 800000.0, "SecondaryMass": 10, "PROCAMASS": 8e-18, "p0": 12.899999999999999, "e0": 0.1, "BHSpin": 1, "Trajectory Exit Reason": "Separatrix reached!", "mismatch": 6.433736482458485e-07, "faithfulness": 0.9999984892426362, "DeltaNOrbits": 3.997926647897923e-05}