{"SMBHMASS": 400000.0, "SecondaryMass": 10, "PROCAMASS": 2e-17, "p0": 17.4, "e0": 0.1, "BHSpin": 1, "Trajectory Exit Reason": "Separatrix reached!", "mismatch": 0.008941954599005264, "faithfulness": 0.9868381496548123, "DeltaNOrbits": 0.004523752996669053}