{"SMBHMASS": 700000.0, "SecondaryMass": 10, "PROCAMASS": 4e-18, "p0": 12.924, "e0": 0.7, "BHSpin": 1, "Trajectory Exit Reason": "Separatrix reached!", "mismatch": 8.659739592076221e-15, "faithfulness": 0.9999999999999897, "DeltaNOrbits": -4.632018480097623e-11}