{"SMBHMASS": 300000.0, "SecondaryMass": 10, "PROCAMASS": 5e-17, "p0": 19.800000000000004, "e0": 0.4, "BHSpin": 1, "Trajectory Exit Reason": "Separatrix reached!", "mismatch": 0.9773014507471419, "faithfulness": 0.008922764921552572, "DeltaNOrbits": 28.296802442439727}