{"SMBHMASS": 1000000.0, "SecondaryMass": 10, "PROCAMASS": 3e-18, "p0": 11.1, "e0": 0.1, "BHSpin": 1, "Trajectory Exit Reason": "Separatrix reached!", "mismatch": 2.0317081350640365e-14, "faithfulness": 0.9999999999999877, "DeltaNOrbits": 6.670106611340577e-10}