{"SMBHMASS": 700000.0, "SecondaryMass": 10, "PROCAMASS": 6e-18, "p0": 13.202, "e0": 0.6, "BHSpin": 1, "Trajectory Exit Reason": "Separatrix reached!", "mismatch": 3.7082670267807316e-11, "faithfulness": 0.9999999999424115, "DeltaNOrbits": 2.6610019764464825e-07}