{"SMBHMASS": 800000.0, "SecondaryMass": 10, "PROCAMASS": 4e-18, "p0": 12.106, "e0": 0.7, "BHSpin": 1, "Trajectory Exit Reason": "Separatrix reached!", "mismatch": 8.459899447643693e-14, "faithfulness": 0.9999999999999565, "DeltaNOrbits": 2.7236268662974022e-09}