{"SMBHMASS": 800000.0, "SecondaryMass": 10, "PROCAMASS": 5e-18, "p0": 12.363, "e0": 0.6, "BHSpin": 1, "Trajectory Exit Reason": "Separatrix reached!", "mismatch": 1.8742785101721893e-12, "faithfulness": 0.9999999999976142, "DeltaNOrbits": 4.008548792676483e-08}