{"SMBHMASS": 100000.0, "SecondaryMass": 10, "PROCAMASS": 9e-17, "p0": 34.2, "e0": 0.5, "BHSpin": 1, "Trajectory Exit Reason": "Separatrix reached!", "mismatch": 0.8316817471517648, "faithfulness": 0.10658220635990866, "DeltaNOrbits": 0.5451172760404405}