{"SMBHMASS": 900000.0, "SecondaryMass": 10, "PROCAMASS": 2e-17, "p0": 11.288, "e0": 0.7, "BHSpin": 1, "Trajectory Exit Reason": "Separatrix reached!", "mismatch": 0.9908064252376866, "faithfulness": 0.003611949673776811, "DeltaNOrbits": 85.6820784942885}