{"SMBHMASS": 900000.0, "SecondaryMass": 10, "PROCAMASS": 7e-18, "p0": 11.523999999999997, "e0": 0.6, "BHSpin": 1, "Trajectory Exit Reason": "Separatrix reached!", "mismatch": 4.795354546782704e-07, "faithfulness": 0.9999990949078282, "DeltaNOrbits": 3.20757830429061e-05}