{"SMBHMASS": 600000.0, "SecondaryMass": 10, "PROCAMASS": 7e-18, "p0": 14.041, "e0": 0.6, "BHSpin": 1, "Trajectory Exit Reason": "Separatrix reached!", "mismatch": 2.0011214907356134e-11, "faithfulness": 0.9999999999711477, "DeltaNOrbits": 1.693465956323691e-07}