{"SMBHMASS": 100000.0, "SecondaryMass": 10, "PROCAMASS": 7e-17, "p0": 32.5, "e0": 0.7, "BHSpin": 1, "Trajectory Exit Reason": "Separatrix reached!", "mismatch": 0.15392459070904185, "faithfulness": 0.9025201716042216, "DeltaNOrbits": 0.009222375029627038}