{"SMBHMASS": 300000.0, "SecondaryMass": 10, "PROCAMASS": 1e-17, "p0": 18.7, "e0": 0.7, "BHSpin": 1, "Trajectory Exit Reason": "Separatrix reached!", "mismatch": 3.0808688933348094e-13, "faithfulness": 0.9999999999998309, "DeltaNOrbits": 6.3366012807735484e-09}