{"SMBHMASS": 900000.0, "SecondaryMass": 10, "PROCAMASS": 3e-18, "p0": 11.899999999999999, "e0": 0.3, "BHSpin": 1, "Trajectory Exit Reason": "Separatrix reached!", "mismatch": 1.709743457922741e-14, "faithfulness": 0.9999999999999993, "DeltaNOrbits": 7.411229568156197e-11}