{"SMBHMASS": 800000.0, "SecondaryMass": 10, "PROCAMASS": 9e-18, "p0": 12.799999999999999, "e0": 0.3, "BHSpin": 1, "Trajectory Exit Reason": "Separatrix reached!", "mismatch": 1.2216515809737594e-05, "faithfulness": 0.9999734814572941, "DeltaNOrbits": 0.00021336996627787803}