{"SMBHMASS": 700000.0, "SecondaryMass": 10, "PROCAMASS": 1e-17, "p0": 13.202, "e0": 0.6, "BHSpin": 1, "Trajectory Exit Reason": "Separatrix reached!", "mismatch": 3.849565772562347e-05, "faithfulness": 0.9999331382496401, "DeltaNOrbits": 0.0002656026447475901}