{"SMBHMASS": 300000.0, "SecondaryMass": 10, "PROCAMASS": 9e-17, "p0": 18.7, "e0": 0.7, "BHSpin": 1, "Trajectory Exit Reason": "Separatrix reached!", "mismatch": 0.9997163065642931, "faithfulness": -6.522704060714946e-05, "DeltaNOrbits": 9648.895188919007}