{"SMBHMASS": 300000.0, "SecondaryMass": 10, "PROCAMASS": 9e-17, "p0": 19.800000000000004, "e0": 0.4, "BHSpin": 1, "Trajectory Exit Reason": "Separatrix reached!", "mismatch": 0.9994825825983918, "faithfulness": -0.0001510712403841382, "DeltaNOrbits": 8350.78576533458}