{"SMBHMASS": 1000000.0, "SecondaryMass": 10, "PROCAMASS": 1e-17, "p0": 10.685, "e0": 0.6, "BHSpin": 1, "Trajectory Exit Reason": "Separatrix reached!", "mismatch": 0.08522743525720777, "faithfulness": 0.8391115924121006, "DeltaNOrbits": 0.014639629587175861}