{"SMBHMASS": 600000.0, "SecondaryMass": 10, "PROCAMASS": 6e-18, "p0": 14.649999999999997, "e0": 0.2, "BHSpin": 1, "Trajectory Exit Reason": "Separatrix reached!", "mismatch": 7.639444632445702e-13, "faithfulness": 0.9999999999991049, "DeltaNOrbits": 2.7717998584904176e-08}