{"SMBHMASS": 600000.0, "SecondaryMass": 10, "PROCAMASS": 5e-18, "p0": 13.741999999999999, "e0": 0.7, "BHSpin": 1, "Trajectory Exit Reason": "Separatrix reached!", "mismatch": 5.828670879282072e-14, "faithfulness": 0.9999999999999682, "DeltaNOrbits": 1.963975835561392e-09}