{"SMBHMASS": 40000000.0, "SecondaryMass": 10, "PROCAMASS": 1e-19, "p0": 4.76, "e0": 0.5, "BHSpin": 1, "Trajectory Exit Reason": "Integration reached time boundary. Boundary location t = 1281421.47", "mismatch": 5.551115123125783e-16, "faithfulness": 1.0000000000000002, "DeltaNOrbits": -5.048900143306409e-10}