{"SMBHMASS": 500000.0, "SecondaryMass": 10, "PROCAMASS": 7e-18, "p0": 15.6, "e0": 0.1, "BHSpin": 1, "Trajectory Exit Reason": "Separatrix reached!", "mismatch": 2.5790480862042386e-13, "faithfulness": 0.9999999999997576, "DeltaNOrbits": 1.4229560770859897e-08}