{"SMBHMASS": 30000000.0, "SecondaryMass": 10, "PROCAMASS": 3e-19, "p0": 4.76, "e0": 0.5, "BHSpin": 1, "Trajectory Exit Reason": "Integration reached time boundary. Boundary location t = 1708561.96", "mismatch": 6.700418947458431e-07, "faithfulness": 0.9999869342746528, "DeltaNOrbits": -5.220624122423688e-05}