{"SMBHMASS": 400000.0, "SecondaryMass": 10, "PROCAMASS": 7e-17, "p0": 17.35, "e0": 0.2, "BHSpin": 1, "Trajectory Exit Reason": "Separatrix reached!", "mismatch": 0.9973510697003842, "faithfulness": 0.0004912166389269158, "DeltaNOrbits": 1212.9848652815674}