{"SMBHMASS": 40000000.0, "SecondaryMass": 10, "PROCAMASS": 4e-19, "p0": 4.76, "e0": 0.5, "BHSpin": 1, "Trajectory Exit Reason": "Integration reached time boundary. Boundary location t = 1281421.47", "mismatch": 0.7767509226515921, "faithfulness": 0.21575109775852194, "DeltaNOrbits": -0.20936868657433463}