{"SMBHMASS": 2000000.0, "SecondaryMass": 10, "PROCAMASS": 1e-17, "p0": 9.0175, "e0": 0.2, "BHSpin": 1, "Trajectory Exit Reason": "Separatrix reached!", "mismatch": 0.993948405926983, "faithfulness": 0.00043628276417820056, "DeltaNOrbits": 45.79004078955005}