{"SMBHMASS": 1000000.0, "SecondaryMass": 10, "PROCAMASS": 3e-17, "p0": 11.05, "e0": 0.2, "BHSpin": 1, "Trajectory Exit Reason": "Separatrix reached!", "mismatch": 0.9989300180280607, "faithfulness": 0.001381026906569928, "DeltaNOrbits": 6330.355645943353}