{"SMBHMASS": 700000.0, "SecondaryMass": 10, "PROCAMASS": 8e-18, "p0": 13.202, "e0": 0.6, "BHSpin": 1, "Trajectory Exit Reason": "Separatrix reached!", "mismatch": 2.8916948280333088e-08, "faithfulness": 0.9999999495411772, "DeltaNOrbits": 7.2131644579472225e-06}