{"SMBHMASS": 800000.0, "SecondaryMass": 10, "PROCAMASS": 7e-18, "p0": 12.363, "e0": 0.6, "BHSpin": 1, "Trajectory Exit Reason": "Separatrix reached!", "mismatch": 2.0490967034270113e-08, "faithfulness": 0.9999999624733806, "DeltaNOrbits": 5.912252803774845e-06}