{"SMBHMASS": 500000.0, "SecondaryMass": 10, "PROCAMASS": 9e-18, "p0": 15.5, "e0": 0.3, "BHSpin": 1, "Trajectory Exit Reason": "Separatrix reached!", "mismatch": 8.758216374360472e-11, "faithfulness": 0.9999999998627209, "DeltaNOrbits": 4.583289645686996e-07}