{"SMBHMASS": 700000.0, "SecondaryMass": 10, "PROCAMASS": 8e-18, "p0": 13.749999999999996, "e0": 0.2, "BHSpin": 1, "Trajectory Exit Reason": "Separatrix reached!", "mismatch": 6.807532215713508e-08, "faithfulness": 0.999999854963286, "DeltaNOrbits": 1.3480971000254361e-05}