{"SMBHMASS": 500000.0, "SecondaryMass": 10, "PROCAMASS": 1e-17, "p0": 15.6, "e0": 0.1, "BHSpin": 1, "Trajectory Exit Reason": "Separatrix reached!", "mismatch": 3.767553491407227e-09, "faithfulness": 0.9999999936811054, "DeltaNOrbits": 3.192868866405212e-06}