{"SMBHMASS": 400000.0, "SecondaryMass": 10, "PROCAMASS": 1e-17, "p0": 17.150000000000002, "e0": 0.4, "BHSpin": 1, "Trajectory Exit Reason": "Separatrix reached!", "mismatch": 2.0903057063037522e-11, "faithfulness": 0.9999999999736767, "DeltaNOrbits": 1.8450256009924853e-07}