{"SMBHMASS": 600000.0, "SecondaryMass": 10, "PROCAMASS": 8e-18, "p0": 13.741999999999999, "e0": 0.7, "BHSpin": 1, "Trajectory Exit Reason": "Separatrix reached!", "mismatch": 5.5030794365862334e-09, "faithfulness": 0.9999999917930478, "DeltaNOrbits": 2.734373149171229e-06}