{"SMBHMASS": 700000.0, "SecondaryMass": 10, "PROCAMASS": 4e-18, "p0": 13.799999999999999, "e0": 0.1, "BHSpin": 1, "Trajectory Exit Reason": "Separatrix reached!", "mismatch": 6.746825320647076e-13, "faithfulness": 0.999999999999465, "DeltaNOrbits": 3.0571321968644313e-09}