{"SMBHMASS": 500000.0, "SecondaryMass": 10, "PROCAMASS": 8e-18, "p0": 15.5, "e0": 0.3, "BHSpin": 1, "Trajectory Exit Reason": "Separatrix reached!", "mismatch": 3.7655434326211434e-12, "faithfulness": 0.9999999999951225, "DeltaNOrbits": 8.089357073642488e-08}