{"SMBHMASS": 600000.0, "SecondaryMass": 10, "PROCAMASS": 6e-18, "p0": 14.339999999999998, "e0": 0.5, "BHSpin": 1, "Trajectory Exit Reason": "Separatrix reached!", "mismatch": 2.263744747210694e-12, "faithfulness": 0.9999999999974831, "DeltaNOrbits": 4.8728834410626994e-08}