{"SMBHMASS": 1000000.0, "SecondaryMass": 10, "PROCAMASS": 4e-18, "p0": 10.950000000000003, "e0": 0.4, "BHSpin": 1, "Trajectory Exit Reason": "Separatrix reached!", "mismatch": 1.3642420526593924e-12, "faithfulness": 0.9999999999981379, "DeltaNOrbits": 3.7213636469104304e-08}