{"SMBHMASS": 500000.0, "SecondaryMass": 10, "PROCAMASS": 2e-17, "p0": 15.549999999999999, "e0": 0.2, "BHSpin": 1, "Trajectory Exit Reason": "Separatrix reached!", "mismatch": 0.31684822770849974, "faithfulness": 0.46536533023580684, "DeltaNOrbits": 0.043864696201926644}