{"SMBHMASS": 500000.0, "SecondaryMass": 10, "PROCAMASS": 6e-18, "p0": 15.549999999999999, "e0": 0.2, "BHSpin": 1, "Trajectory Exit Reason": "Separatrix reached!", "mismatch": 5.595524044110789e-14, "faithfulness": 0.9999999999999567, "DeltaNOrbits": 4.687602701858794e-09}