{"SMBHMASS": 600000.0, "SecondaryMass": 10, "PROCAMASS": 9e-18, "p0": 14.599999999999998, "e0": 0.3, "BHSpin": 1, "Trajectory Exit Reason": "Separatrix reached!", "mismatch": 9.872038742031464e-09, "faithfulness": 0.9999999813824735, "DeltaNOrbits": 5.164959998343735e-06}