{"SMBHMASS": 100000.0, "SecondaryMass": 10, "PROCAMASS": 8e-17, "p0": 32.5, "e0": 0.7, "BHSpin": 1, "Trajectory Exit Reason": "Separatrix reached!", "mismatch": 0.7046850835750684, "faithfulness": 0.22040457533201077, "DeltaNOrbits": 0.08439778355976517}