{"SMBHMASS": 500000.0, "SecondaryMass": 10, "PROCAMASS": 9e-18, "p0": 14.56, "e0": 0.7, "BHSpin": 1, "Trajectory Exit Reason": "Separatrix reached!", "mismatch": 3.940432424798246e-10, "faithfulness": 0.9999999994771983, "DeltaNOrbits": 6.877898960357757e-07}