{"SMBHMASS": 400000.0, "SecondaryMass": 10, "PROCAMASS": 1e-17, "p0": 16.25, "e0": 0.7, "BHSpin": 1, "Trajectory Exit Reason": "Separatrix reached!", "mismatch": 6.665845653230917e-11, "faithfulness": 0.9999999999227787, "DeltaNOrbits": 2.5359374774838465e-07}