{"SMBHMASS": 900000.0, "SecondaryMass": 10, "PROCAMASS": 4e-17, "p0": 11.288, "e0": 0.7, "BHSpin": 1, "Trajectory Exit Reason": "Separatrix reached!", "mismatch": 0.9986482836712209, "faithfulness": 0.0010068979148706995, "DeltaNOrbits": 7547.51820382447}