{"SMBHMASS": 600000.0, "SecondaryMass": 10, "PROCAMASS": 7e-18, "p0": 13.741999999999999, "e0": 0.7, "BHSpin": 1, "Trajectory Exit Reason": "Separatrix reached!", "mismatch": 4.337041836777189e-11, "faithfulness": 0.9999999999398366, "DeltaNOrbits": 2.2418969443672495e-07}