{"SMBHMASS": 800000.0, "SecondaryMass": 10, "PROCAMASS": 5e-18, "p0": 12.71, "e0": 0.4, "BHSpin": 1, "Trajectory Exit Reason": "Separatrix reached!", "mismatch": 2.765565554341265e-12, "faithfulness": 0.9999999999959268, "DeltaNOrbits": 6.084619475456238e-08}