{"SMBHMASS": 400000.0, "SecondaryMass": 10, "PROCAMASS": 9e-18, "p0": 17.35, "e0": 0.2, "BHSpin": 1, "Trajectory Exit Reason": "Separatrix reached!", "mismatch": 2.411626454090765e-12, "faithfulness": 0.9999999999974801, "DeltaNOrbits": 5.384258281265477e-08}