{"SMBHMASS": 100000.0, "SecondaryMass": 10, "PROCAMASS": 4e-16, "p0": 35.1, "e0": 0.1, "BHSpin": 1, "Trajectory Exit Reason": "Separatrix reached!", "mismatch": 0.9987523001697889, "faithfulness": 0.0008866496245108587, "DeltaNOrbits": 1969.6571730698324}