{"SMBHMASS": 50000000.0, "SecondaryMass": 10, "PROCAMASS": 8e-19, "p0": 4.83, "e0": 0.1, "BHSpin": 1, "Trajectory Exit Reason": "Integration reached time boundary. Boundary location t = 1025137.18", "mismatch": 0.9796774377182124, "faithfulness": 0.3423774936527707, "DeltaNOrbits": -32.42819971413732}