{"SMBHMASS": 300000.0, "SecondaryMass": 10, "PROCAMASS": 9e-18, "p0": 18.7, "e0": 0.7, "BHSpin": 1, "Trajectory Exit Reason": "Separatrix reached!", "mismatch": 1.0869083411080283e-13, "faithfulness": 0.9999999999999477, "DeltaNOrbits": 2.297481166128421e-09}