{"SMBHMASS": 300000.0, "SecondaryMass": 10, "PROCAMASS": 2e-17, "p0": 20.0, "e0": 0.3, "BHSpin": 1, "Trajectory Exit Reason": "Separatrix reached!", "mismatch": 2.3139065794097746e-05, "faithfulness": 0.9999725554285784, "DeltaNOrbits": 0.00019784394059058666}