{"SMBHMASS": 1000000.0, "SecondaryMass": 10, "PROCAMASS": 7e-18, "p0": 10.685, "e0": 0.6, "BHSpin": 1, "Trajectory Exit Reason": "Separatrix reached!", "mismatch": 1.2027150094406913e-05, "faithfulness": 0.9999767772170893, "DeltaNOrbits": 0.00017077493411492896}