{"SMBHMASS": 400000.0, "SecondaryMass": 10, "PROCAMASS": 7e-18, "p0": 17.35, "e0": 0.2, "BHSpin": 1, "Trajectory Exit Reason": "Separatrix reached!", "mismatch": 1.1968204205459188e-13, "faithfulness": 0.9999999999999369, "DeltaNOrbits": 1.4451897657904583e-09}