{"SMBHMASS": 1000000.0, "SecondaryMass": 10, "PROCAMASS": 8e-18, "p0": 10.950000000000003, "e0": 0.4, "BHSpin": 1, "Trajectory Exit Reason": "Separatrix reached!", "mismatch": 0.00025089727562233044, "faithfulness": 0.9994562244683752, "DeltaNOrbits": 0.0008556340130977925}