{"SMBHMASS": 600000.0, "SecondaryMass": 10, "PROCAMASS": 8e-18, "p0": 14.469999999999999, "e0": 0.4, "BHSpin": 1, "Trajectory Exit Reason": "Separatrix reached!", "mismatch": 9.90945547840738e-10, "faithfulness": 0.9999999982605182, "DeltaNOrbits": 1.510223305251029e-06}