{"SMBHMASS": 800000.0, "SecondaryMass": 10, "PROCAMASS": 6e-18, "p0": 12.799999999999999, "e0": 0.3, "BHSpin": 1, "Trajectory Exit Reason": "Separatrix reached!", "mismatch": 4.919655793855782e-10, "faithfulness": 0.9999999989533362, "DeltaNOrbits": 1.1222083812102114e-06}