{"SMBHMASS": 2000000.0, "SecondaryMass": 10, "PROCAMASS": 8e-18, "p0": 8.9425, "e0": 0.4, "BHSpin": 1, "Trajectory Exit Reason": "Separatrix reached!", "mismatch": 0.9766740438894816, "faithfulness": 0.0027231883639982045, "DeltaNOrbits": 8.04601884217412}