{"SMBHMASS": 1000000.0, "SecondaryMass": 10, "PROCAMASS": 7e-18, "p0": 10.950000000000003, "e0": 0.4, "BHSpin": 1, "Trajectory Exit Reason": "Separatrix reached!", "mismatch": 7.468178455649621e-06, "faithfulness": 0.9999837214786466, "DeltaNOrbits": 0.00014622239211106478}