{"SMBHMASS": 400000.0, "SecondaryMass": 10, "PROCAMASS": 1e-17, "p0": 16.625, "e0": 0.6, "BHSpin": 1, "Trajectory Exit Reason": "Separatrix reached!", "mismatch": 1.7442824962188297e-11, "faithfulness": 0.9999999999794573, "DeltaNOrbits": 1.4607533478835864e-07}