{"SMBHMASS": 100000.0, "SecondaryMass": 10, "PROCAMASS": 5e-17, "p0": 34.95, "e0": 0.2, "BHSpin": 1, "Trajectory Exit Reason": "Separatrix reached!", "mismatch": 1.4879862416439238e-05, "faithfulness": 0.9999925095825015, "DeltaNOrbits": 0.00010806580637593005}