{"SMBHMASS": 400000.0, "SecondaryMass": 10, "PROCAMASS": 1e-17, "p0": 16.625, "e0": 0.6, "BHSpin": 1, "Trajectory Exit Reason": "Separatrix reached!", "mismatch": 4.4275805244353705e-11, "faithfulness": 0.9999999999473278, "DeltaNOrbits": 2.396791642341714e-07}