{"SMBHMASS": 600000.0, "SecondaryMass": 10, "PROCAMASS": 7e-18, "p0": 13.741999999999999, "e0": 0.7, "BHSpin": 1, "Trajectory Exit Reason": "Separatrix reached!", "mismatch": 2.544198185461255e-11, "faithfulness": 0.999999999965078, "DeltaNOrbits": 1.8523441901910394e-07}