{"SMBHMASS": 600000.0, "SecondaryMass": 10, "PROCAMASS": 4e-17, "p0": 14.599999999999998, "e0": 0.3, "BHSpin": 1, "Trajectory Exit Reason": "Separatrix reached!", "mismatch": 0.9983838021023199, "faithfulness": 0.0006818157807931074, "DeltaNOrbits": 3930.6820575287607}