{"SMBHMASS": 700000.0, "SecondaryMass": 10, "PROCAMASS": 5e-17, "p0": 12.924, "e0": 0.7, "BHSpin": 1, "Trajectory Exit Reason": "Separatrix reached!", "mismatch": 1.0002056698927972, "faithfulness": -0.0003400209627531595, "DeltaNOrbits": 9604.90758871158}