{"SMBHMASS": 400000.0, "SecondaryMass": 10, "PROCAMASS": 7e-18, "p0": 17.3, "e0": 0.3, "BHSpin": 1, "Trajectory Exit Reason": "Separatrix reached!", "mismatch": 1.0269562977782698e-13, "faithfulness": 0.9999999999999559, "DeltaNOrbits": 1.5563582093128014e-09}