{"SMBHMASS": 100000.0, "SecondaryMass": 10, "PROCAMASS": 5e-17, "p0": 34.8, "e0": 0.3, "BHSpin": 1, "Trajectory Exit Reason": "Separatrix reached!", "mismatch": 3.408485859035526e-05, "faithfulness": 0.9999830847882808, "DeltaNOrbits": 0.00015939942858672905}