{"SMBHMASS": 90000000.0, "SecondaryMass": 10, "PROCAMASS": 1e-19, "p0": 4.83, "e0": 0.2, "BHSpin": 1, "Trajectory Exit Reason": "Integration reached time boundary. Boundary location t = 569520.65", "mismatch": 3.304987727936748e-09, "faithfulness": 0.9991226289618251, "DeltaNOrbits": 6.331676287124584e-06}