{"SMBHMASS": 300000.0, "SecondaryMass": 10, "PROCAMASS": 2e-17, "p0": 20.1, "e0": 0.1, "BHSpin": 1, "Trajectory Exit Reason": "Separatrix reached!", "mismatch": 3.7709494808968458e-06, "faithfulness": 0.9999952099689454, "DeltaNOrbits": 8.697359524954887e-05}