{"SMBHMASS": 300000.0, "SecondaryMass": 10, "PROCAMASS": 9e-18, "p0": 18.7, "e0": 0.7, "BHSpin": 1, "Trajectory Exit Reason": "Separatrix reached!", "mismatch": 8.489875469308572e-13, "faithfulness": 0.9999999999996362, "DeltaNOrbits": 4.076176262485908e-09}