{"SMBHMASS": 900000.0, "SecondaryMass": 10, "PROCAMASS": 3e-18, "p0": 11.523999999999997, "e0": 0.6, "BHSpin": 1, "Trajectory Exit Reason": "Separatrix reached!", "mismatch": 1.532107773982716e-14, "faithfulness": 0.999999999999992, "DeltaNOrbits": 4.1688166320878607e-10}