{"SMBHMASS": 900000.0, "SecondaryMass": 10, "PROCAMASS": 7e-18, "p0": 11.288, "e0": 0.7, "BHSpin": 1, "Trajectory Exit Reason": "Separatrix reached!", "mismatch": 4.756165971064874e-07, "faithfulness": 0.9999991627773848, "DeltaNOrbits": 2.7750413450227898e-05}