{"SMBHMASS": 100000.0, "SecondaryMass": 10, "PROCAMASS": 3e-17, "p0": 32.5, "e0": 0.7, "BHSpin": 1, "Trajectory Exit Reason": "Separatrix reached!", "mismatch": 1.7622681092177572e-11, "faithfulness": 0.9999999999910839, "DeltaNOrbits": 7.1314556519583e-08}