{"SMBHMASS": 100000.0, "SecondaryMass": 10, "PROCAMASS": 7e-17, "p0": 32.5, "e0": 0.7, "BHSpin": 1, "Trajectory Exit Reason": "Separatrix reached!", "mismatch": 0.08604933805664183, "faithfulness": 0.9522750879777638, "DeltaNOrbits": 0.006219583172281134}