{"SMBHMASS": 800000.0, "SecondaryMass": 10, "PROCAMASS": 7e-18, "p0": 12.899999999999999, "e0": 0.1, "BHSpin": 1, "Trajectory Exit Reason": "Separatrix reached!", "mismatch": 1.105454050520649e-08, "faithfulness": 0.9999999741316755, "DeltaNOrbits": 5.550028958631211e-06}