{"SMBHMASS": 800000.0, "SecondaryMass": 10, "PROCAMASS": 8e-18, "p0": 12.62, "e0": 0.5, "BHSpin": 1, "Trajectory Exit Reason": "Separatrix reached!", "mismatch": 4.046630185827738e-06, "faithfulness": 0.9999920019188971, "DeltaNOrbits": 9.629075219767387e-05}