{"SMBHMASS": 100000.0, "SecondaryMass": 10, "PROCAMASS": 6e-17, "p0": 34.2, "e0": 0.5, "BHSpin": 1, "Trajectory Exit Reason": "Separatrix reached!", "mismatch": 0.001610137641550602, "faithfulness": 0.9991864956971361, "DeltaNOrbits": 0.0009670376705185548}