{"SMBHMASS": 100000.0, "SecondaryMass": 10, "PROCAMASS": 5e-17, "p0": 32.5, "e0": 0.7, "BHSpin": 1, "Trajectory Exit Reason": "Separatrix reached!", "mismatch": 7.330997086940627e-06, "faithfulness": 0.9999963824523783, "DeltaNOrbits": 5.161437811491469e-05}