{"SMBHMASS": 900000.0, "SecondaryMass": 10, "PROCAMASS": 3e-18, "p0": 11.759999999999998, "e0": 0.5, "BHSpin": 1, "Trajectory Exit Reason": "Separatrix reached!", "mismatch": 1.4432899320127035e-14, "faithfulness": 0.9999999999999921, "DeltaNOrbits": 2.964491827262479e-10}