{"SMBHMASS": 800000.0, "SecondaryMass": 10, "PROCAMASS": 6e-18, "p0": 12.799999999999999, "e0": 0.3, "BHSpin": 1, "Trajectory Exit Reason": "Separatrix reached!", "mismatch": 9.710460213696592e-10, "faithfulness": 0.9999999979139609, "DeltaNOrbits": 1.6496841176498083e-06}