{"SMBHMASS": 400000.0, "SecondaryMass": 10, "PROCAMASS": 2e-17, "p0": 16.25, "e0": 0.7, "BHSpin": 1, "Trajectory Exit Reason": "Separatrix reached!", "mismatch": 0.004562598689790143, "faithfulness": 0.9942144409021535, "DeltaNOrbits": 0.0022110623569962704}