{"SMBHMASS": 600000.0, "SecondaryMass": 10, "PROCAMASS": 8e-18, "p0": 14.649999999999997, "e0": 0.2, "BHSpin": 1, "Trajectory Exit Reason": "Separatrix reached!", "mismatch": 3.4415481575678086e-09, "faithfulness": 0.9999999934878209, "DeltaNOrbits": 3.0247821797994294e-06}