{"SMBHMASS": 400000.0, "SecondaryMass": 10, "PROCAMASS": 9e-18, "p0": 17.150000000000002, "e0": 0.4, "BHSpin": 1, "Trajectory Exit Reason": "Separatrix reached!", "mismatch": 1.977751296067254e-12, "faithfulness": 0.9999999999979402, "DeltaNOrbits": 4.7246588496995755e-08}