{"SMBHMASS": 400000.0, "SecondaryMass": 10, "PROCAMASS": 5e-17, "p0": 17.3, "e0": 0.3, "BHSpin": 1, "Trajectory Exit Reason": "Separatrix reached!", "mismatch": 0.9965539037505774, "faithfulness": 0.0012359903528188926, "DeltaNOrbits": 1037.5828284707736}