{"SMBHMASS": 100000.0, "SecondaryMass": 10, "PROCAMASS": 6e-17, "p0": 34.2, "e0": 0.5, "BHSpin": 1, "Trajectory Exit Reason": "Separatrix reached!", "mismatch": 0.0012282561017287197, "faithfulness": 0.9994065406875033, "DeltaNOrbits": 0.0008587714830231756}