{"SMBHMASS": 800000.0, "SecondaryMass": 10, "PROCAMASS": 8e-18, "p0": 12.363, "e0": 0.6, "BHSpin": 1, "Trajectory Exit Reason": "Separatrix reached!", "mismatch": 8.818990205883281e-07, "faithfulness": 0.9999983797708795, "DeltaNOrbits": 3.882572712476964e-05}