{"SMBHMASS": 500000.0, "SecondaryMass": 10, "PROCAMASS": 9e-18, "p0": 15.549999999999999, "e0": 0.2, "BHSpin": 1, "Trajectory Exit Reason": "Separatrix reached!", "mismatch": 2.51617948698879e-10, "faithfulness": 0.9999999995979405, "DeltaNOrbits": 7.77623262438789e-07}