{"SMBHMASS": 20000000.0, "SecondaryMass": 10, "PROCAMASS": 6e-19, "p0": 4.609999999999999, "e0": 0.6, "BHSpin": 1, "Trajectory Exit Reason": "Integration reached time boundary. Boundary location t = 2562842.94", "mismatch": 0.003855082175543756, "faithfulness": 0.9891870897596781, "DeltaNOrbits": -0.002818113148531886}