{"SMBHMASS": 30000000.0, "SecondaryMass": 10, "PROCAMASS": 8e-19, "p0": 4.46, "e0": 0.7, "BHSpin": 1, "Trajectory Exit Reason": "Integration reached time boundary. Boundary location t = 1708561.96", "mismatch": 0.9752016865483392, "faithfulness": 0.029142172794921147, "DeltaNOrbits": -10.22554986990813}