{"SMBHMASS": 1000000.0, "SecondaryMass": 10, "PROCAMASS": 8e-18, "p0": 10.685, "e0": 0.6, "BHSpin": 1, "Trajectory Exit Reason": "Separatrix reached!", "mismatch": 5.2010099698796e-05, "faithfulness": 0.9999017783879843, "DeltaNOrbits": 0.00028646999916887337}