{"SMBHMASS": 90000000.0, "SecondaryMass": 10, "PROCAMASS": 3e-19, "p0": 4.76, "e0": 0.5, "BHSpin": 1, "Trajectory Exit Reason": "Integration reached time boundary. Boundary location t = 569520.65", "mismatch": 0.9889926469906097, "faithfulness": 0.2761463057122694, "DeltaNOrbits": -85.40904902643715}