{"SMBHMASS": 400000.0, "SecondaryMass": 10, "PROCAMASS": 9e-18, "p0": 17.4, "e0": 0.1, "BHSpin": 1, "Trajectory Exit Reason": "Separatrix reached!", "mismatch": 8.980594046192891e-13, "faithfulness": 0.9999999999990827, "DeltaNOrbits": 3.4443689418005926e-08}