{"SMBHMASS": 700000.0, "SecondaryMass": 10, "PROCAMASS": 4e-18, "p0": 13.590000000000002, "e0": 0.4, "BHSpin": 1, "Trajectory Exit Reason": "Separatrix reached!", "mismatch": -9.325873406851315e-15, "faithfulness": 0.999999999999995, "DeltaNOrbits": 1.6675266528351442e-10}