{"SMBHMASS": 100000.0, "SecondaryMass": 10, "PROCAMASS": 1e-16, "p0": 34.5, "e0": 0.4, "BHSpin": 1, "Trajectory Exit Reason": "Separatrix reached!", "mismatch": 0.8889031881445849, "faithfulness": 0.06861551274368988, "DeltaNOrbits": 1.5581608644326228}