{"SMBHMASS": 400000.0, "SecondaryMass": 10, "PROCAMASS": 8e-18, "p0": 17.0, "e0": 0.5, "BHSpin": 1, "Trajectory Exit Reason": "Separatrix reached!", "mismatch": 1.5787371410169726e-13, "faithfulness": 0.999999999999895, "DeltaNOrbits": 6.670106611340577e-09}