{"SMBHMASS": 500000.0, "SecondaryMass": 10, "PROCAMASS": 5e-17, "p0": 15.549999999999999, "e0": 0.2, "BHSpin": 1, "Trajectory Exit Reason": "Separatrix reached!", "mismatch": 0.9990361981130661, "faithfulness": 1.7066842569720187e-05, "DeltaNOrbits": 7271.022163392907}