{"SMBHMASS": 700000.0, "SecondaryMass": 10, "PROCAMASS": 8e-18, "p0": 13.590000000000002, "e0": 0.4, "BHSpin": 1, "Trajectory Exit Reason": "Separatrix reached!", "mismatch": 1.861016768467394e-07, "faithfulness": 0.9999996367619068, "DeltaNOrbits": 2.1125079929515946e-05}