{"SMBHMASS": 60000000.0, "SecondaryMass": 10, "PROCAMASS": 5e-19, "p0": 4.83, "e0": 0.1, "BHSpin": 1, "Trajectory Exit Reason": "Integration reached time boundary. Boundary location t = 854280.98", "mismatch": 0.9718359954791698, "faithfulness": 0.33805866274211493, "DeltaNOrbits": -16.896291003756723}