{"SMBHMASS": 100000.0, "SecondaryMass": 10, "PROCAMASS": 5e-17, "p0": 34.2, "e0": 0.5, "BHSpin": 1, "Trajectory Exit Reason": "Separatrix reached!", "mismatch": 2.6902065388911822e-05, "faithfulness": 0.9999862958686374, "DeltaNOrbits": 0.00012236558854694822}