{"SMBHMASS": 500000.0, "SecondaryMass": 10, "PROCAMASS": 6e-18, "p0": 15.350000000000001, "e0": 0.4, "BHSpin": 1, "Trajectory Exit Reason": "Separatrix reached!", "mismatch": 1.4765966227514582e-14, "faithfulness": 0.9999999999999819, "DeltaNOrbits": 1.7045828006759252e-09}