{"SMBHMASS": 100000.0, "SecondaryMass": 10, "PROCAMASS": 3e-17, "p0": 33.35, "e0": 0.6, "BHSpin": 1, "Trajectory Exit Reason": "Separatrix reached!", "mismatch": 4.288236432614667e-12, "faithfulness": 0.9999999999981743, "DeltaNOrbits": 4.398564748700703e-08}