{"SMBHMASS": 800000.0, "SecondaryMass": 10, "PROCAMASS": 4e-17, "p0": 12.62, "e0": 0.5, "BHSpin": 1, "Trajectory Exit Reason": "Separatrix reached!", "mismatch": 1.0002001261394795, "faithfulness": -0.00034081415115345547, "DeltaNOrbits": 10947.334032485227}