{"SMBHMASS": 700000.0, "SecondaryMass": 10, "PROCAMASS": 7e-18, "p0": 13.799999999999999, "e0": 0.1, "BHSpin": 1, "Trajectory Exit Reason": "Separatrix reached!", "mismatch": 2.1014476825342854e-09, "faithfulness": 0.9999999954606765, "DeltaNOrbits": 2.3349449315954505e-06}