{"SMBHMASS": 20000000.0, "SecondaryMass": 10, "PROCAMASS": 4e-19, "p0": 4.609999999999999, "e0": 0.6, "BHSpin": 1, "Trajectory Exit Reason": "Integration reached time boundary. Boundary location t = 2562842.94", "mismatch": 1.2169655716487426e-07, "faithfulness": 0.9999991285122649, "DeltaNOrbits": -2.1640713910711173e-05}