{"SMBHMASS": 700000.0, "SecondaryMass": 10, "PROCAMASS": 9e-18, "p0": 13.202, "e0": 0.6, "BHSpin": 1, "Trajectory Exit Reason": "Separatrix reached!", "mismatch": 5.030538297257081e-06, "faithfulness": 0.999991290281533, "DeltaNOrbits": 9.659815147208707e-05}