{"SMBHMASS": 700000.0, "SecondaryMass": 10, "PROCAMASS": 8e-18, "p0": 13.749999999999996, "e0": 0.2, "BHSpin": 1, "Trajectory Exit Reason": "Separatrix reached!", "mismatch": 1.630449197875805e-08, "faithfulness": 0.9999999648607923, "DeltaNOrbits": 6.628307276576176e-06}