{"SMBHMASS": 800000.0, "SecondaryMass": 10, "PROCAMASS": 9e-18, "p0": 12.849999999999998, "e0": 0.2, "BHSpin": 1, "Trajectory Exit Reason": "Separatrix reached!", "mismatch": 9.028146011558214e-06, "faithfulness": 0.9999793583953871, "DeltaNOrbits": 0.00014867610199648993}