{"SMBHMASS": 2000000.0, "SecondaryMass": 10, "PROCAMASS": 7e-18, "p0": 8.985, "e0": 0.3, "BHSpin": 1, "Trajectory Exit Reason": "Separatrix reached!", "mismatch": 0.9165305445651826, "faithfulness": 0.00536177246062051, "DeltaNOrbits": 0.20781924890866033}