{"SMBHMASS": 800000.0, "SecondaryMass": 10, "PROCAMASS": 9e-18, "p0": 12.799999999999999, "e0": 0.3, "BHSpin": 1, "Trajectory Exit Reason": "Separatrix reached!", "mismatch": 6.167529749068201e-05, "faithfulness": 0.999864849751955, "DeltaNOrbits": 0.00040371941213611026}