{"SMBHMASS": 100000.0, "SecondaryMass": 10, "PROCAMASS": 7e-17, "p0": 34.95, "e0": 0.2, "BHSpin": 1, "Trajectory Exit Reason": "Separatrix reached!", "mismatch": 0.15128669290047514, "faithfulness": 0.8928330057044975, "DeltaNOrbits": 0.01559397076534395}