{"SMBHMASS": 400000.0, "SecondaryMass": 10, "PROCAMASS": 9e-18, "p0": 17.4, "e0": 0.1, "BHSpin": 1, "Trajectory Exit Reason": "Separatrix reached!", "mismatch": 1.5946133302691123e-12, "faithfulness": 0.9999999999983197, "DeltaNOrbits": 4.44303212610964e-08}