{"SMBHMASS": 600000.0, "SecondaryMass": 10, "PROCAMASS": 9e-18, "p0": 14.599999999999998, "e0": 0.3, "BHSpin": 1, "Trajectory Exit Reason": "Separatrix reached!", "mismatch": 1.3078636396102183e-08, "faithfulness": 0.9999999754084342, "DeltaNOrbits": 5.699587571316603e-06}