{"SMBHMASS": 300000.0, "SecondaryMass": 10, "PROCAMASS": 2e-17, "p0": 19.15, "e0": 0.6, "BHSpin": 1, "Trajectory Exit Reason": "Separatrix reached!", "mismatch": 8.727155186072366e-06, "faithfulness": 0.999990152765946, "DeltaNOrbits": 9.929919261627552e-05}