{"SMBHMASS": 100000.0, "SecondaryMass": 10, "PROCAMASS": 4e-17, "p0": 34.95, "e0": 0.2, "BHSpin": 1, "Trajectory Exit Reason": "Separatrix reached!", "mismatch": 1.6190738083565748e-08, "faithfulness": 0.9999999920033833, "DeltaNOrbits": 3.705540671782417e-06}