{"SMBHMASS": 400000.0, "SecondaryMass": 10, "PROCAMASS": 9e-17, "p0": 17.4, "e0": 0.1, "BHSpin": 1, "Trajectory Exit Reason": "Separatrix reached!", "mismatch": 0.9990346476554125, "faithfulness": 0.00024338659900578579, "DeltaNOrbits": 2818.082609870224}