{"SMBHMASS": 700000.0, "SecondaryMass": 10, "PROCAMASS": 4e-17, "p0": 13.590000000000002, "e0": 0.4, "BHSpin": 1, "Trajectory Exit Reason": "Separatrix reached!", "mismatch": 0.9981957659312805, "faithfulness": 0.0009649835298530381, "DeltaNOrbits": 2302.6295578842646}