{"SMBHMASS": 700000.0, "SecondaryMass": 10, "PROCAMASS": 9e-18, "p0": 13.749999999999996, "e0": 0.2, "BHSpin": 1, "Trajectory Exit Reason": "Separatrix reached!", "mismatch": 6.019968314951996e-07, "faithfulness": 0.9999987047771185, "DeltaNOrbits": 4.064323853599034e-05}