{"SMBHMASS": 800000.0, "SecondaryMass": 10, "PROCAMASS": 8e-18, "p0": 12.849999999999998, "e0": 0.2, "BHSpin": 1, "Trajectory Exit Reason": "Separatrix reached!", "mismatch": 2.088883365836125e-06, "faithfulness": 0.9999952368094622, "DeltaNOrbits": 7.45021448849209e-05}