{"SMBHMASS": 700000.0, "SecondaryMass": 10, "PROCAMASS": 8e-18, "p0": 13.799999999999999, "e0": 0.1, "BHSpin": 1, "Trajectory Exit Reason": "Separatrix reached!", "mismatch": 5.336079522688664e-08, "faithfulness": 0.9999998830905029, "DeltaNOrbits": 1.2028129139934781e-05}