{"SMBHMASS": 1000000.0, "SecondaryMass": 10, "PROCAMASS": 7e-18, "p0": 10.9, "e0": 0.5, "BHSpin": 1, "Trajectory Exit Reason": "Separatrix reached!", "mismatch": 5.982384481906244e-06, "faithfulness": 0.9999876802061718, "DeltaNOrbits": 0.00012693641806292376}