{"SMBHMASS": 80000000.0, "SecondaryMass": 10, "PROCAMASS": 1e-19, "p0": 4.83, "e0": 0.1, "BHSpin": 1, "Trajectory Exit Reason": "Integration reached time boundary. Boundary location t = 640710.74", "mismatch": 4.995506786009685e-09, "faithfulness": 0.9999399606218413, "DeltaNOrbits": -8.633250420582481e-06}