{"SMBHMASS": 100000.0, "SecondaryMass": 10, "PROCAMASS": 8e-17, "p0": 35.1, "e0": 0.1, "BHSpin": 1, "Trajectory Exit Reason": "Separatrix reached!", "mismatch": 0.3935723563204091, "faithfulness": 0.5819895417605887, "DeltaNOrbits": 0.05479203509912593}