{"SMBHMASS": 100000.0, "SecondaryMass": 10, "PROCAMASS": 1e-16, "p0": 34.95, "e0": 0.2, "BHSpin": 1, "Trajectory Exit Reason": "Separatrix reached!", "mismatch": 0.8347129550299195, "faithfulness": 0.10539621947058023, "DeltaNOrbits": 0.9438008735225067}