{"SMBHMASS": 400000.0, "SecondaryMass": 10, "PROCAMASS": 1e-16, "p0": 17.35, "e0": 0.2, "BHSpin": 1, "Trajectory Exit Reason": "Separatrix reached!", "mismatch": 0.997465443274249, "faithfulness": 0.0005920648309928803, "DeltaNOrbits": 565.0946804676075}