{"SMBHMASS": 600000.0, "SecondaryMass": 10, "PROCAMASS": 1e-17, "p0": 14.649999999999997, "e0": 0.2, "BHSpin": 1, "Trajectory Exit Reason": "Separatrix reached!", "mismatch": 1.8791274325469232e-07, "faithfulness": 0.9999996325315054, "DeltaNOrbits": 2.2744396534010235e-05}