{"SMBHMASS": 600000.0, "SecondaryMass": 10, "PROCAMASS": 6e-18, "p0": 13.741999999999999, "e0": 0.7, "BHSpin": 1, "Trajectory Exit Reason": "Separatrix reached!", "mismatch": 2.1475043965324403e-12, "faithfulness": 0.9999999999977672, "DeltaNOrbits": 3.9650078189635655e-08}