{"SMBHMASS": 800000.0, "SecondaryMass": 10, "PROCAMASS": 1e-17, "p0": 12.363, "e0": 0.6, "BHSpin": 1, "Trajectory Exit Reason": "Separatrix reached!", "mismatch": 0.00043329473920583617, "faithfulness": 0.9992039409324989, "DeltaNOrbits": 0.0008579448622692544}