{"SMBHMASS": 300000.0, "SecondaryMass": 10, "PROCAMASS": 3e-17, "p0": 19.15, "e0": 0.6, "BHSpin": 1, "Trajectory Exit Reason": "Separatrix reached!", "mismatch": 0.27109704155708003, "faithfulness": 0.6654606570576613, "DeltaNOrbits": 0.02315673190813695}