{"SMBHMASS": 400000.0, "SecondaryMass": 10, "PROCAMASS": 8e-18, "p0": 16.625, "e0": 0.6, "BHSpin": 1, "Trajectory Exit Reason": "Separatrix reached!", "mismatch": 1.538769112130467e-13, "faithfulness": 0.9999999999998965, "DeltaNOrbits": 7.89295949008635e-09}