{"SMBHMASS": 800000.0, "SecondaryMass": 10, "PROCAMASS": 4e-18, "p0": 12.363, "e0": 0.6, "BHSpin": 1, "Trajectory Exit Reason": "Separatrix reached!", "mismatch": 6.217248937900877e-14, "faithfulness": 0.9999999999999484, "DeltaNOrbits": 3.5944463405557553e-09}