{"SMBHMASS": 600000.0, "SecondaryMass": 10, "PROCAMASS": 7e-18, "p0": 13.741999999999999, "e0": 0.7, "BHSpin": 1, "Trajectory Exit Reason": "Separatrix reached!", "mismatch": 3.450628671686218e-11, "faithfulness": 0.9999999999523903, "DeltaNOrbits": 2.0008467026629692e-07}