{"SMBHMASS": 1000000.0, "SecondaryMass": 10, "PROCAMASS": 3e-17, "p0": 10.47, "e0": 0.7, "BHSpin": 1, "Trajectory Exit Reason": "Separatrix reached!", "mismatch": 0.9994352128280704, "faithfulness": -0.00032434616544682376, "DeltaNOrbits": 10234.785703568894}