{"SMBHMASS": 100000.0, "SecondaryMass": 10, "PROCAMASS": 9e-17, "p0": 33.35, "e0": 0.6, "BHSpin": 1, "Trajectory Exit Reason": "Separatrix reached!", "mismatch": 0.8268494470995491, "faithfulness": 0.11280099570921988, "DeltaNOrbits": 0.37932090407149044}