{"SMBHMASS": 100000.0, "SecondaryMass": 10, "PROCAMASS": 5e-17, "p0": 34.5, "e0": 0.4, "BHSpin": 1, "Trajectory Exit Reason": "Separatrix reached!", "mismatch": 2.0280274983353053e-05, "faithfulness": 0.9999896650170195, "DeltaNOrbits": 0.00011445491621819398}