{"SMBHMASS": 800000.0, "SecondaryMass": 10, "PROCAMASS": 4e-18, "p0": 12.106, "e0": 0.7, "BHSpin": 1, "Trajectory Exit Reason": "Separatrix reached!", "mismatch": 8.149037000748649e-14, "faithfulness": 0.9999999999999479, "DeltaNOrbits": 4.4282096669733275e-09}