{"SMBHMASS": 3000000.0, "SecondaryMass": 10, "PROCAMASS": 5e-18, "p0": 7.0, "e0": 0.1, "BHSpin": 1, "Trajectory Exit Reason": "Separatrix reached!", "mismatch": 0.7077084480967286, "faithfulness": 0.6337754461559874, "DeltaNOrbits": -0.4146682830731187}