{"SMBHMASS": 700000.0, "SecondaryMass": 10, "PROCAMASS": 4e-18, "p0": 13.590000000000002, "e0": 0.4, "BHSpin": 1, "Trajectory Exit Reason": "Separatrix reached!", "mismatch": 2.7422508708241367e-14, "faithfulness": 0.9999999999999867, "DeltaNOrbits": 4.446737740893718e-10}