{"SMBHMASS": 500000.0, "SecondaryMass": 10, "PROCAMASS": 1e-17, "p0": 14.56, "e0": 0.7, "BHSpin": 1, "Trajectory Exit Reason": "Separatrix reached!", "mismatch": 2.2470514338124303e-08, "faithfulness": 0.999999969870882, "DeltaNOrbits": 5.213207102832432e-06}