{"SMBHMASS": 300000.0, "SecondaryMass": 10, "PROCAMASS": 1e-17, "p0": 20.0, "e0": 0.3, "BHSpin": 1, "Trajectory Exit Reason": "Separatrix reached!", "mismatch": 3.567146578120628e-13, "faithfulness": 0.99999999999977, "DeltaNOrbits": 1.096861976087117e-08}