{"SMBHMASS": 100000.0, "SecondaryMass": 10, "PROCAMASS": 5e-17, "p0": 34.2, "e0": 0.5, "BHSpin": 1, "Trajectory Exit Reason": "Separatrix reached!", "mismatch": 1.759676706714064e-05, "faithfulness": 0.999990889209353, "DeltaNOrbits": 0.00010056214024698502}