{"SMBHMASS": 20000000.0, "SecondaryMass": 10, "PROCAMASS": 2e-19, "p0": 4.83, "e0": 0.3, "BHSpin": 1, "Trajectory Exit Reason": "Integration reached time boundary. Boundary location t = 2562842.94", "mismatch": -7.327471962526033e-15, "faithfulness": 0.9999999998058219, "DeltaNOrbits": -4.1688166320878607e-10}