{"SMBHMASS": 700000.0, "SecondaryMass": 10, "PROCAMASS": 1e-17, "p0": 12.924, "e0": 0.7, "BHSpin": 1, "Trajectory Exit Reason": "Separatrix reached!", "mismatch": 0.00012583228937068647, "faithfulness": 0.9997953974630238, "DeltaNOrbits": 0.0004243944822062478}