{"SMBHMASS": 900000.0, "SecondaryMass": 10, "PROCAMASS": 4e-18, "p0": 11.999999999999998, "e0": 0.1, "BHSpin": 1, "Trajectory Exit Reason": "Separatrix reached!", "mismatch": 3.3217872896784684e-13, "faithfulness": 0.9999999999996295, "DeltaNOrbits": 1.2506449896263583e-08}