{"SMBHMASS": 300000.0, "SecondaryMass": 10, "PROCAMASS": 1e-17, "p0": 19.15, "e0": 0.6, "BHSpin": 1, "Trajectory Exit Reason": "Separatrix reached!", "mismatch": 5.661027202563673e-13, "faithfulness": 0.9999999999997143, "DeltaNOrbits": 5.169332623788948e-09}