{"SMBHMASS": 600000.0, "SecondaryMass": 10, "PROCAMASS": 8e-18, "p0": 14.7, "e0": 0.1, "BHSpin": 1, "Trajectory Exit Reason": "Separatrix reached!", "mismatch": 2.757518213769572e-09, "faithfulness": 0.9999999946629656, "DeltaNOrbits": 2.698280461174308e-06}