{"SMBHMASS": 400000.0, "SecondaryMass": 10, "PROCAMASS": 7e-18, "p0": 17.0, "e0": 0.5, "BHSpin": 1, "Trajectory Exit Reason": "Separatrix reached!", "mismatch": 2.774447338538266e-13, "faithfulness": 0.9999999999998719, "DeltaNOrbits": 2.0751442790837353e-09}