{"SMBHMASS": 1000000.0, "SecondaryMass": 10, "PROCAMASS": 3e-18, "p0": 11.0, "e0": 0.3, "BHSpin": 1, "Trajectory Exit Reason": "Separatrix reached!", "mismatch": 2.7755575615628914e-15, "faithfulness": 0.9999999999999821, "DeltaNOrbits": 7.040668089748387e-10}