{"SMBHMASS": 900000.0, "SecondaryMass": 10, "PROCAMASS": 5e-18, "p0": 11.999999999999998, "e0": 0.1, "BHSpin": 1, "Trajectory Exit Reason": "Separatrix reached!", "mismatch": 7.29972748914065e-11, "faithfulness": 0.9999999998362176, "DeltaNOrbits": 4.2319973641563925e-07}