{"SMBHMASS": 400000.0, "SecondaryMass": 10, "PROCAMASS": 9e-18, "p0": 17.4, "e0": 0.1, "BHSpin": 1, "Trajectory Exit Reason": "Separatrix reached!", "mismatch": 3.2869262867052385e-12, "faithfulness": 0.9999999999963366, "DeltaNOrbits": 6.89800192056138e-08}