{"SMBHMASS": 600000.0, "SecondaryMass": 10, "PROCAMASS": 7e-18, "p0": 14.649999999999997, "e0": 0.2, "BHSpin": 1, "Trajectory Exit Reason": "Separatrix reached!", "mismatch": 2.2485679984640683e-11, "faithfulness": 0.9999999999615613, "DeltaNOrbits": 2.1976148476975163e-07}