{"SMBHMASS": 40000000.0, "SecondaryMass": 10, "PROCAMASS": 1e-19, "p0": 4.795, "e0": 0.4, "BHSpin": 1, "Trajectory Exit Reason": "Integration reached time boundary. Boundary location t = 1281421.47", "mismatch": 2.8310687127941492e-14, "faithfulness": 0.9999999915897562, "DeltaNOrbits": 1.5250920845721423e-09}