{"SMBHMASS": 800000.0, "SecondaryMass": 10, "PROCAMASS": 6e-18, "p0": 12.363, "e0": 0.6, "BHSpin": 1, "Trajectory Exit Reason": "Separatrix reached!", "mismatch": 1.0118024196259512e-09, "faithfulness": 0.9999999981820699, "DeltaNOrbits": 1.3800821140342062e-06}