{"SMBHMASS": 50000000.0, "SecondaryMass": 10, "PROCAMASS": 7e-19, "p0": 4.795, "e0": 0.4, "BHSpin": 1, "Trajectory Exit Reason": "Integration reached time boundary. Boundary location t = 1025137.18", "mismatch": 0.9990117710716757, "faithfulness": 0.10818749773705391, "DeltaNOrbits": -808.9822110590853}