{"SMBHMASS": 300000.0, "SecondaryMass": 10, "PROCAMASS": 1e-17, "p0": 20.1, "e0": 0.1, "BHSpin": 1, "Trajectory Exit Reason": "Separatrix reached!", "mismatch": 1.2301271112846734e-13, "faithfulness": 0.9999999999999529, "DeltaNOrbits": 5.3360852890724615e-09}