{"SMBHMASS": 400000.0, "SecondaryMass": 10, "PROCAMASS": 8e-18, "p0": 17.35, "e0": 0.2, "BHSpin": 1, "Trajectory Exit Reason": "Separatrix reached!", "mismatch": 4.262146191535976e-13, "faithfulness": 0.9999999999996904, "DeltaNOrbits": 1.1746798865527572e-08}