{"SMBHMASS": 600000.0, "SecondaryMass": 10, "PROCAMASS": 8e-18, "p0": 14.599999999999998, "e0": 0.3, "BHSpin": 1, "Trajectory Exit Reason": "Separatrix reached!", "mismatch": 2.9448756766470296e-09, "faithfulness": 0.9999999946167426, "DeltaNOrbits": 2.7042650290505943e-06}