{"SMBHMASS": 300000.0, "SecondaryMass": 10, "PROCAMASS": 6e-17, "p0": 18.7, "e0": 0.7, "BHSpin": 1, "Trajectory Exit Reason": "Separatrix reached!", "mismatch": 0.9945298225173237, "faithfulness": 0.002520131793729226, "DeltaNOrbits": 253.59813505660586}