{"SMBHMASS": 800000.0, "SecondaryMass": 10, "PROCAMASS": 4e-18, "p0": 12.849999999999998, "e0": 0.2, "BHSpin": 1, "Trajectory Exit Reason": "Separatrix reached!", "mismatch": 6.983302824892235e-14, "faithfulness": 0.9999999999999268, "DeltaNOrbits": 3.075660270784822e-09}