{"SMBHMASS": 500000.0, "SecondaryMass": 10, "PROCAMASS": 4e-17, "p0": 14.56, "e0": 0.7, "BHSpin": 1, "Trajectory Exit Reason": "Separatrix reached!", "mismatch": 0.9917768307279093, "faithfulness": 0.003668942851703336, "DeltaNOrbits": 117.98635894210749}