{"SMBHMASS": 400000.0, "SecondaryMass": 10, "PROCAMASS": 1e-17, "p0": 16.625, "e0": 0.6, "BHSpin": 1, "Trajectory Exit Reason": "Separatrix reached!", "mismatch": 3.5875968862342233e-11, "faithfulness": 0.9999999999575747, "DeltaNOrbits": 2.0945987567001452e-07}