{"SMBHMASS": 20000000.0, "SecondaryMass": 10, "PROCAMASS": 2e-19, "p0": 4.46, "e0": 0.7, "BHSpin": 1, "Trajectory Exit Reason": "Integration reached time boundary. Boundary location t = 2562842.94", "mismatch": 5.828670879282072e-14, "faithfulness": 0.9999999998369471, "DeltaNOrbits": 1.5470941723526061e-09}