{"SMBHMASS": 100000.0, "SecondaryMass": 10, "PROCAMASS": 4e-17, "p0": 34.95, "e0": 0.2, "BHSpin": 1, "Trajectory Exit Reason": "Separatrix reached!", "mismatch": 2.0188584914926366e-08, "faithfulness": 0.9999999898575556, "DeltaNOrbits": 3.998395408168109e-06}