{"SMBHMASS": 600000.0, "SecondaryMass": 10, "PROCAMASS": 7e-18, "p0": 14.469999999999999, "e0": 0.4, "BHSpin": 1, "Trajectory Exit Reason": "Separatrix reached!", "mismatch": 7.064260287847901e-11, "faithfulness": 0.9999999998844824, "DeltaNOrbits": 3.8236386149509856e-07}