{"SMBHMASS": 700000.0, "SecondaryMass": 10, "PROCAMASS": 4e-18, "p0": 13.799999999999999, "e0": 0.1, "BHSpin": 1, "Trajectory Exit Reason": "Separatrix reached!", "mismatch": 3.47499806707674e-14, "faithfulness": 0.9999999999999852, "DeltaNOrbits": 1.0931563613030391e-09}