{"SMBHMASS": 600000.0, "SecondaryMass": 10, "PROCAMASS": 7e-18, "p0": 14.041, "e0": 0.6, "BHSpin": 1, "Trajectory Exit Reason": "Separatrix reached!", "mismatch": 6.688893883222136e-11, "faithfulness": 0.9999999999014266, "DeltaNOrbits": 3.213323860013323e-07}