{"SMBHMASS": 100000.0, "SecondaryMass": 10, "PROCAMASS": 4e-17, "p0": 34.8, "e0": 0.3, "BHSpin": 1, "Trajectory Exit Reason": "Separatrix reached!", "mismatch": 2.0908366371585885e-08, "faithfulness": 0.9999999894011107, "DeltaNOrbits": 3.918094735797137e-06}