{"SMBHMASS": 600000.0, "SecondaryMass": 10, "PROCAMASS": 8e-18, "p0": 13.741999999999999, "e0": 0.7, "BHSpin": 1, "Trajectory Exit Reason": "Separatrix reached!", "mismatch": 7.859253248199138e-10, "faithfulness": 0.9999999988197475, "DeltaNOrbits": 1.0343297266057993e-06}