{"SMBHMASS": 200000.0, "SecondaryMass": 10, "PROCAMASS": 6e-17, "p0": 27.4, "e0": 0.3, "BHSpin": 1, "Trajectory Exit Reason": "Separatrix reached!", "mismatch": 0.9639900490606849, "faithfulness": 0.010785415939148328, "DeltaNOrbits": 13.664789635413793}