{"SMBHMASS": 400000.0, "SecondaryMass": 10, "PROCAMASS": 1e-17, "p0": 17.0, "e0": 0.5, "BHSpin": 1, "Trajectory Exit Reason": "Separatrix reached!", "mismatch": 7.591594020084358e-11, "faithfulness": 0.9999999999051323, "DeltaNOrbits": 3.462711734981779e-07}