{"SMBHMASS": 600000.0, "SecondaryMass": 10, "PROCAMASS": 6e-17, "p0": 14.7, "e0": 0.1, "BHSpin": 1, "Trajectory Exit Reason": "Separatrix reached!", "mismatch": 1.0001179171501484, "faithfulness": -0.0007583510830572837, "DeltaNOrbits": 16976.492100935007}