{"SMBHMASS": 700000.0, "SecondaryMass": 10, "PROCAMASS": 4e-18, "p0": 13.479999999999999, "e0": 0.5, "BHSpin": 1, "Trajectory Exit Reason": "Separatrix reached!", "mismatch": 1.5543122344752192e-15, "faithfulness": 0.9999999999999932, "DeltaNOrbits": 3.7056147840780986e-10}