{"SMBHMASS": 300000.0, "SecondaryMass": 10, "PROCAMASS": 2e-17, "p0": 20.1, "e0": 0.1, "BHSpin": 1, "Trajectory Exit Reason": "Separatrix reached!", "mismatch": 4.691345432017435e-06, "faithfulness": 0.9999940731385066, "DeltaNOrbits": 9.552954480872855e-05}