{"SMBHMASS": 700000.0, "SecondaryMass": 10, "PROCAMASS": 4e-17, "p0": 13.202, "e0": 0.6, "BHSpin": 1, "Trajectory Exit Reason": "Separatrix reached!", "mismatch": 0.9979750448640061, "faithfulness": 0.0011873923924809284, "DeltaNOrbits": 2272.8556558038895}