{"SMBHMASS": 1000000.0, "SecondaryMass": 10, "PROCAMASS": 3e-18, "p0": 11.05, "e0": 0.2, "BHSpin": 1, "Trajectory Exit Reason": "Separatrix reached!", "mismatch": 1.8129941992128806e-13, "faithfulness": 0.9999999999998064, "DeltaNOrbits": -3.5203340448741933e-10}