{"SMBHMASS": 900000.0, "SecondaryMass": 10, "PROCAMASS": 8e-18, "p0": 11.95, "e0": 0.2, "BHSpin": 1, "Trajectory Exit Reason": "Separatrix reached!", "mismatch": 4.9957315847781736e-05, "faithfulness": 0.9998811458332183, "DeltaNOrbits": 0.0003766288482464462}