{"SMBHMASS": 50000000.0, "SecondaryMass": 10, "PROCAMASS": 2e-19, "p0": 4.795, "e0": 0.4, "BHSpin": 1, "Trajectory Exit Reason": "Integration reached time boundary. Boundary location t = 1025137.18", "mismatch": 5.9718589243695774e-06, "faithfulness": 0.9997368145639713, "DeltaNOrbits": -0.00020722025767873947}