{"SMBHMASS": 600000.0, "SecondaryMass": 10, "PROCAMASS": 2e-17, "p0": 14.599999999999998, "e0": 0.3, "BHSpin": 1, "Trajectory Exit Reason": "Separatrix reached!", "mismatch": 0.8639161877207338, "faithfulness": 0.023726881220322963, "DeltaNOrbits": 0.6389562506084622}