{"SMBHMASS": 30000000.0, "SecondaryMass": 10, "PROCAMASS": 8e-19, "p0": 4.83, "e0": 0.2, "BHSpin": 1, "Trajectory Exit Reason": "Integration reached time boundary. Boundary location t = 1708561.96", "mismatch": 0.9516831155125673, "faithfulness": 0.0383731459133335, "DeltaNOrbits": -5.097036553559107}