{"SMBHMASS": 500000.0, "SecondaryMass": 10, "PROCAMASS": 8e-18, "p0": 15.2, "e0": 0.5, "BHSpin": 1, "Trajectory Exit Reason": "Separatrix reached!", "mismatch": 2.518418806829459e-11, "faithfulness": 0.9999999999671654, "DeltaNOrbits": 2.0664360843411515e-07}