{"SMBHMASS": 400000.0, "SecondaryMass": 10, "PROCAMASS": 9e-18, "p0": 16.625, "e0": 0.6, "BHSpin": 1, "Trajectory Exit Reason": "Separatrix reached!", "mismatch": 4.118483332149481e-12, "faithfulness": 0.9999999999958874, "DeltaNOrbits": 6.088325090240316e-08}