{"SMBHMASS": 30000000.0, "SecondaryMass": 10, "PROCAMASS": 1e-19, "p0": 4.76, "e0": 0.5, "BHSpin": 1, "Trajectory Exit Reason": "Integration reached time boundary. Boundary location t = 1708561.96", "mismatch": 4.107825191113079e-15, "faithfulness": 0.9999999999281284, "DeltaNOrbits": 9.727238808205009e-11}