{"SMBHMASS": 50000000.0, "SecondaryMass": 10, "PROCAMASS": 1e-19, "p0": 4.795, "e0": 0.4, "BHSpin": 1, "Trajectory Exit Reason": "Integration reached time boundary. Boundary location t = 1025137.18", "mismatch": 8.592015987574086e-13, "faithfulness": 0.9999995180366659, "DeltaNOrbits": 2.8759044738306118e-08}