{"SMBHMASS": 900000.0, "SecondaryMass": 10, "PROCAMASS": 8e-18, "p0": 11.899999999999999, "e0": 0.3, "BHSpin": 1, "Trajectory Exit Reason": "Separatrix reached!", "mismatch": 5.2099752218537354e-05, "faithfulness": 0.9998810814482418, "DeltaNOrbits": 0.00038321667168150634}