{"SMBHMASS": 500000.0, "SecondaryMass": 10, "PROCAMASS": 1e-17, "p0": 15.5, "e0": 0.3, "BHSpin": 1, "Trajectory Exit Reason": "Separatrix reached!", "mismatch": 3.928714353840235e-09, "faithfulness": 0.9999999936749474, "DeltaNOrbits": 3.1840124470712654e-06}