{"SMBHMASS": 800000.0, "SecondaryMass": 10, "PROCAMASS": 5e-18, "p0": 12.849999999999998, "e0": 0.2, "BHSpin": 1, "Trajectory Exit Reason": "Separatrix reached!", "mismatch": 4.7307713302302545e-12, "faithfulness": 0.9999999999919692, "DeltaNOrbits": 8.745250890424313e-08}