{"SMBHMASS": 30000000.0, "SecondaryMass": 10, "PROCAMASS": 1e-19, "p0": 4.76, "e0": 0.5, "BHSpin": 1, "Trajectory Exit Reason": "Integration reached time boundary. Boundary location t = 1708561.96", "mismatch": 2.220446049250313e-16, "faithfulness": 0.999999999975498, "DeltaNOrbits": -4.516218018095182e-11}