{"SMBHMASS": 500000.0, "SecondaryMass": 10, "PROCAMASS": 6e-18, "p0": 15.5, "e0": 0.3, "BHSpin": 1, "Trajectory Exit Reason": "Separatrix reached!", "mismatch": 1.4066525722000733e-13, "faithfulness": 0.9999999999999105, "DeltaNOrbits": 6.132792467649253e-09}