{"SMBHMASS": 100000.0, "SecondaryMass": 10, "PROCAMASS": 9e-17, "p0": 33.35, "e0": 0.6, "BHSpin": 1, "Trajectory Exit Reason": "Separatrix reached!", "mismatch": 0.7579019907206619, "faithfulness": 0.16353748781594105, "DeltaNOrbits": 0.18699746019047986}