{"SMBHMASS": 800000.0, "SecondaryMass": 10, "PROCAMASS": 8e-18, "p0": 12.363, "e0": 0.6, "BHSpin": 1, "Trajectory Exit Reason": "Separatrix reached!", "mismatch": 4.204583810341056e-06, "faithfulness": 0.9999922805799872, "DeltaNOrbits": 9.18129799329635e-05}