{"SMBHMASS": 300000.0, "SecondaryMass": 10, "PROCAMASS": 1e-17, "p0": 19.15, "e0": 0.6, "BHSpin": 1, "Trajectory Exit Reason": "Separatrix reached!", "mismatch": 5.0737192225369654e-14, "faithfulness": 0.9999999999999595, "DeltaNOrbits": 5.3360852890724615e-09}