{"SMBHMASS": 900000.0, "SecondaryMass": 10, "PROCAMASS": 8e-18, "p0": 11.759999999999998, "e0": 0.5, "BHSpin": 1, "Trajectory Exit Reason": "Separatrix reached!", "mismatch": 5.2811314547263066e-05, "faithfulness": 0.9998918235287392, "DeltaNOrbits": 0.000359098455522447}