{"SMBHMASS": 900000.0, "SecondaryMass": 10, "PROCAMASS": 3e-18, "p0": 11.999999999999998, "e0": 0.1, "BHSpin": 1, "Trajectory Exit Reason": "Separatrix reached!", "mismatch": 1.7430501486614958e-14, "faithfulness": 0.9999999999999947, "DeltaNOrbits": 1.8528073920390492e-11}