{"SMBHMASS": 300000.0, "SecondaryMass": 10, "PROCAMASS": 1e-17, "p0": 20.0, "e0": 0.3, "BHSpin": 1, "Trajectory Exit Reason": "Separatrix reached!", "mismatch": 5.940803404769213e-13, "faithfulness": 0.9999999999996908, "DeltaNOrbits": 9.375205403717588e-09}