{"SMBHMASS": 400000.0, "SecondaryMass": 10, "PROCAMASS": 8e-18, "p0": 17.4, "e0": 0.1, "BHSpin": 1, "Trajectory Exit Reason": "Separatrix reached!", "mismatch": 2.162714451969805e-13, "faithfulness": 0.9999999999998329, "DeltaNOrbits": 1.1542990052403276e-08}