{"SMBHMASS": 700000.0, "SecondaryMass": 10, "PROCAMASS": 6e-18, "p0": 13.7, "e0": 0.3, "BHSpin": 1, "Trajectory Exit Reason": "Separatrix reached!", "mismatch": 4.322797675371248e-11, "faithfulness": 0.9999999999192972, "DeltaNOrbits": 3.151254812380015e-07}