{"SMBHMASS": 800000.0, "SecondaryMass": 10, "PROCAMASS": 6e-18, "p0": 12.899999999999999, "e0": 0.1, "BHSpin": 1, "Trajectory Exit Reason": "Separatrix reached!", "mismatch": 3.676218218728877e-10, "faithfulness": 0.9999999991702071, "DeltaNOrbits": 9.897882369011805e-07}