{"SMBHMASS": 700000.0, "SecondaryMass": 10, "PROCAMASS": 1e-17, "p0": 13.202, "e0": 0.6, "BHSpin": 1, "Trajectory Exit Reason": "Separatrix reached!", "mismatch": 2.0523778986425434e-05, "faithfulness": 0.9999641818479309, "DeltaNOrbits": 0.00019618110154045337}