{"SMBHMASS": 900000.0, "SecondaryMass": 10, "PROCAMASS": 7e-18, "p0": 11.95, "e0": 0.2, "BHSpin": 1, "Trajectory Exit Reason": "Separatrix reached!", "mismatch": 7.237881097799104e-07, "faithfulness": 0.9999982888232686, "DeltaNOrbits": 4.474513176507776e-05}