{"SMBHMASS": 200000.0, "SecondaryMass": 10, "PROCAMASS": 3e-17, "p0": 25.6, "e0": 0.7, "BHSpin": 1, "Trajectory Exit Reason": "Separatrix reached!", "mismatch": 0.0011557411082209201, "faithfulness": 0.9989478467544961, "DeltaNOrbits": 0.000751216662397896}