{"SMBHMASS": 100000.0, "SecondaryMass": 10, "PROCAMASS": 3e-17, "p0": 34.95, "e0": 0.2, "BHSpin": 1, "Trajectory Exit Reason": "Separatrix reached!", "mismatch": 7.475464691708567e-12, "faithfulness": 0.99999999999636, "DeltaNOrbits": 7.118486000214027e-08}