{"SMBHMASS": 100000.0, "SecondaryMass": 10, "PROCAMASS": 5e-17, "p0": 32.5, "e0": 0.7, "BHSpin": 1, "Trajectory Exit Reason": "Separatrix reached!", "mismatch": 9.451385691860992e-06, "faithfulness": 0.999995171743796, "DeltaNOrbits": 5.7820319418401646e-05}