{"SMBHMASS": 900000.0, "SecondaryMass": 10, "PROCAMASS": 8e-18, "p0": 11.899999999999999, "e0": 0.3, "BHSpin": 1, "Trajectory Exit Reason": "Separatrix reached!", "mismatch": 4.1156851952384166e-05, "faithfulness": 0.9999065339754925, "DeltaNOrbits": 0.0003398417465670632}