{"SMBHMASS": 700000.0, "SecondaryMass": 10, "PROCAMASS": 8e-18, "p0": 13.7, "e0": 0.3, "BHSpin": 1, "Trajectory Exit Reason": "Separatrix reached!", "mismatch": 2.30181697036258e-08, "faithfulness": 0.999999953030361, "DeltaNOrbits": 8.23228263586438e-06}