{"SMBHMASS": 1000000.0, "SecondaryMass": 10, "PROCAMASS": 5e-18, "p0": 10.685, "e0": 0.6, "BHSpin": 1, "Trajectory Exit Reason": "Separatrix reached!", "mismatch": 6.972248334236042e-10, "faithfulness": 0.9999999986966593, "DeltaNOrbits": 1.2687191257356992e-06}