{"SMBHMASS": 700000.0, "SecondaryMass": 10, "PROCAMASS": 9e-18, "p0": 12.924, "e0": 0.7, "BHSpin": 1, "Trajectory Exit Reason": "Separatrix reached!", "mismatch": 3.218814081273891e-06, "faithfulness": 0.9999947516512445, "DeltaNOrbits": 6.819109381808358e-05}