{"SMBHMASS": 500000.0, "SecondaryMass": 10, "PROCAMASS": 1e-17, "p0": 15.350000000000001, "e0": 0.4, "BHSpin": 1, "Trajectory Exit Reason": "Separatrix reached!", "mismatch": 1.5324842173036757e-08, "faithfulness": 0.999999976528174, "DeltaNOrbits": 5.9120119388138794e-06}