{"SMBHMASS": 200000.0, "SecondaryMass": 10, "PROCAMASS": 5e-17, "p0": 25.6, "e0": 0.7, "BHSpin": 1, "Trajectory Exit Reason": "Separatrix reached!", "mismatch": 0.8656940075711208, "faithfulness": 0.0639303376708192, "DeltaNOrbits": 0.40616297517743716}