{"SMBHMASS": 80000000.0, "SecondaryMass": 10, "PROCAMASS": 2e-19, "p0": 4.609999999999999, "e0": 0.6, "BHSpin": 1, "Trajectory Exit Reason": "Integration reached time boundary. Boundary location t = 640710.74", "mismatch": 0.5560609824890546, "faithfulness": 0.6410686132772608, "DeltaNOrbits": -0.06393428981560156}