{"SMBHMASS": 900000.0, "SecondaryMass": 10, "PROCAMASS": 7e-18, "p0": 11.759999999999998, "e0": 0.5, "BHSpin": 1, "Trajectory Exit Reason": "Separatrix reached!", "mismatch": 3.549056789564631e-07, "faithfulness": 0.9999992790865004, "DeltaNOrbits": 2.8902424238339058e-05}