{"SMBHMASS": 400000.0, "SecondaryMass": 10, "PROCAMASS": 7e-18, "p0": 16.25, "e0": 0.7, "BHSpin": 1, "Trajectory Exit Reason": "Separatrix reached!", "mismatch": 6.605826996519681e-14, "faithfulness": 0.9999999999999832, "DeltaNOrbits": 2.4642338314119355e-09}