{"SMBHMASS": 50000000.0, "SecondaryMass": 10, "PROCAMASS": 3e-19, "p0": 4.795, "e0": 0.4, "BHSpin": 1, "Trajectory Exit Reason": "Integration reached time boundary. Boundary location t = 1025137.18", "mismatch": 0.059970044430189606, "faithfulness": 0.8572032852990428, "DeltaNOrbits": -0.011779661763996788}