{"SMBHMASS": 100000.0, "SecondaryMass": 10, "PROCAMASS": 7e-17, "p0": 33.35, "e0": 0.6, "BHSpin": 1, "Trajectory Exit Reason": "Separatrix reached!", "mismatch": 0.05836448696537688, "faithfulness": 0.9694626505395229, "DeltaNOrbits": 0.0058774118539239115}