{"SMBHMASS": 400000.0, "SecondaryMass": 10, "PROCAMASS": 8e-18, "p0": 17.4, "e0": 0.1, "BHSpin": 1, "Trajectory Exit Reason": "Separatrix reached!", "mismatch": 2.1593837828959295e-13, "faithfulness": 0.9999999999998443, "DeltaNOrbits": 6.892443498385263e-09}