{"SMBHMASS": 800000.0, "SecondaryMass": 10, "PROCAMASS": 9e-18, "p0": 12.363, "e0": 0.6, "BHSpin": 1, "Trajectory Exit Reason": "Separatrix reached!", "mismatch": 9.722084466134984e-05, "faithfulness": 0.9998216125745572, "DeltaNOrbits": 0.000432677068562806}