{"SMBHMASS": 10000000.0, "SecondaryMass": 10, "PROCAMASS": 3e-19, "p0": 4.83, "e0": 0.1, "BHSpin": 1, "Trajectory Exit Reason": "Separatrix reached!", "mismatch": -3.774758283725532e-15, "faithfulness": 0.9999999999995817, "DeltaNOrbits": -2.779211088058574e-10}