{"SMBHMASS": 400000.0, "SecondaryMass": 10, "PROCAMASS": 1e-17, "p0": 17.4, "e0": 0.1, "BHSpin": 1, "Trajectory Exit Reason": "Separatrix reached!", "mismatch": 1.8557599901214417e-11, "faithfulness": 0.9999999999752471, "DeltaNOrbits": 1.9070946486257934e-07}