{"SMBHMASS": 600000.0, "SecondaryMass": 10, "PROCAMASS": 1e-17, "p0": 14.649999999999997, "e0": 0.2, "BHSpin": 1, "Trajectory Exit Reason": "Separatrix reached!", "mismatch": 6.33057973598028e-07, "faithfulness": 0.9999987811169181, "DeltaNOrbits": 3.9699826068111905e-05}