{"SMBHMASS": 800000.0, "SecondaryMass": 10, "PROCAMASS": 6e-18, "p0": 12.849999999999998, "e0": 0.2, "BHSpin": 1, "Trajectory Exit Reason": "Separatrix reached!", "mismatch": 2.9161995040993816e-10, "faithfulness": 0.9999999993585014, "DeltaNOrbits": 8.588132823579401e-07}