{"SMBHMASS": 700000.0, "SecondaryMass": 10, "PROCAMASS": 7e-18, "p0": 13.479999999999999, "e0": 0.5, "BHSpin": 1, "Trajectory Exit Reason": "Separatrix reached!", "mismatch": 3.858707464665656e-09, "faithfulness": 0.9999999929159307, "DeltaNOrbits": 2.8773172394670416e-06}