{"SMBHMASS": 200000.0, "SecondaryMass": 10, "PROCAMASS": 3e-17, "p0": 27.4, "e0": 0.3, "BHSpin": 1, "Trajectory Exit Reason": "Separatrix reached!", "mismatch": 0.00019403256930139445, "faithfulness": 0.9997902564069735, "DeltaNOrbits": 0.0004558787750173193}