{"SMBHMASS": 1000000.0, "SecondaryMass": 10, "PROCAMASS": 6e-18, "p0": 10.685, "e0": 0.6, "BHSpin": 1, "Trajectory Exit Reason": "Separatrix reached!", "mismatch": 5.972647820762234e-08, "faithfulness": 0.9999998864674995, "DeltaNOrbits": 1.1822319294827084e-05}