{"SMBHMASS": 700000.0, "SecondaryMass": 10, "PROCAMASS": 9e-18, "p0": 13.7, "e0": 0.3, "BHSpin": 1, "Trajectory Exit Reason": "Separatrix reached!", "mismatch": 4.065415425524854e-06, "faithfulness": 0.999991654431253, "DeltaNOrbits": 0.00010136781501333928}