{"SMBHMASS": 4000000.0, "SecondaryMass": 10, "PROCAMASS": 7e-18, "p0": 6.35, "e0": 0.1, "BHSpin": 1, "Trajectory Exit Reason": "Separatrix reached!", "mismatch": 1.0023883544169385, "faithfulness": -0.007007184811501472, "DeltaNOrbits": -936.9212274473672}