{"SMBHMASS": 40000000.0, "SecondaryMass": 10, "PROCAMASS": 6e-19, "p0": 4.76, "e0": 0.5, "BHSpin": 1, "Trajectory Exit Reason": "Integration reached time boundary. Boundary location t = 1281421.47", "mismatch": 0.9765028053441607, "faithfulness": 0.06683326180763531, "DeltaNOrbits": -16.65624680975231}