{"SMBHMASS": 500000.0, "SecondaryMass": 10, "PROCAMASS": 8e-18, "p0": 14.879999999999999, "e0": 0.6, "BHSpin": 1, "Trajectory Exit Reason": "Separatrix reached!", "mismatch": 1.4468315434612578e-11, "faithfulness": 0.9999999999822957, "DeltaNOrbits": 1.350511308057263e-07}