{"SMBHMASS": 300000.0, "SecondaryMass": 10, "PROCAMASS": 2e-17, "p0": 20.05, "e0": 0.2, "BHSpin": 1, "Trajectory Exit Reason": "Separatrix reached!", "mismatch": 1.129566919022551e-05, "faithfulness": 0.9999863282709993, "DeltaNOrbits": 0.00014448043818529144}