{"SMBHMASS": 40000000.0, "SecondaryMass": 10, "PROCAMASS": 9e-19, "p0": 4.83, "e0": 0.3, "BHSpin": 1, "Trajectory Exit Reason": "Integration reached time boundary. Boundary location t = 1281421.47", "mismatch": 0.9960345474863382, "faithfulness": 0.0948575959558332, "DeltaNOrbits": -2429.6531105532995}