{"SMBHMASS": 1000000.0, "SecondaryMass": 10, "PROCAMASS": 4e-18, "p0": 10.950000000000003, "e0": 0.4, "BHSpin": 1, "Trajectory Exit Reason": "Separatrix reached!", "mismatch": 1.1013412404281553e-12, "faithfulness": 0.9999999999985675, "DeltaNOrbits": 3.2433393397643554e-08}