{"SMBHMASS": 1000000.0, "SecondaryMass": 10, "PROCAMASS": 8e-18, "p0": 10.47, "e0": 0.7, "BHSpin": 1, "Trajectory Exit Reason": "Separatrix reached!", "mismatch": 0.0004071633864271007, "faithfulness": 0.9992718399602282, "DeltaNOrbits": 0.0008559909657059057}