{"SMBHMASS": 5000000.0, "SecondaryMass": 10, "PROCAMASS": 5e-18, "p0": 5.7, "e0": 0.1, "BHSpin": 1, "Trajectory Exit Reason": "Separatrix reached!", "mismatch": 0.9830535920300248, "faithfulness": 0.008929487002267695, "DeltaNOrbits": -430.3761349942918}