{"SMBHMASS": 800000.0, "SecondaryMass": 10, "PROCAMASS": 8e-18, "p0": 12.106, "e0": 0.7, "BHSpin": 1, "Trajectory Exit Reason": "Separatrix reached!", "mismatch": 1.6328877106008832e-06, "faithfulness": 0.9999971981976317, "DeltaNOrbits": 4.958143152418464e-05}