{"SMBHMASS": 400000.0, "SecondaryMass": 10, "PROCAMASS": 7e-18, "p0": 17.150000000000002, "e0": 0.4, "BHSpin": 1, "Trajectory Exit Reason": "Separatrix reached!", "mismatch": 2.930988785010413e-14, "faithfulness": 0.9999999999999811, "DeltaNOrbits": 1.7601670224370967e-09}