{"SMBHMASS": 600000.0, "SecondaryMass": 10, "PROCAMASS": 5e-17, "p0": 14.339999999999998, "e0": 0.5, "BHSpin": 1, "Trajectory Exit Reason": "Separatrix reached!", "mismatch": 0.9998692176250848, "faithfulness": -0.0007507463655573803, "DeltaNOrbits": 8426.636992946062}