{"SMBHMASS": 900000.0, "SecondaryMass": 10, "PROCAMASS": 3e-18, "p0": 11.899999999999999, "e0": 0.3, "BHSpin": 1, "Trajectory Exit Reason": "Separatrix reached!", "mismatch": 6.5503158452884236e-15, "faithfulness": 0.9999999999999939, "DeltaNOrbits": -1.8528073920390492e-11}