{"SMBHMASS": 60000000.0, "SecondaryMass": 10, "PROCAMASS": 6e-19, "p0": 4.83, "e0": 0.3, "BHSpin": 1, "Trajectory Exit Reason": "Integration reached time boundary. Boundary location t = 854280.98", "mismatch": 0.9902165853017327, "faithfulness": 0.22117466373194897, "DeltaNOrbits": -123.91862491438572}