{"SMBHMASS": 500000.0, "SecondaryMass": 10, "PROCAMASS": 1e-17, "p0": 15.350000000000001, "e0": 0.4, "BHSpin": 1, "Trajectory Exit Reason": "Separatrix reached!", "mismatch": 8.42353786723038e-09, "faithfulness": 0.9999999870793823, "DeltaNOrbits": 4.417926585947511e-06}