{"SMBHMASS": 500000.0, "SecondaryMass": 10, "PROCAMASS": 2e-17, "p0": 15.2, "e0": 0.5, "BHSpin": 1, "Trajectory Exit Reason": "Separatrix reached!", "mismatch": 0.5593216046503289, "faithfulness": 0.18027471241595347, "DeltaNOrbits": 0.07370363898239984}