{"SMBHMASS": 80000000.0, "SecondaryMass": 10, "PROCAMASS": 1e-19, "p0": 4.46, "e0": 0.7, "BHSpin": 1, "Trajectory Exit Reason": "Integration reached time boundary. Boundary location t = 640710.74", "mismatch": 3.0001935380497002e-09, "faithfulness": 0.999985100392534, "DeltaNOrbits": -1.4076733111132178e-06}