{"SMBHMASS": 800000.0, "SecondaryMass": 10, "PROCAMASS": 8e-18, "p0": 12.62, "e0": 0.5, "BHSpin": 1, "Trajectory Exit Reason": "Separatrix reached!", "mismatch": 6.197758216641702e-07, "faithfulness": 0.9999987742460478, "DeltaNOrbits": 3.7154309576411215e-05}