{"SMBHMASS": 70000000.0, "SecondaryMass": 10, "PROCAMASS": 6e-19, "p0": 4.609999999999999, "e0": 0.6, "BHSpin": 1, "Trajectory Exit Reason": "Integration reached time boundary. Boundary location t = 732240.84", "mismatch": 1.0011855795530626, "faithfulness": 0.41251240329753175, "DeltaNOrbits": -1003.0297145013619}