{"SMBHMASS": 300000.0, "SecondaryMass": 10, "PROCAMASS": 1e-16, "p0": 20.0, "e0": 0.3, "BHSpin": 1, "Trajectory Exit Reason": "Separatrix reached!", "mismatch": 0.9990847993713475, "faithfulness": 0.0005508470198910668, "DeltaNOrbits": 8189.18928303221}