{"SMBHMASS": 1000000.0, "SecondaryMass": 10, "PROCAMASS": 6e-18, "p0": 10.47, "e0": 0.7, "BHSpin": 1, "Trajectory Exit Reason": "Separatrix reached!", "mismatch": 1.5742162129406267e-07, "faithfulness": 0.9999997178586776, "DeltaNOrbits": 1.739250679788368e-05}