{"SMBHMASS": 30000000.0, "SecondaryMass": 10, "PROCAMASS": 2e-19, "p0": 4.76, "e0": 0.5, "BHSpin": 1, "Trajectory Exit Reason": "Integration reached time boundary. Boundary location t = 1708561.96", "mismatch": 8.954170738206813e-12, "faithfulness": 0.9999999492926682, "DeltaNOrbits": -1.7507177047376975e-07}