{"SMBHMASS": 500000.0, "SecondaryMass": 10, "PROCAMASS": 9e-18, "p0": 15.6, "e0": 0.1, "BHSpin": 1, "Trajectory Exit Reason": "Separatrix reached!", "mismatch": 7.383018640894079e-10, "faithfulness": 0.9999999987987748, "DeltaNOrbits": 1.3803229789951712e-06}