{"SMBHMASS": 700000.0, "SecondaryMass": 10, "PROCAMASS": 8e-18, "p0": 13.7, "e0": 0.3, "BHSpin": 1, "Trajectory Exit Reason": "Separatrix reached!", "mismatch": 5.67421080122088e-08, "faithfulness": 0.9999998833420667, "DeltaNOrbits": 1.2249317286396403e-05}