{"SMBHMASS": 800000.0, "SecondaryMass": 10, "PROCAMASS": 5e-18, "p0": 12.62, "e0": 0.5, "BHSpin": 1, "Trajectory Exit Reason": "Separatrix reached!", "mismatch": 9.857559213344302e-12, "faithfulness": 0.9999999999844961, "DeltaNOrbits": 1.2476804977990957e-07}