{"SMBHMASS": 700000.0, "SecondaryMass": 10, "PROCAMASS": 5e-18, "p0": 13.749999999999996, "e0": 0.2, "BHSpin": 1, "Trajectory Exit Reason": "Separatrix reached!", "mismatch": 2.1171953079601735e-13, "faithfulness": 0.9999999999997863, "DeltaNOrbits": 9.949575695249694e-09}