{"SMBHMASS": 600000.0, "SecondaryMass": 10, "PROCAMASS": 5e-18, "p0": 14.599999999999998, "e0": 0.3, "BHSpin": 1, "Trajectory Exit Reason": "Separatrix reached!", "mismatch": 3.4139358007223564e-13, "faithfulness": 0.9999999999997422, "DeltaNOrbits": -1.7972231702778777e-09}