{"SMBHMASS": 400000.0, "SecondaryMass": 10, "PROCAMASS": 8e-18, "p0": 16.25, "e0": 0.7, "BHSpin": 1, "Trajectory Exit Reason": "Separatrix reached!", "mismatch": 7.926992395823618e-14, "faithfulness": 0.9999999999999286, "DeltaNOrbits": 4.89141151498309e-09}