{"SMBHMASS": 400000.0, "SecondaryMass": 10, "PROCAMASS": 1e-17, "p0": 17.4, "e0": 0.1, "BHSpin": 1, "Trajectory Exit Reason": "Separatrix reached!", "mismatch": 2.2697954626949013e-11, "faithfulness": 0.9999999999695742, "DeltaNOrbits": 2.1292462549312755e-07}