{"SMBHMASS": 900000.0, "SecondaryMass": 10, "PROCAMASS": 6e-18, "p0": 11.899999999999999, "e0": 0.3, "BHSpin": 1, "Trajectory Exit Reason": "Separatrix reached!", "mismatch": 3.3924133502338805e-09, "faithfulness": 0.9999999924340999, "DeltaNOrbits": 2.8597711534644315e-06}