{"SMBHMASS": 800000.0, "SecondaryMass": 10, "PROCAMASS": 3e-17, "p0": 12.799999999999999, "e0": 0.3, "BHSpin": 1, "Trajectory Exit Reason": "Separatrix reached!", "mismatch": 0.9984795233427554, "faithfulness": -3.8610034816710954e-05, "DeltaNOrbits": 2730.848752144897}