{"SMBHMASS": 600000.0, "SecondaryMass": 10, "PROCAMASS": 5e-18, "p0": 14.339999999999998, "e0": 0.5, "BHSpin": 1, "Trajectory Exit Reason": "Separatrix reached!", "mismatch": 6.850076061937216e-14, "faithfulness": 0.9999999999999641, "DeltaNOrbits": 2.760683014138183e-09}