{"SMBHMASS": 800000.0, "SecondaryMass": 10, "PROCAMASS": 8e-18, "p0": 12.71, "e0": 0.4, "BHSpin": 1, "Trajectory Exit Reason": "Separatrix reached!", "mismatch": 1.7343859192164857e-06, "faithfulness": 0.999996390657393, "DeltaNOrbits": 6.572169065404784e-05}