{"SMBHMASS": 900000.0, "SecondaryMass": 10, "PROCAMASS": 8e-18, "p0": 11.899999999999999, "e0": 0.3, "BHSpin": 1, "Trajectory Exit Reason": "Separatrix reached!", "mismatch": 3.323545631084279e-05, "faithfulness": 0.9999245732878698, "DeltaNOrbits": 0.00030312694143211756}