{"SMBHMASS": 800000.0, "SecondaryMass": 10, "PROCAMASS": 8e-18, "p0": 12.849999999999998, "e0": 0.2, "BHSpin": 1, "Trajectory Exit Reason": "Separatrix reached!", "mismatch": 3.401138289893524e-07, "faithfulness": 0.9999992225959479, "DeltaNOrbits": 2.8906908032227792e-05}