{"SMBHMASS": 100000.0, "SecondaryMass": 10, "PROCAMASS": 8e-17, "p0": 34.5, "e0": 0.4, "BHSpin": 1, "Trajectory Exit Reason": "Separatrix reached!", "mismatch": 0.6167550338052947, "faithfulness": 0.3069604161566521, "DeltaNOrbits": 0.1160175859788316}