{"SMBHMASS": 700000.0, "SecondaryMass": 10, "PROCAMASS": 1e-17, "p0": 13.479999999999999, "e0": 0.5, "BHSpin": 1, "Trajectory Exit Reason": "Separatrix reached!", "mismatch": 2.869587318876654e-05, "faithfulness": 0.9999465228191363, "DeltaNOrbits": 0.00024586754092358184}