{"SMBHMASS": 500000.0, "SecondaryMass": 10, "PROCAMASS": 8e-17, "p0": 15.350000000000001, "e0": 0.4, "BHSpin": 1, "Trajectory Exit Reason": "Separatrix reached!", "mismatch": 1.0003011378325963, "faithfulness": -0.0011233577579193047, "DeltaNOrbits": 11327.609939098116}