{"SMBHMASS": 70000000.0, "SecondaryMass": 10, "PROCAMASS": 1e-19, "p0": 4.83, "e0": 0.2, "BHSpin": 1, "Trajectory Exit Reason": "Integration reached time boundary. Boundary location t = 732240.84", "mismatch": 1.2072232102866565e-10, "faithfulness": 0.9999689926752874, "DeltaNOrbits": -1.2039588753654543e-06}