{"SMBHMASS": 800000.0, "SecondaryMass": 10, "PROCAMASS": 4e-18, "p0": 12.62, "e0": 0.5, "BHSpin": 1, "Trajectory Exit Reason": "Separatrix reached!", "mismatch": 3.0686564400639327e-13, "faithfulness": 0.9999999999997613, "DeltaNOrbits": 4.057648188565518e-09}