{"SMBHMASS": 300000.0, "SecondaryMass": 10, "PROCAMASS": 6e-17, "p0": 20.1, "e0": 0.1, "BHSpin": 1, "Trajectory Exit Reason": "Separatrix reached!", "mismatch": 0.9918586089732143, "faithfulness": 0.00245564250828392, "DeltaNOrbits": 249.4414322758856}