{"SMBHMASS": 700000.0, "SecondaryMass": 10, "PROCAMASS": 5e-17, "p0": 13.479999999999999, "e0": 0.5, "BHSpin": 1, "Trajectory Exit Reason": "Separatrix reached!", "mismatch": 0.9988799548981518, "faithfulness": 0.0008224770956923075, "DeltaNOrbits": 17666.93179136445}