{"SMBHMASS": 700000.0, "SecondaryMass": 10, "PROCAMASS": 7e-18, "p0": 13.202, "e0": 0.6, "BHSpin": 1, "Trajectory Exit Reason": "Separatrix reached!", "mismatch": 4.977713574660925e-09, "faithfulness": 0.9999999914511833, "DeltaNOrbits": 3.063765247327931e-06}