{"SMBHMASS": 600000.0, "SecondaryMass": 10, "PROCAMASS": 1e-17, "p0": 14.469999999999999, "e0": 0.4, "BHSpin": 1, "Trajectory Exit Reason": "Separatrix reached!", "mismatch": 1.7213942011817807e-06, "faithfulness": 0.9999969563834509, "DeltaNOrbits": 6.328330348575486e-05}