{"SMBHMASS": 700000.0, "SecondaryMass": 10, "PROCAMASS": 1e-17, "p0": 12.924, "e0": 0.7, "BHSpin": 1, "Trajectory Exit Reason": "Separatrix reached!", "mismatch": 1.896048077421053e-05, "faithfulness": 0.9999689103760825, "DeltaNOrbits": 0.0001809308940255779}