{"SMBHMASS": 500000.0, "SecondaryMass": 10, "PROCAMASS": 6e-18, "p0": 15.6, "e0": 0.1, "BHSpin": 1, "Trajectory Exit Reason": "Separatrix reached!", "mismatch": 1.0513812043200232e-13, "faithfulness": 0.9999999999999334, "DeltaNOrbits": 4.53937811049567e-09}