{"SMBHMASS": 60000000.0, "SecondaryMass": 10, "PROCAMASS": 4e-19, "p0": 4.795, "e0": 0.4, "BHSpin": 1, "Trajectory Exit Reason": "Integration reached time boundary. Boundary location t = 854280.98", "mismatch": 0.9572060654927781, "faithfulness": 0.13704879684073829, "DeltaNOrbits": -6.258884669061842}