{"SMBHMASS": 90000000.0, "SecondaryMass": 10, "PROCAMASS": 1e-19, "p0": 4.76, "e0": 0.5, "BHSpin": 1, "Trajectory Exit Reason": "Integration reached time boundary. Boundary location t = 569520.65", "mismatch": 8.067899315289395e-08, "faithfulness": 0.9998052664026771, "DeltaNOrbits": -1.81640771701736e-05}