{"SMBHMASS": 500000.0, "SecondaryMass": 10, "PROCAMASS": 6e-18, "p0": 14.56, "e0": 0.7, "BHSpin": 1, "Trajectory Exit Reason": "Separatrix reached!", "mismatch": 1.4988010832439613e-14, "faithfulness": 0.9999999999999853, "DeltaNOrbits": 1.0375721395418677e-09}