{"SMBHMASS": 400000.0, "SecondaryMass": 10, "PROCAMASS": 8e-18, "p0": 17.0, "e0": 0.5, "BHSpin": 1, "Trajectory Exit Reason": "Separatrix reached!", "mismatch": 4.4853010194856324e-14, "faithfulness": 0.9999999999999529, "DeltaNOrbits": 5.187860697709338e-09}