{"SMBHMASS": 1000000.0, "SecondaryMass": 10, "PROCAMASS": 4e-18, "p0": 10.9, "e0": 0.5, "BHSpin": 1, "Trajectory Exit Reason": "Separatrix reached!", "mismatch": 2.2645219033279318e-12, "faithfulness": 0.9999999999967674, "DeltaNOrbits": 6.015139198254773e-08}