{"SMBHMASS": 800000.0, "SecondaryMass": 10, "PROCAMASS": 7e-18, "p0": 12.899999999999999, "e0": 0.1, "BHSpin": 1, "Trajectory Exit Reason": "Separatrix reached!", "mismatch": 3.52656168711718e-08, "faithfulness": 0.9999999179433389, "DeltaNOrbits": 1.0160147255354933e-05}