{"SMBHMASS": 70000000.0, "SecondaryMass": 10, "PROCAMASS": 1e-19, "p0": 4.83, "e0": 0.2, "BHSpin": 1, "Trajectory Exit Reason": "Integration reached time boundary. Boundary location t = 732240.84", "mismatch": 2.8244961924883683e-11, "faithfulness": 0.9999354407501861, "DeltaNOrbits": -1.3948165648193967e-07}