{"SMBHMASS": 100000.0, "SecondaryMass": 10, "PROCAMASS": 7e-17, "p0": 34.8, "e0": 0.3, "BHSpin": 1, "Trajectory Exit Reason": "Separatrix reached!", "mismatch": 0.19029505416900938, "faithfulness": 0.8483386399118793, "DeltaNOrbits": 0.018343191979449648}