{"SMBHMASS": 700000.0, "SecondaryMass": 10, "PROCAMASS": 9e-18, "p0": 13.479999999999999, "e0": 0.5, "BHSpin": 1, "Trajectory Exit Reason": "Separatrix reached!", "mismatch": 4.839624145769328e-06, "faithfulness": 0.9999910284476267, "DeltaNOrbits": 0.000102157555636122}