{"SMBHMASS": 400000.0, "SecondaryMass": 10, "PROCAMASS": 8e-18, "p0": 16.25, "e0": 0.7, "BHSpin": 1, "Trajectory Exit Reason": "Separatrix reached!", "mismatch": 1.6753265441593612e-13, "faithfulness": 0.9999999999999015, "DeltaNOrbits": 4.594962332256842e-09}