{"SMBHMASS": 1000000.0, "SecondaryMass": 10, "PROCAMASS": 9e-18, "p0": 10.9, "e0": 0.5, "BHSpin": 1, "Trajectory Exit Reason": "Separatrix reached!", "mismatch": 0.004822909355276628, "faithfulness": 0.9901146191557055, "DeltaNOrbits": 0.003484640905527329}