{"SMBHMASS": 400000.0, "SecondaryMass": 10, "PROCAMASS": 2e-17, "p0": 17.3, "e0": 0.3, "BHSpin": 1, "Trajectory Exit Reason": "Separatrix reached!", "mismatch": 0.0076906814697418335, "faithfulness": 0.98898720224758, "DeltaNOrbits": 0.0040007974988395915}