{"SMBHMASS": 500000.0, "SecondaryMass": 10, "PROCAMASS": 7e-18, "p0": 15.2, "e0": 0.5, "BHSpin": 1, "Trajectory Exit Reason": "Separatrix reached!", "mismatch": 7.30526750203353e-13, "faithfulness": 0.9999999999993506, "DeltaNOrbits": 2.293775551344343e-08}