{"SMBHMASS": 300000.0, "SecondaryMass": 10, "PROCAMASS": 3e-17, "p0": 20.0, "e0": 0.3, "BHSpin": 1, "Trajectory Exit Reason": "Separatrix reached!", "mismatch": 0.41556567550941614, "faithfulness": 0.41723948906613023, "DeltaNOrbits": 0.05282251738695843}