{"SMBHMASS": 100000.0, "SecondaryMass": 10, "PROCAMASS": 6e-17, "p0": 32.5, "e0": 0.7, "BHSpin": 1, "Trajectory Exit Reason": "Separatrix reached!", "mismatch": 0.0024335704426079463, "faithfulness": 0.9987550544485255, "DeltaNOrbits": 0.0009468640442409987}