{"SMBHMASS": 600000.0, "SecondaryMass": 10, "PROCAMASS": 5e-18, "p0": 14.041, "e0": 0.6, "BHSpin": 1, "Trajectory Exit Reason": "Separatrix reached!", "mismatch": 7.09432512735475e-14, "faithfulness": 0.9999999999999483, "DeltaNOrbits": 3.464749823113022e-09}