{"SMBHMASS": 90000000.0, "SecondaryMass": 10, "PROCAMASS": 1e-19, "p0": 4.83, "e0": 0.1, "BHSpin": 1, "Trajectory Exit Reason": "Integration reached time boundary. Boundary location t = 569520.65", "mismatch": 2.3073677968277195e-08, "faithfulness": 0.9989879527496092, "DeltaNOrbits": -1.8091804943833258e-05}