{"SMBHMASS": 400000.0, "SecondaryMass": 10, "PROCAMASS": 2e-17, "p0": 16.25, "e0": 0.7, "BHSpin": 1, "Trajectory Exit Reason": "Separatrix reached!", "mismatch": 0.00895764665178378, "faithfulness": 0.9887871647400492, "DeltaNOrbits": 0.0030553239494901705}