{"SMBHMASS": 10000000.0, "SecondaryMass": 10, "PROCAMASS": 6e-19, "p0": 4.83, "e0": 0.1, "BHSpin": 1, "Trajectory Exit Reason": "Separatrix reached!", "mismatch": 5.648692624760088e-11, "faithfulness": 0.9999999825732819, "DeltaNOrbits": -6.22092125125159e-06}