{"SMBHMASS": 500000.0, "SecondaryMass": 10, "PROCAMASS": 6e-18, "p0": 15.6, "e0": 0.1, "BHSpin": 1, "Trajectory Exit Reason": "Separatrix reached!", "mismatch": 2.864375403532904e-14, "faithfulness": 0.9999999999999845, "DeltaNOrbits": 1.926919687720611e-09}