{"SMBHMASS": 700000.0, "SecondaryMass": 10, "PROCAMASS": 7e-18, "p0": 13.799999999999999, "e0": 0.1, "BHSpin": 1, "Trajectory Exit Reason": "Separatrix reached!", "mismatch": 6.953604358983512e-10, "faithfulness": 0.9999999984986723, "DeltaNOrbits": 1.3635921282450587e-06}