{"SMBHMASS": 300000.0, "SecondaryMass": 10, "PROCAMASS": 3e-17, "p0": 20.0, "e0": 0.3, "BHSpin": 1, "Trajectory Exit Reason": "Separatrix reached!", "mismatch": 0.34725921477122734, "faithfulness": 0.5168498877766871, "DeltaNOrbits": 0.041068668404023415}