{"SMBHMASS": 900000.0, "SecondaryMass": 10, "PROCAMASS": 6e-18, "p0": 11.830000000000002, "e0": 0.4, "BHSpin": 1, "Trajectory Exit Reason": "Separatrix reached!", "mismatch": 1.53405110836502e-08, "faithfulness": 0.9999999669203689, "DeltaNOrbits": 6.506355494032166e-06}