{"SMBHMASS": 600000.0, "SecondaryMass": 10, "PROCAMASS": 6e-18, "p0": 14.649999999999997, "e0": 0.2, "BHSpin": 1, "Trajectory Exit Reason": "Separatrix reached!", "mismatch": 2.121636200058674e-12, "faithfulness": 0.9999999999977615, "DeltaNOrbits": 3.4517801713687486e-08}