{"SMBHMASS": 400000.0, "SecondaryMass": 10, "PROCAMASS": 7e-18, "p0": 17.3, "e0": 0.3, "BHSpin": 1, "Trajectory Exit Reason": "Separatrix reached!", "mismatch": 2.142730437526552e-14, "faithfulness": 0.9999999999999891, "DeltaNOrbits": 9.264036960195246e-10}