{"SMBHMASS": 700000.0, "SecondaryMass": 10, "PROCAMASS": 8e-18, "p0": 13.479999999999999, "e0": 0.5, "BHSpin": 1, "Trajectory Exit Reason": "Separatrix reached!", "mismatch": 1.6963928084479107e-07, "faithfulness": 0.999999685746261, "DeltaNOrbits": 1.9155119526078266e-05}