{"SMBHMASS": 600000.0, "SecondaryMass": 10, "PROCAMASS": 6e-18, "p0": 14.649999999999997, "e0": 0.2, "BHSpin": 1, "Trajectory Exit Reason": "Separatrix reached!", "mismatch": 6.764588889041079e-13, "faithfulness": 0.9999999999992475, "DeltaNOrbits": 2.4364417205313497e-08}