{"SMBHMASS": 100000.0, "SecondaryMass": 10, "PROCAMASS": 4e-17, "p0": 35.1, "e0": 0.1, "BHSpin": 1, "Trajectory Exit Reason": "Separatrix reached!", "mismatch": 1.6815906223044408e-08, "faithfulness": 0.9999999915745055, "DeltaNOrbits": 3.7634594308575574e-06}