{"SMBHMASS": 800000.0, "SecondaryMass": 10, "PROCAMASS": 9e-18, "p0": 12.106, "e0": 0.7, "BHSpin": 1, "Trajectory Exit Reason": "Separatrix reached!", "mismatch": 3.066201987178552e-05, "faithfulness": 0.9999473419575204, "DeltaNOrbits": 0.00022146024975521655}