{"SMBHMASS": 30000000.0, "SecondaryMass": 10, "PROCAMASS": 2e-19, "p0": 4.76, "e0": 0.5, "BHSpin": 1, "Trajectory Exit Reason": "Integration reached time boundary. Boundary location t = 1708561.96", "mismatch": 7.389311384997654e-12, "faithfulness": 0.9999998920727362, "DeltaNOrbits": -9.966019360854041e-08}