{"SMBHMASS": 6000000.0, "SecondaryMass": 10, "PROCAMASS": 5e-19, "p0": 5.465999999999999, "e0": 0.2, "BHSpin": 1, "Trajectory Exit Reason": "Separatrix reached!", "mismatch": 3.885780586188048e-15, "faithfulness": 0.9999999999996897, "DeltaNOrbits": -2.3623294248497876e-10}