{"SMBHMASS": 100000.0, "SecondaryMass": 10, "PROCAMASS": 3e-17, "p0": 34.95, "e0": 0.2, "BHSpin": 1, "Trajectory Exit Reason": "Separatrix reached!", "mismatch": 5.732192498442146e-12, "faithfulness": 0.999999999997211, "DeltaNOrbits": 6.410713576455111e-08}