{"SMBHMASS": 20000000.0, "SecondaryMass": 10, "PROCAMASS": 3e-19, "p0": 4.795, "e0": 0.4, "BHSpin": 1, "Trajectory Exit Reason": "Integration reached time boundary. Boundary location t = 2562842.94", "mismatch": 3.5294878131253427e-11, "faithfulness": 0.9999999913586278, "DeltaNOrbits": -5.123660921575185e-07}