{"SMBHMASS": 400000.0, "SecondaryMass": 10, "PROCAMASS": 7e-18, "p0": 17.35, "e0": 0.2, "BHSpin": 1, "Trajectory Exit Reason": "Separatrix reached!", "mismatch": 4.1522341120980855e-14, "faithfulness": 0.9999999999999671, "DeltaNOrbits": 1.5563582093128014e-09}