{"SMBHMASS": 100000.0, "SecondaryMass": 10, "PROCAMASS": 2e-16, "p0": 35.1, "e0": 0.1, "BHSpin": 1, "Trajectory Exit Reason": "Separatrix reached!", "mismatch": 0.9970712234652285, "faithfulness": 0.0017816859947855548, "DeltaNOrbits": 3002.0474433618965}