{"SMBHMASS": 400000.0, "SecondaryMass": 10, "PROCAMASS": 1e-16, "p0": 17.150000000000002, "e0": 0.4, "BHSpin": 1, "Trajectory Exit Reason": "Separatrix reached!", "mismatch": 0.9996635356917867, "faithfulness": 0.0006274125231404894, "DeltaNOrbits": 11905.353465250158}