{"SMBHMASS": 500000.0, "SecondaryMass": 10, "PROCAMASS": 8e-18, "p0": 15.6, "e0": 0.1, "BHSpin": 1, "Trajectory Exit Reason": "Separatrix reached!", "mismatch": 7.780887045782947e-12, "faithfulness": 0.9999999999890165, "DeltaNOrbits": 1.2387870223173082e-07}