{"SMBHMASS": 30000000.0, "SecondaryMass": 10, "PROCAMASS": 3e-19, "p0": 4.46, "e0": 0.7, "BHSpin": 1, "Trajectory Exit Reason": "Integration reached time boundary. Boundary location t = 1708561.96", "mismatch": 6.5100033153076e-07, "faithfulness": 0.9999951226460789, "DeltaNOrbits": -2.423063524757132e-05}