{"SMBHMASS": 900000.0, "SecondaryMass": 10, "PROCAMASS": 8e-18, "p0": 11.999999999999998, "e0": 0.1, "BHSpin": 1, "Trajectory Exit Reason": "Separatrix reached!", "mismatch": 3.9757783453331363e-05, "faithfulness": 0.9999027543266967, "DeltaNOrbits": 0.00033370450736167306}