{"SMBHMASS": 900000.0, "SecondaryMass": 10, "PROCAMASS": 7e-18, "p0": 11.999999999999998, "e0": 0.1, "BHSpin": 1, "Trajectory Exit Reason": "Separatrix reached!", "mismatch": 7.338560491509938e-07, "faithfulness": 0.9999982101479915, "DeltaNOrbits": 4.505979404446775e-05}