{"SMBHMASS": 8000000.0, "SecondaryMass": 10, "PROCAMASS": 8e-19, "p0": 5.148, "e0": 0.2, "BHSpin": 1, "Trajectory Exit Reason": "Separatrix reached!", "mismatch": 1.1512568676153023e-10, "faithfulness": 0.9999999898357628, "DeltaNOrbits": -5.2078849135988e-06}