{"SMBHMASS": 1000000.0, "SecondaryMass": 10, "PROCAMASS": 3e-18, "p0": 11.1, "e0": 0.1, "BHSpin": 1, "Trajectory Exit Reason": "Separatrix reached!", "mismatch": 2.0516921495072893e-13, "faithfulness": 0.9999999999998125, "DeltaNOrbits": 2.2048407965264687e-09}