{"SMBHMASS": 1000000.0, "SecondaryMass": 10, "PROCAMASS": 5e-18, "p0": 11.0, "e0": 0.3, "BHSpin": 1, "Trajectory Exit Reason": "Separatrix reached!", "mismatch": 3.349546195963171e-10, "faithfulness": 0.9999999992684266, "DeltaNOrbits": 9.448761857181539e-07}