{"SMBHMASS": 800000.0, "SecondaryMass": 10, "PROCAMASS": 5e-18, "p0": 12.899999999999999, "e0": 0.1, "BHSpin": 1, "Trajectory Exit Reason": "Separatrix reached!", "mismatch": 8.035461185329495e-12, "faithfulness": 0.99999999998524, "DeltaNOrbits": 1.2102537884799068e-07}