{"SMBHMASS": 700000.0, "SecondaryMass": 10, "PROCAMASS": 5e-18, "p0": 12.924, "e0": 0.7, "BHSpin": 1, "Trajectory Exit Reason": "Separatrix reached!", "mismatch": 4.120037644383956e-13, "faithfulness": 0.9999999999996555, "DeltaNOrbits": 1.2886275411631588e-08}