{"SMBHMASS": 400000.0, "SecondaryMass": 10, "PROCAMASS": 7e-18, "p0": 16.625, "e0": 0.6, "BHSpin": 1, "Trajectory Exit Reason": "Separatrix reached!", "mismatch": 2.9976021664879227e-14, "faithfulness": 0.9999999999999778, "DeltaNOrbits": 1.6489985789147538e-09}