{"SMBHMASS": 100000.0, "SecondaryMass": 10, "PROCAMASS": 3e-17, "p0": 34.2, "e0": 0.5, "BHSpin": 1, "Trajectory Exit Reason": "Separatrix reached!", "mismatch": 8.628209258176867e-12, "faithfulness": 0.999999999995883, "DeltaNOrbits": 1.1969135752572258e-08}