{"SMBHMASS": 100000.0, "SecondaryMass": 10, "PROCAMASS": 7e-17, "p0": 34.95, "e0": 0.2, "BHSpin": 1, "Trajectory Exit Reason": "Separatrix reached!", "mismatch": 0.18411293763897585, "faithfulness": 0.8542871120707071, "DeltaNOrbits": 0.018728492911222607}