{"SMBHMASS": 800000.0, "SecondaryMass": 10, "PROCAMASS": 8e-18, "p0": 12.799999999999999, "e0": 0.3, "BHSpin": 1, "Trajectory Exit Reason": "Separatrix reached!", "mismatch": 3.2892511591109397e-06, "faithfulness": 0.9999927771244235, "DeltaNOrbits": 9.734021936067264e-05}