{"SMBHMASS": 500000.0, "SecondaryMass": 10, "PROCAMASS": 7e-18, "p0": 14.879999999999999, "e0": 0.6, "BHSpin": 1, "Trajectory Exit Reason": "Separatrix reached!", "mismatch": 6.620259895839808e-13, "faithfulness": 0.9999999999994551, "DeltaNOrbits": 1.9065388064081818e-08}