{"SMBHMASS": 900000.0, "SecondaryMass": 10, "PROCAMASS": 8e-18, "p0": 11.759999999999998, "e0": 0.5, "BHSpin": 1, "Trajectory Exit Reason": "Separatrix reached!", "mismatch": 1.0017712320564698e-05, "faithfulness": 0.9999797062786653, "DeltaNOrbits": 0.00014749382559962982}