{"SMBHMASS": 100000.0, "SecondaryMass": 10, "PROCAMASS": 5e-17, "p0": 34.2, "e0": 0.5, "BHSpin": 1, "Trajectory Exit Reason": "Separatrix reached!", "mismatch": 8.409035386236496e-06, "faithfulness": 0.9999957623078097, "DeltaNOrbits": 7.006663515682295e-05}