{"SMBHMASS": 100000.0, "SecondaryMass": 10, "PROCAMASS": 5e-17, "p0": 33.35, "e0": 0.6, "BHSpin": 1, "Trajectory Exit Reason": "Separatrix reached!", "mismatch": 1.3663811275876903e-05, "faithfulness": 0.9999930137736744, "DeltaNOrbits": 7.982157343553894e-05}