{"SMBHMASS": 300000.0, "SecondaryMass": 10, "PROCAMASS": 2e-17, "p0": 18.7, "e0": 0.7, "BHSpin": 1, "Trajectory Exit Reason": "Separatrix reached!", "mismatch": 3.211325243912544e-05, "faithfulness": 0.9999655945682899, "DeltaNOrbits": 0.00016274463527690772}