{"SMBHMASS": 40000000.0, "SecondaryMass": 10, "PROCAMASS": 3e-19, "p0": 4.83, "e0": 0.3, "BHSpin": 1, "Trajectory Exit Reason": "Integration reached time boundary. Boundary location t = 1281421.47", "mismatch": 0.0012617433971313652, "faithfulness": 0.997236179583717, "DeltaNOrbits": -0.0035325507087463144}