{"SMBHMASS": 800000.0, "SecondaryMass": 10, "PROCAMASS": 9e-18, "p0": 12.799999999999999, "e0": 0.3, "BHSpin": 1, "Trajectory Exit Reason": "Separatrix reached!", "mismatch": 2.7119242662299037e-05, "faithfulness": 0.9999405884929614, "DeltaNOrbits": 0.0002644387852562068}