{"SMBHMASS": 1000000.0, "SecondaryMass": 10, "PROCAMASS": 6e-18, "p0": 10.685, "e0": 0.6, "BHSpin": 1, "Trajectory Exit Reason": "Separatrix reached!", "mismatch": 4.6418525689873036e-08, "faithfulness": 0.9999999119842264, "DeltaNOrbits": 1.0415399265719192e-05}