{"SMBHMASS": 100000.0, "SecondaryMass": 10, "PROCAMASS": 3e-17, "p0": 32.5, "e0": 0.7, "BHSpin": 1, "Trajectory Exit Reason": "Separatrix reached!", "mismatch": 5.0603965462414635e-12, "faithfulness": 0.9999999999974982, "DeltaNOrbits": 4.181786283832134e-08}