{"SMBHMASS": 1000000.0, "SecondaryMass": 10, "PROCAMASS": 4e-18, "p0": 11.05, "e0": 0.2, "BHSpin": 1, "Trajectory Exit Reason": "Separatrix reached!", "mismatch": 1.3630208073323047e-12, "faithfulness": 0.9999999999980905, "DeltaNOrbits": 3.392490334823499e-08}