{"SMBHMASS": 400000.0, "SecondaryMass": 10, "PROCAMASS": 2e-17, "p0": 17.35, "e0": 0.2, "BHSpin": 1, "Trajectory Exit Reason": "Separatrix reached!", "mismatch": 0.014349399652655692, "faithfulness": 0.9792640243224818, "DeltaNOrbits": 0.005742708810042928}