{"SMBHMASS": 800000.0, "SecondaryMass": 10, "PROCAMASS": 8e-18, "p0": 12.106, "e0": 0.7, "BHSpin": 1, "Trajectory Exit Reason": "Separatrix reached!", "mismatch": 3.5523763624034643e-06, "faithfulness": 0.9999939116280262, "DeltaNOrbits": 7.497647284131986e-05}