{"SMBHMASS": 700000.0, "SecondaryMass": 10, "PROCAMASS": 1e-17, "p0": 12.924, "e0": 0.7, "BHSpin": 1, "Trajectory Exit Reason": "Separatrix reached!", "mismatch": 3.807522573451294e-05, "faithfulness": 0.9999377575989614, "DeltaNOrbits": 0.00022719526300386895}