{"SMBHMASS": 300000.0, "SecondaryMass": 10, "PROCAMASS": 9e-18, "p0": 20.0, "e0": 0.3, "BHSpin": 1, "Trajectory Exit Reason": "Separatrix reached!", "mismatch": 8.404388296412435e-14, "faithfulness": 0.9999999999999535, "DeltaNOrbits": 1.7231108745963157e-09}