{"SMBHMASS": 600000.0, "SecondaryMass": 10, "PROCAMASS": 8e-18, "p0": 14.599999999999998, "e0": 0.3, "BHSpin": 1, "Trajectory Exit Reason": "Separatrix reached!", "mismatch": 5.063276464767341e-10, "faithfulness": 0.9999999990657978, "DeltaNOrbits": 1.1073118097782174e-06}