{"SMBHMASS": 200000.0, "SecondaryMass": 10, "PROCAMASS": 3e-17, "p0": 27.4, "e0": 0.3, "BHSpin": 1, "Trajectory Exit Reason": "Separatrix reached!", "mismatch": 0.0002541127763746598, "faithfulness": 0.9997301455122214, "DeltaNOrbits": 0.000515216784554762}