{"SMBHMASS": 700000.0, "SecondaryMass": 10, "PROCAMASS": 9e-18, "p0": 13.749999999999996, "e0": 0.2, "BHSpin": 1, "Trajectory Exit Reason": "Separatrix reached!", "mismatch": 1.9344130673948357e-06, "faithfulness": 0.99999587300664, "DeltaNOrbits": 7.179558237470418e-05}