{"SMBHMASS": 800000.0, "SecondaryMass": 10, "PROCAMASS": 1e-17, "p0": 12.71, "e0": 0.4, "BHSpin": 1, "Trajectory Exit Reason": "Separatrix reached!", "mismatch": 0.0014934349146168424, "faithfulness": 0.996890315976124, "DeltaNOrbits": 0.0019043310752321237}