{"SMBHMASS": 500000.0, "SecondaryMass": 10, "PROCAMASS": 8e-18, "p0": 15.6, "e0": 0.1, "BHSpin": 1, "Trajectory Exit Reason": "Separatrix reached!", "mismatch": 5.761613408594712e-12, "faithfulness": 0.9999999999920132, "DeltaNOrbits": 1.0609175126815596e-07}