{"SMBHMASS": 100000.0, "SecondaryMass": 10, "PROCAMASS": 7e-17, "p0": 32.5, "e0": 0.7, "BHSpin": 1, "Trajectory Exit Reason": "Separatrix reached!", "mismatch": 0.17576053195863262, "faithfulness": 0.8830262266484104, "DeltaNOrbits": 0.010248509659441333}