{"SMBHMASS": 600000.0, "SecondaryMass": 10, "PROCAMASS": 9e-18, "p0": 14.469999999999999, "e0": 0.4, "BHSpin": 1, "Trajectory Exit Reason": "Separatrix reached!", "mismatch": 2.6007719866605328e-08, "faithfulness": 0.9999999536599626, "DeltaNOrbits": 7.812010335128164e-06}