{"SMBHMASS": 100000.0, "SecondaryMass": 10, "PROCAMASS": 3e-17, "p0": 34.8, "e0": 0.3, "BHSpin": 1, "Trajectory Exit Reason": "Separatrix reached!", "mismatch": 2.3189228315345645e-12, "faithfulness": 0.9999999999989493, "DeltaNOrbits": 4.3578029860758435e-08}