{"SMBHMASS": 800000.0, "SecondaryMass": 10, "PROCAMASS": 5e-18, "p0": 12.106, "e0": 0.7, "BHSpin": 1, "Trajectory Exit Reason": "Separatrix reached!", "mismatch": 2.794431352981519e-12, "faithfulness": 0.9999999999964752, "DeltaNOrbits": 5.2258432492461385e-08}