{"SMBHMASS": 800000.0, "SecondaryMass": 10, "PROCAMASS": 1e-17, "p0": 12.799999999999999, "e0": 0.3, "BHSpin": 1, "Trajectory Exit Reason": "Separatrix reached!", "mismatch": 0.0001681607697248122, "faithfulness": 0.9996302888090456, "DeltaNOrbits": 0.0006832036604263353}