{"SMBHMASS": 300000.0, "SecondaryMass": 10, "PROCAMASS": 2e-17, "p0": 19.6, "e0": 0.5, "BHSpin": 1, "Trajectory Exit Reason": "Separatrix reached!", "mismatch": 1.7839046850820495e-05, "faithfulness": 0.9999795541916375, "DeltaNOrbits": 0.00015348434098764438}