{"SMBHMASS": 400000.0, "SecondaryMass": 10, "PROCAMASS": 1e-17, "p0": 16.25, "e0": 0.7, "BHSpin": 1, "Trajectory Exit Reason": "Separatrix reached!", "mismatch": 2.1414536810482332e-11, "faithfulness": 0.9999999999753992, "DeltaNOrbits": 1.4161006897354453e-07}