{"SMBHMASS": 500000.0, "SecondaryMass": 10, "PROCAMASS": 5e-17, "p0": 15.5, "e0": 0.3, "BHSpin": 1, "Trajectory Exit Reason": "Separatrix reached!", "mismatch": 0.997289042191019, "faithfulness": 0.0010236650920632656, "DeltaNOrbits": 1414.67214583276}