{"SMBHMASS": 800000.0, "SecondaryMass": 10, "PROCAMASS": 7e-18, "p0": 12.899999999999999, "e0": 0.1, "BHSpin": 1, "Trajectory Exit Reason": "Separatrix reached!", "mismatch": 2.1893507451409278e-08, "faithfulness": 0.9999999495489414, "DeltaNOrbits": 7.195210754318364e-06}