{"SMBHMASS": 700000.0, "SecondaryMass": 10, "PROCAMASS": 1e-17, "p0": 12.924, "e0": 0.7, "BHSpin": 1, "Trajectory Exit Reason": "Separatrix reached!", "mismatch": 4.9020270463162596e-05, "faithfulness": 0.9999200041785848, "DeltaNOrbits": 0.0002602638914158731}