{"SMBHMASS": 100000.0, "SecondaryMass": 10, "PROCAMASS": 7e-17, "p0": 33.35, "e0": 0.6, "BHSpin": 1, "Trajectory Exit Reason": "Separatrix reached!", "mismatch": 0.07446521182142984, "faithfulness": 0.9595302643450048, "DeltaNOrbits": 0.006702987865341024}