{"SMBHMASS": 900000.0, "SecondaryMass": 10, "PROCAMASS": 7e-18, "p0": 11.830000000000002, "e0": 0.4, "BHSpin": 1, "Trajectory Exit Reason": "Separatrix reached!", "mismatch": 3.8569445781622136e-07, "faithfulness": 0.999999172897287, "DeltaNOrbits": 3.189581986091735e-05}