{"SMBHMASS": 600000.0, "SecondaryMass": 10, "PROCAMASS": 6e-18, "p0": 13.741999999999999, "e0": 0.7, "BHSpin": 1, "Trajectory Exit Reason": "Separatrix reached!", "mismatch": 9.667822098435863e-13, "faithfulness": 0.999999999999107, "DeltaNOrbits": 2.20206158543841e-08}