{"SMBHMASS": 500000.0, "SecondaryMass": 10, "PROCAMASS": 2e-17, "p0": 15.2, "e0": 0.5, "BHSpin": 1, "Trajectory Exit Reason": "Separatrix reached!", "mismatch": 0.5125103748034723, "faithfulness": 0.23647849112075628, "DeltaNOrbits": 0.060888641349061114}