{"SMBHMASS": 400000.0, "SecondaryMass": 10, "PROCAMASS": 1e-17, "p0": 17.3, "e0": 0.3, "BHSpin": 1, "Trajectory Exit Reason": "Separatrix reached!", "mismatch": 4.6756487570576155e-11, "faithfulness": 0.9999999999391512, "DeltaNOrbits": 2.9176158002438907e-07}