{"SMBHMASS": 100000.0, "SecondaryMass": 10, "PROCAMASS": 6e-17, "p0": 34.95, "e0": 0.2, "BHSpin": 1, "Trajectory Exit Reason": "Separatrix reached!", "mismatch": 0.003781207181965951, "faithfulness": 0.9980923798832058, "DeltaNOrbits": 0.0017196690625287162}