{"SMBHMASS": 700000.0, "SecondaryMass": 10, "PROCAMASS": 9e-18, "p0": 13.202, "e0": 0.6, "BHSpin": 1, "Trajectory Exit Reason": "Separatrix reached!", "mismatch": 6.260719036865758e-06, "faithfulness": 0.9999891543813122, "DeltaNOrbits": 0.00010897994448701426}