{"SMBHMASS": 1000000.0, "SecondaryMass": 10, "PROCAMASS": 5e-18, "p0": 11.0, "e0": 0.3, "BHSpin": 1, "Trajectory Exit Reason": "Separatrix reached!", "mismatch": 5.037525951934185e-10, "faithfulness": 0.9999999988845049, "DeltaNOrbits": 1.1759583236532642e-06}