{"SMBHMASS": 300000.0, "SecondaryMass": 10, "PROCAMASS": 9e-18, "p0": 19.6, "e0": 0.5, "BHSpin": 1, "Trajectory Exit Reason": "Separatrix reached!", "mismatch": 4.3076653355456074e-14, "faithfulness": 0.9999999999999748, "DeltaNOrbits": 2.8903795315809166e-09}