{"SMBHMASS": 400000.0, "SecondaryMass": 10, "PROCAMASS": 1e-17, "p0": 17.3, "e0": 0.3, "BHSpin": 1, "Trajectory Exit Reason": "Separatrix reached!", "mismatch": 3.010591775876037e-11, "faithfulness": 0.9999999999607242, "DeltaNOrbits": 2.3489892116271066e-07}