{"SMBHMASS": 100000.0, "SecondaryMass": 10, "PROCAMASS": 6e-17, "p0": 34.2, "e0": 0.5, "BHSpin": 1, "Trajectory Exit Reason": "Separatrix reached!", "mismatch": 0.005294355097032133, "faithfulness": 0.99728871401572, "DeltaNOrbits": 0.0017227529492643216}