{"SMBHMASS": 800000.0, "SecondaryMass": 10, "PROCAMASS": 8e-18, "p0": 12.71, "e0": 0.4, "BHSpin": 1, "Trajectory Exit Reason": "Separatrix reached!", "mismatch": 3.8253972534096903e-07, "faithfulness": 0.99999920114533, "DeltaNOrbits": 3.252981349432527e-05}