{"SMBHMASS": 60000000.0, "SecondaryMass": 10, "PROCAMASS": 1e-19, "p0": 4.609999999999999, "e0": 0.6, "BHSpin": 1, "Trajectory Exit Reason": "Integration reached time boundary. Boundary location t = 854280.98", "mismatch": 2.595923476178541e-12, "faithfulness": 0.9999997210743675, "DeltaNOrbits": -6.196309021057592e-08}