{"SMBHMASS": 100000.0, "SecondaryMass": 10, "PROCAMASS": 8e-17, "p0": 34.5, "e0": 0.4, "BHSpin": 1, "Trajectory Exit Reason": "Separatrix reached!", "mismatch": 0.5391968747774374, "faithfulness": 0.3963255839126802, "DeltaNOrbits": 0.0856984400638316}