{"SMBHMASS": 40000000.0, "SecondaryMass": 10, "PROCAMASS": 8e-19, "p0": 4.609999999999999, "e0": 0.6, "BHSpin": 1, "Trajectory Exit Reason": "Integration reached time boundary. Boundary location t = 1281421.47", "mismatch": 0.9984533067590002, "faithfulness": 0.04531540823181084, "DeltaNOrbits": -813.3628449584877}