{"SMBHMASS": 40000000.0, "SecondaryMass": 10, "PROCAMASS": 1e-19, "p0": 4.83, "e0": 0.2, "BHSpin": 1, "Trajectory Exit Reason": "Integration reached time boundary. Boundary location t = 1281421.47", "mismatch": -2.6645352591003757e-15, "faithfulness": 0.9999999979397495, "DeltaNOrbits": -5.176280651509093e-10}