{"SMBHMASS": 900000.0, "SecondaryMass": 10, "PROCAMASS": 1e-17, "p0": 11.288, "e0": 0.7, "BHSpin": 1, "Trajectory Exit Reason": "Separatrix reached!", "mismatch": 0.01276916227984104, "faithfulness": 0.9775207578360705, "DeltaNOrbits": 0.004576919805041609}