{"SMBHMASS": 600000.0, "SecondaryMass": 10, "PROCAMASS": 1e-17, "p0": 14.599999999999998, "e0": 0.3, "BHSpin": 1, "Trajectory Exit Reason": "Separatrix reached!", "mismatch": 8.496156636006447e-07, "faithfulness": 0.9999984197403793, "DeltaNOrbits": 4.541523661455652e-05}