{"SMBHMASS": 300000.0, "SecondaryMass": 10, "PROCAMASS": 3e-17, "p0": 20.1, "e0": 0.1, "BHSpin": 1, "Trajectory Exit Reason": "Separatrix reached!", "mismatch": 0.1810923499362479, "faithfulness": 0.7560645940748637, "DeltaNOrbits": 0.02330611437442358}