{"SMBHMASS": 1000000.0, "SecondaryMass": 10, "PROCAMASS": 6e-18, "p0": 10.950000000000003, "e0": 0.4, "BHSpin": 1, "Trajectory Exit Reason": "Separatrix reached!", "mismatch": 6.347256498173692e-08, "faithfulness": 0.999999862797032, "DeltaNOrbits": 1.296187921726374e-05}