{"SMBHMASS": 300000.0, "SecondaryMass": 10, "PROCAMASS": 8e-17, "p0": 18.7, "e0": 0.7, "BHSpin": 1, "Trajectory Exit Reason": "Separatrix reached!", "mismatch": 0.9992956918048129, "faithfulness": -1.3605744903850787e-05, "DeltaNOrbits": 3154.5448445376824}