{"SMBHMASS": 20000000.0, "SecondaryMass": 10, "PROCAMASS": 5e-19, "p0": 4.795, "e0": 0.4, "BHSpin": 1, "Trajectory Exit Reason": "Integration reached time boundary. Boundary location t = 2562842.94", "mismatch": 2.9427916346191907e-05, "faithfulness": 0.9999337946565825, "DeltaNOrbits": -0.00043475921645383164}