{"SMBHMASS": 300000.0, "SecondaryMass": 10, "PROCAMASS": 2e-17, "p0": 19.15, "e0": 0.6, "BHSpin": 1, "Trajectory Exit Reason": "Separatrix reached!", "mismatch": 6.2231372451870826e-06, "faithfulness": 0.9999929135904663, "DeltaNOrbits": 8.460479952690087e-05}