{"SMBHMASS": 600000.0, "SecondaryMass": 10, "PROCAMASS": 6e-18, "p0": 14.7, "e0": 0.1, "BHSpin": 1, "Trajectory Exit Reason": "Separatrix reached!", "mismatch": 1.5224488336684772e-12, "faithfulness": 0.9999999999980645, "DeltaNOrbits": 4.441179318717601e-08}