{"SMBHMASS": 900000.0, "SecondaryMass": 10, "PROCAMASS": 3e-18, "p0": 11.899999999999999, "e0": 0.3, "BHSpin": 1, "Trajectory Exit Reason": "Separatrix reached!", "mismatch": 2.3647750424515834e-14, "faithfulness": 0.9999999999999964, "DeltaNOrbits": 6.114264393728862e-10}