{"SMBHMASS": 500000.0, "SecondaryMass": 10, "PROCAMASS": 7e-18, "p0": 14.56, "e0": 0.7, "BHSpin": 1, "Trajectory Exit Reason": "Separatrix reached!", "mismatch": 8.512079929801075e-13, "faithfulness": 0.9999999999992848, "DeltaNOrbits": 2.3762254802900806e-08}