{"SMBHMASS": 400000.0, "SecondaryMass": 10, "PROCAMASS": 8e-18, "p0": 16.625, "e0": 0.6, "BHSpin": 1, "Trajectory Exit Reason": "Separatrix reached!", "mismatch": 1.3933298959045715e-13, "faithfulness": 0.9999999999999087, "DeltaNOrbits": 6.4292416503755004e-09}