{"SMBHMASS": 900000.0, "SecondaryMass": 10, "PROCAMASS": 6e-18, "p0": 11.95, "e0": 0.2, "BHSpin": 1, "Trajectory Exit Reason": "Separatrix reached!", "mismatch": 5.3241919761859435e-09, "faithfulness": 0.999999987573705, "DeltaNOrbits": 3.790010160785477e-06}