{"SMBHMASS": 900000.0, "SecondaryMass": 10, "PROCAMASS": 6e-18, "p0": 11.523999999999997, "e0": 0.6, "BHSpin": 1, "Trajectory Exit Reason": "Separatrix reached!", "mismatch": 4.3227509349819115e-09, "faithfulness": 0.9999999919674892, "DeltaNOrbits": 2.9774151588219512e-06}