{"SMBHMASS": 700000.0, "SecondaryMass": 10, "PROCAMASS": 4e-18, "p0": 13.799999999999999, "e0": 0.1, "BHSpin": 1, "Trajectory Exit Reason": "Separatrix reached!", "mismatch": 1.3322676295501878e-15, "faithfulness": 0.9999999999999936, "DeltaNOrbits": 3.7056147840780985e-11}