{"SMBHMASS": 400000.0, "SecondaryMass": 10, "PROCAMASS": 8e-18, "p0": 17.35, "e0": 0.2, "BHSpin": 1, "Trajectory Exit Reason": "Separatrix reached!", "mismatch": 3.682609772681644e-13, "faithfulness": 0.9999999999997246, "DeltaNOrbits": 1.3821943144611308e-08}