{"SMBHMASS": 400000.0, "SecondaryMass": 10, "PROCAMASS": 2e-17, "p0": 16.25, "e0": 0.7, "BHSpin": 1, "Trajectory Exit Reason": "Separatrix reached!", "mismatch": 0.006201369926276401, "faithfulness": 0.9921832504926488, "DeltaNOrbits": 0.00256866133549634}