{"SMBHMASS": 500000.0, "SecondaryMass": 10, "PROCAMASS": 2e-17, "p0": 15.5, "e0": 0.3, "BHSpin": 1, "Trajectory Exit Reason": "Separatrix reached!", "mismatch": 0.5170451018176783, "faithfulness": 0.18743028445712176, "DeltaNOrbits": 0.0751687242124941}