{"SMBHMASS": 5000000.0, "SecondaryMass": 10, "PROCAMASS": 5e-18, "p0": 5.625, "e0": 0.2, "BHSpin": 1, "Trajectory Exit Reason": "Separatrix reached!", "mismatch": 0.9811749428888193, "faithfulness": 0.013772194720632057, "DeltaNOrbits": -316.802491015133}