{"SMBHMASS": 700000.0, "SecondaryMass": 10, "PROCAMASS": 7e-18, "p0": 13.799999999999999, "e0": 0.1, "BHSpin": 1, "Trajectory Exit Reason": "Separatrix reached!", "mismatch": 3.076367827148374e-09, "faithfulness": 0.9999999933388467, "DeltaNOrbits": 2.883783537265258e-06}