{"SMBHMASS": 600000.0, "SecondaryMass": 10, "PROCAMASS": 2e-17, "p0": 14.649999999999997, "e0": 0.2, "BHSpin": 1, "Trajectory Exit Reason": "Separatrix reached!", "mismatch": 0.873305924756411, "faithfulness": 0.016637949171619492, "DeltaNOrbits": 0.7560257270185525}