{"SMBHMASS": 600000.0, "SecondaryMass": 10, "PROCAMASS": 6e-18, "p0": 14.339999999999998, "e0": 0.5, "BHSpin": 1, "Trajectory Exit Reason": "Separatrix reached!", "mismatch": 5.785372181321691e-13, "faithfulness": 0.9999999999994273, "DeltaNOrbits": 2.190018337390156e-08}