{"SMBHMASS": 20000000.0, "SecondaryMass": 10, "PROCAMASS": 3e-19, "p0": 4.76, "e0": 0.5, "BHSpin": 1, "Trajectory Exit Reason": "Integration reached time boundary. Boundary location t = 2562842.94", "mismatch": 3.966504902308543e-11, "faithfulness": 0.999999986670378, "DeltaNOrbits": -4.6109427960131787e-07}