{"SMBHMASS": 100000.0, "SecondaryMass": 10, "PROCAMASS": 3e-17, "p0": 34.2, "e0": 0.5, "BHSpin": 1, "Trajectory Exit Reason": "Separatrix reached!", "mismatch": 6.9324546103644025e-12, "faithfulness": 0.9999999999965855, "DeltaNOrbits": 6.166143000705955e-08}