{"SMBHMASS": 800000.0, "SecondaryMass": 10, "PROCAMASS": 4e-18, "p0": 12.106, "e0": 0.7, "BHSpin": 1, "Trajectory Exit Reason": "Separatrix reached!", "mismatch": 5.1514348342607263e-14, "faithfulness": 0.9999999999999555, "DeltaNOrbits": 2.4271776835711545e-09}