{"SMBHMASS": 800000.0, "SecondaryMass": 10, "PROCAMASS": 9e-18, "p0": 12.899999999999999, "e0": 0.1, "BHSpin": 1, "Trajectory Exit Reason": "Separatrix reached!", "mismatch": 1.7485698271535455e-05, "faithfulness": 0.999958935788478, "DeltaNOrbits": 0.00020801978112455215}