{"SMBHMASS": 300000.0, "SecondaryMass": 10, "PROCAMASS": 1e-17, "p0": 20.0, "e0": 0.3, "BHSpin": 1, "Trajectory Exit Reason": "Separatrix reached!", "mismatch": 2.1471713296250527e-13, "faithfulness": 0.9999999999998511, "DeltaNOrbits": 1.0246024877975942e-08}