{"SMBHMASS": 600000.0, "SecondaryMass": 10, "PROCAMASS": 5e-18, "p0": 14.339999999999998, "e0": 0.5, "BHSpin": 1, "Trajectory Exit Reason": "Separatrix reached!", "mismatch": 1.2145839889399213e-13, "faithfulness": 0.9999999999999334, "DeltaNOrbits": 2.871851457660526e-09}