{"SMBHMASS": 800000.0, "SecondaryMass": 10, "PROCAMASS": 8e-18, "p0": 12.106, "e0": 0.7, "BHSpin": 1, "Trajectory Exit Reason": "Separatrix reached!", "mismatch": 6.057359541733476e-07, "faithfulness": 0.9999989578562579, "DeltaNOrbits": 2.9435171211809008e-05}