{"SMBHMASS": 600000.0, "SecondaryMass": 10, "PROCAMASS": 7e-18, "p0": 14.339999999999998, "e0": 0.5, "BHSpin": 1, "Trajectory Exit Reason": "Separatrix reached!", "mismatch": 1.1579293079932995e-11, "faithfulness": 0.9999999999826648, "DeltaNOrbits": 1.420362146737135e-07}