{"SMBHMASS": 40000000.0, "SecondaryMass": 10, "PROCAMASS": 2e-19, "p0": 4.46, "e0": 0.7, "BHSpin": 1, "Trajectory Exit Reason": "Integration reached time boundary. Boundary location t = 1281421.47", "mismatch": 1.2596854448432282e-08, "faithfulness": 0.999998113118409, "DeltaNOrbits": -3.1682276860957125e-06}