{"SMBHMASS": 600000.0, "SecondaryMass": 10, "PROCAMASS": 7e-18, "p0": 13.741999999999999, "e0": 0.7, "BHSpin": 1, "Trajectory Exit Reason": "Separatrix reached!", "mismatch": 1.2536549576225298e-10, "faithfulness": 0.999999999822087, "DeltaNOrbits": 3.962043327136303e-07}