{"SMBHMASS": 800000.0, "SecondaryMass": 10, "PROCAMASS": 6e-18, "p0": 12.363, "e0": 0.6, "BHSpin": 1, "Trajectory Exit Reason": "Separatrix reached!", "mismatch": 8.378648885809525e-10, "faithfulness": 0.9999999984982854, "DeltaNOrbits": 1.2176464899741427e-06}