{"SMBHMASS": 800000.0, "SecondaryMass": 10, "PROCAMASS": 6e-18, "p0": 12.363, "e0": 0.6, "BHSpin": 1, "Trajectory Exit Reason": "Separatrix reached!", "mismatch": 3.949301996541976e-10, "faithfulness": 0.9999999992973709, "DeltaNOrbits": 8.586280016187361e-07}