{"SMBHMASS": 20000000.0, "SecondaryMass": 10, "PROCAMASS": 4e-19, "p0": 4.795, "e0": 0.4, "BHSpin": 1, "Trajectory Exit Reason": "Integration reached time boundary. Boundary location t = 2562842.94", "mismatch": 8.144903262952141e-08, "faithfulness": 0.9999993821758116, "DeltaNOrbits": -2.4077331647944767e-05}