{"SMBHMASS": 600000.0, "SecondaryMass": 10, "PROCAMASS": 9e-18, "p0": 14.649999999999997, "e0": 0.2, "BHSpin": 1, "Trajectory Exit Reason": "Separatrix reached!", "mismatch": 9.28651222587007e-09, "faithfulness": 0.9999999819119298, "DeltaNOrbits": 5.0478625711668675e-06}