{"SMBHMASS": 1000000.0, "SecondaryMass": 10, "PROCAMASS": 7e-18, "p0": 10.47, "e0": 0.7, "BHSpin": 1, "Trajectory Exit Reason": "Separatrix reached!", "mismatch": 1.53467585561895e-05, "faithfulness": 0.9999723965999435, "DeltaNOrbits": 0.00016942697041703576}