{"SMBHMASS": 800000.0, "SecondaryMass": 10, "PROCAMASS": 9e-18, "p0": 12.363, "e0": 0.6, "BHSpin": 1, "Trajectory Exit Reason": "Separatrix reached!", "mismatch": 0.00011962296367495906, "faithfulness": 0.9997803887019351, "DeltaNOrbits": 0.0004888391438934067}