{"SMBHMASS": 900000.0, "SecondaryMass": 10, "PROCAMASS": 1e-17, "p0": 11.288, "e0": 0.7, "BHSpin": 1, "Trajectory Exit Reason": "Separatrix reached!", "mismatch": 0.009702689712008383, "faithfulness": 0.9829281234053985, "DeltaNOrbits": 0.003962760141260135}