{"SMBHMASS": 900000.0, "SecondaryMass": 10, "PROCAMASS": 5e-18, "p0": 11.899999999999999, "e0": 0.3, "BHSpin": 1, "Trajectory Exit Reason": "Separatrix reached!", "mismatch": 5.156219895496861e-11, "faithfulness": 0.9999999998942362, "DeltaNOrbits": 3.3263451109277053e-07}