{"SMBHMASS": 90000000.0, "SecondaryMass": 10, "PROCAMASS": 4e-19, "p0": 4.83, "e0": 0.3, "BHSpin": 1, "Trajectory Exit Reason": "Integration reached time boundary. Boundary location t = 569520.65", "mismatch": 0.9878554500532943, "faithfulness": 0.25240496004254837, "DeltaNOrbits": -84.52429272338019}