{"SMBHMASS": 600000.0, "SecondaryMass": 10, "PROCAMASS": 8e-18, "p0": 14.041, "e0": 0.6, "BHSpin": 1, "Trajectory Exit Reason": "Separatrix reached!", "mismatch": 4.65071203770151e-10, "faithfulness": 0.9999999992621741, "DeltaNOrbits": 9.217346213915862e-07}