{"SMBHMASS": 800000.0, "SecondaryMass": 10, "PROCAMASS": 7e-18, "p0": 12.106, "e0": 0.7, "BHSpin": 1, "Trajectory Exit Reason": "Separatrix reached!", "mismatch": 3.7507500327826904e-08, "faithfulness": 0.9999999357848454, "DeltaNOrbits": 7.5138658336382e-06}