{"SMBHMASS": 300000.0, "SecondaryMass": 10, "PROCAMASS": 9e-18, "p0": 19.15, "e0": 0.6, "BHSpin": 1, "Trajectory Exit Reason": "Separatrix reached!", "mismatch": 3.674838211509268e-14, "faithfulness": 0.9999999999999916, "DeltaNOrbits": 1.6675266528351442e-10}