{"SMBHMASS": 700000.0, "SecondaryMass": 10, "PROCAMASS": 1e-17, "p0": 13.590000000000002, "e0": 0.4, "BHSpin": 1, "Trajectory Exit Reason": "Separatrix reached!", "mismatch": 5.582904376444375e-05, "faithfulness": 0.9998909083213278, "DeltaNOrbits": 0.00036432033376387413}