{"SMBHMASS": 300000.0, "SecondaryMass": 10, "PROCAMASS": 2e-17, "p0": 18.7, "e0": 0.7, "BHSpin": 1, "Trajectory Exit Reason": "Separatrix reached!", "mismatch": 5.775916719241714e-06, "faithfulness": 0.9999935521921784, "DeltaNOrbits": 6.985863899899264e-05}