{"SMBHMASS": 700000.0, "SecondaryMass": 10, "PROCAMASS": 3e-17, "p0": 13.479999999999999, "e0": 0.5, "BHSpin": 1, "Trajectory Exit Reason": "Separatrix reached!", "mismatch": 0.988075076510344, "faithfulness": 0.0035774166490779528, "DeltaNOrbits": 66.81082692727378}