{"SMBHMASS": 1000000.0, "SecondaryMass": 10, "PROCAMASS": 2e-17, "p0": 10.47, "e0": 0.7, "BHSpin": 1, "Trajectory Exit Reason": "Separatrix reached!", "mismatch": 0.9923636418166438, "faithfulness": 0.0022131825200018477, "DeltaNOrbits": 102.63478094563047}