{"SMBHMASS": 1000000.0, "SecondaryMass": 10, "PROCAMASS": 4e-18, "p0": 10.685, "e0": 0.6, "BHSpin": 1, "Trajectory Exit Reason": "Separatrix reached!", "mismatch": 1.6803225477701744e-12, "faithfulness": 0.9999999999980196, "DeltaNOrbits": 4.082661088358045e-08}