{"SMBHMASS": 400000.0, "SecondaryMass": 10, "PROCAMASS": 9e-18, "p0": 17.0, "e0": 0.5, "BHSpin": 1, "Trajectory Exit Reason": "Separatrix reached!", "mismatch": 1.903255331114906e-12, "faithfulness": 0.9999999999981335, "DeltaNOrbits": 4.0761762624859085e-08}