{"SMBHMASS": 700000.0, "SecondaryMass": 10, "PROCAMASS": 5e-17, "p0": 13.202, "e0": 0.6, "BHSpin": 1, "Trajectory Exit Reason": "Separatrix reached!", "mismatch": 1.000024972008998, "faithfulness": -0.00034083189675278964, "DeltaNOrbits": 17379.146793584772}