{"SMBHMASS": 1000000.0, "SecondaryMass": 10, "PROCAMASS": 1e-17, "p0": 11.0, "e0": 0.3, "BHSpin": 1, "Trajectory Exit Reason": "Separatrix reached!", "mismatch": 0.1254116524101413, "faithfulness": 0.7190141242655178, "DeltaNOrbits": 0.02040093878621169}