{"SMBHMASS": 800000.0, "SecondaryMass": 10, "PROCAMASS": 6e-18, "p0": 12.71, "e0": 0.4, "BHSpin": 1, "Trajectory Exit Reason": "Separatrix reached!", "mismatch": 1.2813639038711244e-10, "faithfulness": 0.999999999744687, "DeltaNOrbits": 5.756672567065326e-07}