{"SMBHMASS": 800000.0, "SecondaryMass": 10, "PROCAMASS": 1e-17, "p0": 12.71, "e0": 0.4, "BHSpin": 1, "Trajectory Exit Reason": "Separatrix reached!", "mismatch": 0.0023002030692693687, "faithfulness": 0.9951992998188016, "DeltaNOrbits": 0.002437158182621777}