{"SMBHMASS": 300000.0, "SecondaryMass": 10, "PROCAMASS": 8e-17, "p0": 19.800000000000004, "e0": 0.4, "BHSpin": 1, "Trajectory Exit Reason": "Separatrix reached!", "mismatch": 0.9972509506192262, "faithfulness": 0.0011313752950476267, "DeltaNOrbits": 1409.390505945352}