{"SMBHMASS": 600000.0, "SecondaryMass": 10, "PROCAMASS": 1e-17, "p0": 14.7, "e0": 0.1, "BHSpin": 1, "Trajectory Exit Reason": "Separatrix reached!", "mismatch": 4.909942448172444e-07, "faithfulness": 0.9999990295185557, "DeltaNOrbits": 3.65399557013589e-05}