{"SMBHMASS": 300000.0, "SecondaryMass": 10, "PROCAMASS": 2e-17, "p0": 20.0, "e0": 0.3, "BHSpin": 1, "Trajectory Exit Reason": "Separatrix reached!", "mismatch": 5.4948528045439815e-06, "faithfulness": 0.9999932143374286, "DeltaNOrbits": 9.801882859608085e-05}