{"SMBHMASS": 800000.0, "SecondaryMass": 10, "PROCAMASS": 9e-18, "p0": 12.62, "e0": 0.5, "BHSpin": 1, "Trajectory Exit Reason": "Separatrix reached!", "mismatch": 7.597227892941483e-05, "faithfulness": 0.999850149694145, "DeltaNOrbits": 0.00040561314804343947}