{"SMBHMASS": 400000.0, "SecondaryMass": 10, "PROCAMASS": 1e-17, "p0": 17.0, "e0": 0.5, "BHSpin": 1, "Trajectory Exit Reason": "Separatrix reached!", "mismatch": 1.3367196238789347e-11, "faithfulness": 0.9999999999836261, "DeltaNOrbits": 1.4227707963467858e-07}