{"SMBHMASS": 100000.0, "SecondaryMass": 10, "PROCAMASS": 9e-17, "p0": 33.35, "e0": 0.6, "BHSpin": 1, "Trajectory Exit Reason": "Separatrix reached!", "mismatch": 0.7894341798395067, "faithfulness": 0.13932629069226027, "DeltaNOrbits": 0.2525083611904644}