{"SMBHMASS": 1000000.0, "SecondaryMass": 10, "PROCAMASS": 7e-18, "p0": 11.0, "e0": 0.3, "BHSpin": 1, "Trajectory Exit Reason": "Separatrix reached!", "mismatch": 3.201538350539046e-06, "faithfulness": 0.9999927574575771, "DeltaNOrbits": 9.664250768105249e-05}