{"SMBHMASS": 2000000.0, "SecondaryMass": 10, "PROCAMASS": 2e-17, "p0": 8.727500000000001, "e0": 0.6, "BHSpin": 1, "Trajectory Exit Reason": "Separatrix reached!", "mismatch": 0.9968768819977886, "faithfulness": 0.0024597092719029646, "DeltaNOrbits": 308.41441719178954}