{"SMBHMASS": 100000.0, "SecondaryMass": 10, "PROCAMASS": 6e-17, "p0": 33.35, "e0": 0.6, "BHSpin": 1, "Trajectory Exit Reason": "Separatrix reached!", "mismatch": 0.003288982117334416, "faithfulness": 0.9982985171345201, "DeltaNOrbits": 0.0012265732233486173}