{"SMBHMASS": 600000.0, "SecondaryMass": 10, "PROCAMASS": 6e-17, "p0": 13.741999999999999, "e0": 0.7, "BHSpin": 1, "Trajectory Exit Reason": "Separatrix reached!", "mismatch": 0.9997112732164966, "faithfulness": -0.00018130375007973328, "DeltaNOrbits": 8240.357216245695}