{"SMBHMASS": 7000000.0, "SecondaryMass": 10, "PROCAMASS": 4e-18, "p0": 5.352, "e0": 0.1, "BHSpin": 1, "Trajectory Exit Reason": "Separatrix reached!", "mismatch": 0.9952947874149628, "faithfulness": 0.001394690115414562, "DeltaNOrbits": -666.6539294967056}