{"SMBHMASS": 500000.0, "SecondaryMass": 10, "PROCAMASS": 9e-18, "p0": 15.549999999999999, "e0": 0.2, "BHSpin": 1, "Trajectory Exit Reason": "Separatrix reached!", "mismatch": 1.0996970001286854e-10, "faithfulness": 0.9999999998237071, "DeltaNOrbits": 5.130979510773739e-07}