{"SMBHMASS": 700000.0, "SecondaryMass": 10, "PROCAMASS": 4e-18, "p0": 13.202, "e0": 0.6, "BHSpin": 1, "Trajectory Exit Reason": "Separatrix reached!", "mismatch": 5.2513549064769904e-14, "faithfulness": 0.9999999999999832, "DeltaNOrbits": 9.078756220991341e-10}