{"SMBHMASS": 700000.0, "SecondaryMass": 10, "PROCAMASS": 1e-17, "p0": 13.799999999999999, "e0": 0.1, "BHSpin": 1, "Trajectory Exit Reason": "Separatrix reached!", "mismatch": 2.9120496733092693e-05, "faithfulness": 0.9999360985953379, "DeltaNOrbits": 0.00028023696982131484}