{"SMBHMASS": 100000.0, "SecondaryMass": 10, "PROCAMASS": 3e-17, "p0": 34.2, "e0": 0.5, "BHSpin": 1, "Trajectory Exit Reason": "Separatrix reached!", "mismatch": 1.0435763364569084e-11, "faithfulness": 0.999999999994816, "DeltaNOrbits": 7.216684791992097e-08}