{"SMBHMASS": 9000000.0, "SecondaryMass": 10, "PROCAMASS": 8e-19, "p0": 4.988999999999999, "e0": 0.2, "BHSpin": 1, "Trajectory Exit Reason": "Separatrix reached!", "mismatch": 1.103345204089834e-08, "faithfulness": 0.9999998461661675, "DeltaNOrbits": -5.94504888421948e-05}