{"SMBHMASS": 400000.0, "SecondaryMass": 10, "PROCAMASS": 2e-17, "p0": 17.35, "e0": 0.2, "BHSpin": 1, "Trajectory Exit Reason": "Separatrix reached!", "mismatch": 0.005612884771541871, "faithfulness": 0.9917696836704666, "DeltaNOrbits": 0.0034862255097853337}