{"SMBHMASS": 700000.0, "SecondaryMass": 10, "PROCAMASS": 1e-17, "p0": 13.7, "e0": 0.3, "BHSpin": 1, "Trajectory Exit Reason": "Separatrix reached!", "mismatch": 8.42658203548119e-06, "faithfulness": 0.9999824873073415, "DeltaNOrbits": 0.00015139292905965855}