{"SMBHMASS": 400000.0, "SecondaryMass": 10, "PROCAMASS": 7e-18, "p0": 17.4, "e0": 0.1, "BHSpin": 1, "Trajectory Exit Reason": "Separatrix reached!", "mismatch": 1.620148459835491e-11, "faithfulness": 0.9999999999904522, "DeltaNOrbits": 6.642314500459991e-08}