{"SMBHMASS": 400000.0, "SecondaryMass": 10, "PROCAMASS": 7e-18, "p0": 16.25, "e0": 0.7, "BHSpin": 1, "Trajectory Exit Reason": "Separatrix reached!", "mismatch": 2.4236168627567167e-13, "faithfulness": 0.9999999999998919, "DeltaNOrbits": 3.8908955232820035e-10}