{"SMBHMASS": 50000000.0, "SecondaryMass": 10, "PROCAMASS": 6e-19, "p0": 4.83, "e0": 0.3, "BHSpin": 1, "Trajectory Exit Reason": "Integration reached time boundary. Boundary location t = 1025137.18", "mismatch": 0.9972797867512752, "faithfulness": 0.07105958927378483, "DeltaNOrbits": -601.7778060743123}