{"SMBHMASS": 800000.0, "SecondaryMass": 10, "PROCAMASS": 5e-18, "p0": 12.363, "e0": 0.6, "BHSpin": 1, "Trajectory Exit Reason": "Separatrix reached!", "mismatch": 1.5225598559709397e-12, "faithfulness": 0.9999999999981318, "DeltaNOrbits": 3.770463042799465e-08}