{"SMBHMASS": 900000.0, "SecondaryMass": 10, "PROCAMASS": 6e-18, "p0": 11.523999999999997, "e0": 0.6, "BHSpin": 1, "Trajectory Exit Reason": "Separatrix reached!", "mismatch": 1.2168707597126627e-08, "faithfulness": 0.9999999770390977, "DeltaNOrbits": 5.095979979138122e-06}