{"SMBHMASS": 300000.0, "SecondaryMass": 10, "PROCAMASS": 2e-17, "p0": 20.05, "e0": 0.2, "BHSpin": 1, "Trajectory Exit Reason": "Separatrix reached!", "mismatch": 2.1471353116697678e-05, "faithfulness": 0.9999741162622876, "DeltaNOrbits": 0.00019794460361619614}