{"SMBHMASS": 400000.0, "SecondaryMass": 10, "PROCAMASS": 8e-18, "p0": 17.150000000000002, "e0": 0.4, "BHSpin": 1, "Trajectory Exit Reason": "Separatrix reached!", "mismatch": 1.0580425424677742e-13, "faithfulness": 0.9999999999999365, "DeltaNOrbits": 5.484309880435585e-09}