{"SMBHMASS": 100000.0, "SecondaryMass": 10, "PROCAMASS": 7e-17, "p0": 33.35, "e0": 0.6, "BHSpin": 1, "Trajectory Exit Reason": "Separatrix reached!", "mismatch": 0.11616368093592089, "faithfulness": 0.9306229229821154, "DeltaNOrbits": 0.008910991607894516}