{"SMBHMASS": 20000000.0, "SecondaryMass": 10, "PROCAMASS": 4e-19, "p0": 4.795, "e0": 0.4, "BHSpin": 1, "Trajectory Exit Reason": "Integration reached time boundary. Boundary location t = 2562842.94", "mismatch": 8.479433155628158e-09, "faithfulness": 0.9999969169716619, "DeltaNOrbits": 7.615501583128501e-08}