{"SMBHMASS": 500000.0, "SecondaryMass": 10, "PROCAMASS": 9e-18, "p0": 14.56, "e0": 0.7, "BHSpin": 1, "Trajectory Exit Reason": "Separatrix reached!", "mismatch": 9.284831792299997e-10, "faithfulness": 0.9999999987699809, "DeltaNOrbits": 1.0747209277522504e-06}