{"SMBHMASS": 500000.0, "SecondaryMass": 10, "PROCAMASS": 6e-18, "p0": 14.56, "e0": 0.7, "BHSpin": 1, "Trajectory Exit Reason": "Separatrix reached!", "mismatch": 2.2426505097428162e-14, "faithfulness": 0.999999999999987, "DeltaNOrbits": 7.781791046564007e-10}