{"SMBHMASS": 300000.0, "SecondaryMass": 10, "PROCAMASS": 3e-17, "p0": 20.1, "e0": 0.1, "BHSpin": 1, "Trajectory Exit Reason": "Separatrix reached!", "mismatch": 0.2612809113066652, "faithfulness": 0.6355321950957066, "DeltaNOrbits": 0.03243045414105297}