{"SMBHMASS": 400000.0, "SecondaryMass": 10, "PROCAMASS": 9e-18, "p0": 16.625, "e0": 0.6, "BHSpin": 1, "Trajectory Exit Reason": "Separatrix reached!", "mismatch": 2.3138158056212887e-12, "faithfulness": 0.9999999999978019, "DeltaNOrbits": 4.409681593052937e-08}