{"SMBHMASS": 500000.0, "SecondaryMass": 10, "PROCAMASS": 5e-17, "p0": 15.2, "e0": 0.5, "BHSpin": 1, "Trajectory Exit Reason": "Separatrix reached!", "mismatch": 0.9975930975507091, "faithfulness": 0.0006198968942424503, "DeltaNOrbits": 1379.092960859156}