{"SMBHMASS": 800000.0, "SecondaryMass": 10, "PROCAMASS": 8e-18, "p0": 12.71, "e0": 0.4, "BHSpin": 1, "Trajectory Exit Reason": "Separatrix reached!", "mismatch": 1.050871301311318e-06, "faithfulness": 0.9999978119874299, "DeltaNOrbits": 5.050856707912402e-05}