{"SMBHMASS": 1000000.0, "SecondaryMass": 10, "PROCAMASS": 5e-18, "p0": 11.0, "e0": 0.3, "BHSpin": 1, "Trajectory Exit Reason": "Separatrix reached!", "mismatch": 4.091388339233504e-10, "faithfulness": 0.9999999991008155, "DeltaNOrbits": 1.0556925958360095e-06}