{"SMBHMASS": 900000.0, "SecondaryMass": 10, "PROCAMASS": 3e-18, "p0": 11.288, "e0": 0.7, "BHSpin": 1, "Trajectory Exit Reason": "Separatrix reached!", "mismatch": 4.107825191113079e-15, "faithfulness": 0.999999999999992, "DeltaNOrbits": -3.7056147840780986e-10}