{"SMBHMASS": 600000.0, "SecondaryMass": 10, "PROCAMASS": 8e-18, "p0": 14.339999999999998, "e0": 0.5, "BHSpin": 1, "Trajectory Exit Reason": "Separatrix reached!", "mismatch": 4.181379242851335e-09, "faithfulness": 0.999999993012111, "DeltaNOrbits": 2.9720883375698387e-06}