{"SMBHMASS": 700000.0, "SecondaryMass": 10, "PROCAMASS": 6e-18, "p0": 13.590000000000002, "e0": 0.4, "BHSpin": 1, "Trajectory Exit Reason": "Separatrix reached!", "mismatch": 4.666500519334704e-11, "faithfulness": 0.9999999999177565, "DeltaNOrbits": 3.038048280726429e-07}