{"SMBHMASS": 100000.0, "SecondaryMass": 10, "PROCAMASS": 8e-17, "p0": 34.95, "e0": 0.2, "BHSpin": 1, "Trajectory Exit Reason": "Separatrix reached!", "mismatch": 0.48145004925060075, "faithfulness": 0.46646344895576325, "DeltaNOrbits": 0.08236817978560376}