{"SMBHMASS": 700000.0, "SecondaryMass": 10, "PROCAMASS": 4e-18, "p0": 13.799999999999999, "e0": 0.1, "BHSpin": 1, "Trajectory Exit Reason": "Separatrix reached!", "mismatch": 2.1316282072803006e-14, "faithfulness": 0.9999999999999905, "DeltaNOrbits": 1.8528073920390493e-10}