{"SMBHMASS": 7000000.0, "SecondaryMass": 10, "PROCAMASS": 7e-19, "p0": 5.262, "e0": 0.3, "BHSpin": 1, "Trajectory Exit Reason": "Separatrix reached!", "mismatch": 6.009637232295972e-13, "faithfulness": 0.9999999999228174, "DeltaNOrbits": -8.330222034607566e-08}