{"SMBHMASS": 300000.0, "SecondaryMass": 10, "PROCAMASS": 4e-17, "p0": 20.1, "e0": 0.1, "BHSpin": 1, "Trajectory Exit Reason": "Separatrix reached!", "mismatch": 0.8975923241384118, "faithfulness": 0.02928707069444149, "DeltaNOrbits": 1.7448392629637286}