{"SMBHMASS": 700000.0, "SecondaryMass": 10, "PROCAMASS": 5e-18, "p0": 13.590000000000002, "e0": 0.4, "BHSpin": 1, "Trajectory Exit Reason": "Separatrix reached!", "mismatch": 1.0413891970983968e-12, "faithfulness": 0.9999999999989753, "DeltaNOrbits": 2.0529105903792667e-08}