{"SMBHMASS": 400000.0, "SecondaryMass": 10, "PROCAMASS": 1e-17, "p0": 17.0, "e0": 0.5, "BHSpin": 1, "Trajectory Exit Reason": "Separatrix reached!", "mismatch": 3.475786325424224e-11, "faithfulness": 0.9999999999569396, "DeltaNOrbits": 2.2774708462943992e-07}