{"SMBHMASS": 600000.0, "SecondaryMass": 10, "PROCAMASS": 6e-18, "p0": 14.7, "e0": 0.1, "BHSpin": 1, "Trajectory Exit Reason": "Separatrix reached!", "mismatch": 9.277023593767808e-13, "faithfulness": 0.9999999999989077, "DeltaNOrbits": 3.003400782495299e-08}