{"SMBHMASS": 200000.0, "SecondaryMass": 10, "PROCAMASS": 2e-17, "p0": 27.150000000000002, "e0": 0.4, "BHSpin": 1, "Trajectory Exit Reason": "Separatrix reached!", "mismatch": 6.703454125123187e-09, "faithfulness": 0.9999999933744537, "DeltaNOrbits": 2.4625663047591004e-06}