{"SMBHMASS": 60000000.0, "SecondaryMass": 10, "PROCAMASS": 1e-19, "p0": 4.83, "e0": 0.1, "BHSpin": 1, "Trajectory Exit Reason": "Integration reached time boundary. Boundary location t = 854280.98", "mismatch": 3.4001690352170044e-12, "faithfulness": 0.9999985987837465, "DeltaNOrbits": -2.006532505347289e-07}