{"SMBHMASS": 800000.0, "SecondaryMass": 10, "PROCAMASS": 4e-17, "p0": 12.363, "e0": 0.6, "BHSpin": 1, "Trajectory Exit Reason": "Separatrix reached!", "mismatch": 0.9991897899738273, "faithfulness": -2.4725495392434134e-05, "DeltaNOrbits": 3291.1642730670865}