{"SMBHMASS": 60000000.0, "SecondaryMass": 10, "PROCAMASS": 1e-19, "p0": 4.83, "e0": 0.2, "BHSpin": 1, "Trajectory Exit Reason": "Integration reached time boundary. Boundary location t = 854280.98", "mismatch": 2.9736213491560193e-12, "faithfulness": 0.9999982081266185, "DeltaNOrbits": -1.588180176271072e-07}