{"SMBHMASS": 900000.0, "SecondaryMass": 10, "PROCAMASS": 4e-18, "p0": 11.999999999999998, "e0": 0.1, "BHSpin": 1, "Trajectory Exit Reason": "Separatrix reached!", "mismatch": 2.3081536681957004e-13, "faithfulness": 0.9999999999997526, "DeltaNOrbits": 8.967587777468999e-09}