{"SMBHMASS": 70000000.0, "SecondaryMass": 10, "PROCAMASS": 1e-19, "p0": 4.795, "e0": 0.4, "BHSpin": 1, "Trajectory Exit Reason": "Integration reached time boundary. Boundary location t = 732240.84", "mismatch": 4.791267382842079e-11, "faithfulness": 0.9999634010241449, "DeltaNOrbits": -2.6818807997455226e-07}