{"SMBHMASS": 600000.0, "SecondaryMass": 10, "PROCAMASS": 6e-18, "p0": 14.599999999999998, "e0": 0.3, "BHSpin": 1, "Trajectory Exit Reason": "Separatrix reached!", "mismatch": 5.295763827461997e-12, "faithfulness": 0.9999999999952949, "DeltaNOrbits": 1.621206468034168e-08}