{"SMBHMASS": 700000.0, "SecondaryMass": 10, "PROCAMASS": 1e-17, "p0": 13.7, "e0": 0.3, "BHSpin": 1, "Trajectory Exit Reason": "Separatrix reached!", "mismatch": 1.6306612862448944e-05, "faithfulness": 0.9999663746964524, "DeltaNOrbits": 0.00020743824046841287}