{"SMBHMASS": 70000000.0, "SecondaryMass": 10, "PROCAMASS": 1e-19, "p0": 4.83, "e0": 0.2, "BHSpin": 1, "Trajectory Exit Reason": "Integration reached time boundary. Boundary location t = 732240.84", "mismatch": 2.3001145432743897e-10, "faithfulness": 0.9999983432322712, "DeltaNOrbits": -1.7420268800644144e-06}