{"SMBHMASS": 600000.0, "SecondaryMass": 10, "PROCAMASS": 1e-17, "p0": 13.741999999999999, "e0": 0.7, "BHSpin": 1, "Trajectory Exit Reason": "Separatrix reached!", "mismatch": 1.7259755935583598e-06, "faithfulness": 0.9999973997413186, "DeltaNOrbits": 4.791484053908248e-05}