{"SMBHMASS": 700000.0, "SecondaryMass": 10, "PROCAMASS": 6e-18, "p0": 13.7, "e0": 0.3, "BHSpin": 1, "Trajectory Exit Reason": "Separatrix reached!", "mismatch": 2.334388238267593e-11, "faithfulness": 0.9999999999577429, "DeltaNOrbits": 2.1772339663850866e-07}