{"SMBHMASS": 1000000.0, "SecondaryMass": 10, "PROCAMASS": 1e-17, "p0": 10.9, "e0": 0.5, "BHSpin": 1, "Trajectory Exit Reason": "Separatrix reached!", "mismatch": 0.11071882403991229, "faithfulness": 0.7753313502842514, "DeltaNOrbits": 0.018251146351756505}