{"SMBHMASS": 70000000.0, "SecondaryMass": 10, "PROCAMASS": 5e-19, "p0": 4.83, "e0": 0.1, "BHSpin": 1, "Trajectory Exit Reason": "Integration reached time boundary. Boundary location t = 732240.84", "mismatch": 1.0009662868687579, "faithfulness": 0.9319472569528843, "DeltaNOrbits": -1397.4282927668035}