{"SMBHMASS": 90000000.0, "SecondaryMass": 10, "PROCAMASS": 3e-19, "p0": 4.83, "e0": 0.2, "BHSpin": 1, "Trajectory Exit Reason": "Integration reached time boundary. Boundary location t = 569520.65", "mismatch": 0.9893642966011219, "faithfulness": 0.720004522072755, "DeltaNOrbits": -119.705826099028}