{"SMBHMASS": 900000.0, "SecondaryMass": 10, "PROCAMASS": 3e-18, "p0": 11.95, "e0": 0.2, "BHSpin": 1, "Trajectory Exit Reason": "Separatrix reached!", "mismatch": 1.942890293094024e-14, "faithfulness": 0.9999999999999764, "DeltaNOrbits": 6.484825872136672e-10}