{"SMBHMASS": 50000000.0, "SecondaryMass": 10, "PROCAMASS": 4e-19, "p0": 4.83, "e0": 0.2, "BHSpin": 1, "Trajectory Exit Reason": "Integration reached time boundary. Boundary location t = 1025137.18", "mismatch": 0.8797213464108027, "faithfulness": 0.13338359121067042, "DeltaNOrbits": -0.1598150186486408}