{"SMBHMASS": 900000.0, "SecondaryMass": 10, "PROCAMASS": 6e-18, "p0": 11.759999999999998, "e0": 0.5, "BHSpin": 1, "Trajectory Exit Reason": "Separatrix reached!", "mismatch": 5.62531798919963e-09, "faithfulness": 0.9999999886466978, "DeltaNOrbits": 3.63213244290983e-06}