{"SMBHMASS": 50000000.0, "SecondaryMass": 10, "PROCAMASS": 6e-19, "p0": 4.609999999999999, "e0": 0.6, "BHSpin": 1, "Trajectory Exit Reason": "Integration reached time boundary. Boundary location t = 1025137.18", "mismatch": 0.9927754060983581, "faithfulness": 0.13453953278201577, "DeltaNOrbits": -236.22494852765152}