{"SMBHMASS": 900000.0, "SecondaryMass": 10, "PROCAMASS": 9e-18, "p0": 11.288, "e0": 0.7, "BHSpin": 1, "Trajectory Exit Reason": "Separatrix reached!", "mismatch": 0.0023275744400320653, "faithfulness": 0.9958709862737658, "DeltaNOrbits": 0.0020253442718715115}