{"SMBHMASS": 900000.0, "SecondaryMass": 10, "PROCAMASS": 5e-18, "p0": 11.899999999999999, "e0": 0.3, "BHSpin": 1, "Trajectory Exit Reason": "Separatrix reached!", "mismatch": 7.599243456724025e-11, "faithfulness": 0.999999999841956, "DeltaNOrbits": 4.2922136043976615e-07}