{"SMBHMASS": 700000.0, "SecondaryMass": 10, "PROCAMASS": 9e-18, "p0": 13.799999999999999, "e0": 0.1, "BHSpin": 1, "Trajectory Exit Reason": "Separatrix reached!", "mismatch": 8.148436949628746e-07, "faithfulness": 0.9999982038530177, "DeltaNOrbits": 4.7270712049240106e-05}