{"SMBHMASS": 700000.0, "SecondaryMass": 10, "PROCAMASS": 9e-18, "p0": 13.590000000000002, "e0": 0.4, "BHSpin": 1, "Trajectory Exit Reason": "Separatrix reached!", "mismatch": 9.051238488710922e-07, "faithfulness": 0.9999982182540944, "DeltaNOrbits": 4.703666541947773e-05}