{"SMBHMASS": 800000.0, "SecondaryMass": 10, "PROCAMASS": 2e-17, "p0": 12.849999999999998, "e0": 0.2, "BHSpin": 1, "Trajectory Exit Reason": "Separatrix reached!", "mismatch": 0.9592601845694899, "faithfulness": 0.004971419598812522, "DeltaNOrbits": 5.2891514502573695}