{"SMBHMASS": 400000.0, "SecondaryMass": 10, "PROCAMASS": 2e-17, "p0": 17.35, "e0": 0.2, "BHSpin": 1, "Trajectory Exit Reason": "Separatrix reached!", "mismatch": 0.002825864144942458, "faithfulness": 0.9957963140383633, "DeltaNOrbits": 0.0025789148827723278}