{"SMBHMASS": 900000.0, "SecondaryMass": 10, "PROCAMASS": 3e-18, "p0": 11.830000000000002, "e0": 0.4, "BHSpin": 1, "Trajectory Exit Reason": "Separatrix reached!", "mismatch": 1.2212453270876722e-14, "faithfulness": 0.9999999999999901, "DeltaNOrbits": 3.8908955232820035e-10}