{"SMBHMASS": 500000.0, "SecondaryMass": 10, "PROCAMASS": 6e-18, "p0": 15.5, "e0": 0.3, "BHSpin": 1, "Trajectory Exit Reason": "Separatrix reached!", "mismatch": 1.5976109324356003e-13, "faithfulness": 0.9999999999999167, "DeltaNOrbits": 3.7056147840780982e-09}