{"SMBHMASS": 200000.0, "SecondaryMass": 10, "PROCAMASS": 6e-17, "p0": 26.250000000000004, "e0": 0.6, "BHSpin": 1, "Trajectory Exit Reason": "Separatrix reached!", "mismatch": 0.9591449411665285, "faithfulness": 0.01813924537829554, "DeltaNOrbits": 7.70173136371824}