{"SMBHMASS": 1000000.0, "SecondaryMass": 10, "PROCAMASS": 1e-17, "p0": 10.685, "e0": 0.6, "BHSpin": 1, "Trajectory Exit Reason": "Separatrix reached!", "mismatch": 0.11544395320473799, "faithfulness": 0.7821358085649055, "DeltaNOrbits": 0.017386560268143152}