{"SMBHMASS": 500000.0, "SecondaryMass": 10, "PROCAMASS": 9e-18, "p0": 15.350000000000001, "e0": 0.4, "BHSpin": 1, "Trajectory Exit Reason": "Separatrix reached!", "mismatch": 1.1881007289105128e-10, "faithfulness": 0.9999999998206816, "DeltaNOrbits": 5.059831706919439e-07}