{"SMBHMASS": 1000000.0, "SecondaryMass": 10, "PROCAMASS": 8e-18, "p0": 11.1, "e0": 0.1, "BHSpin": 1, "Trajectory Exit Reason": "Separatrix reached!", "mismatch": 0.00022154713784194868, "faithfulness": 0.9994565200353377, "DeltaNOrbits": 0.00078945538308472}