{"SMBHMASS": 50000000.0, "SecondaryMass": 10, "PROCAMASS": 8e-19, "p0": 4.609999999999999, "e0": 0.6, "BHSpin": 1, "Trajectory Exit Reason": "Integration reached time boundary. Boundary location t = 1025137.18", "mismatch": 1.0047494294460286, "faithfulness": 0.1299162896172381, "DeltaNOrbits": -1647.7598075877213}