{"SMBHMASS": 700000.0, "SecondaryMass": 10, "PROCAMASS": 9e-18, "p0": 12.924, "e0": 0.7, "BHSpin": 1, "Trajectory Exit Reason": "Separatrix reached!", "mismatch": 1.984412179800721e-06, "faithfulness": 0.9999967561743893, "DeltaNOrbits": 5.1943307011223383e-05}