{"SMBHMASS": 800000.0, "SecondaryMass": 10, "PROCAMASS": 7e-18, "p0": 12.71, "e0": 0.4, "BHSpin": 1, "Trajectory Exit Reason": "Separatrix reached!", "mismatch": 6.440006072860882e-08, "faithfulness": 0.9999998660652337, "DeltaNOrbits": 1.2564220430747359e-05}