{"SMBHMASS": 600000.0, "SecondaryMass": 10, "PROCAMASS": 8e-18, "p0": 14.339999999999998, "e0": 0.5, "BHSpin": 1, "Trajectory Exit Reason": "Separatrix reached!", "mismatch": 1.7647056038683218e-09, "faithfulness": 0.9999999970476664, "DeltaNOrbits": 1.8697420516022862e-06}