{"SMBHMASS": 300000.0, "SecondaryMass": 10, "PROCAMASS": 1e-17, "p0": 19.6, "e0": 0.5, "BHSpin": 1, "Trajectory Exit Reason": "Separatrix reached!", "mismatch": 3.4516833835596117e-13, "faithfulness": 0.9999999999997952, "DeltaNOrbits": 1.0301609099737113e-08}