{"SMBHMASS": 800000.0, "SecondaryMass": 10, "PROCAMASS": 8e-18, "p0": 12.363, "e0": 0.6, "BHSpin": 1, "Trajectory Exit Reason": "Separatrix reached!", "mismatch": 4.707895030486853e-07, "faithfulness": 0.9999991333520943, "DeltaNOrbits": 3.007441755417336e-05}