{"SMBHMASS": 800000.0, "SecondaryMass": 10, "PROCAMASS": 8e-18, "p0": 12.363, "e0": 0.6, "BHSpin": 1, "Trajectory Exit Reason": "Separatrix reached!", "mismatch": 3.437863425381771e-06, "faithfulness": 0.9999936917461902, "DeltaNOrbits": 8.150786902725543e-05}