{"SMBHMASS": 800000.0, "SecondaryMass": 10, "PROCAMASS": 9e-18, "p0": 12.62, "e0": 0.5, "BHSpin": 1, "Trajectory Exit Reason": "Separatrix reached!", "mismatch": 1.6672675128615033e-05, "faithfulness": 0.9999670205335399, "DeltaNOrbits": 0.0001924076554777527}