{"SMBHMASS": 600000.0, "SecondaryMass": 10, "PROCAMASS": 6e-18, "p0": 14.469999999999999, "e0": 0.4, "BHSpin": 1, "Trajectory Exit Reason": "Separatrix reached!", "mismatch": 4.50195436485501e-13, "faithfulness": 0.9999999999995487, "DeltaNOrbits": 1.8324265107266195e-08}