{"SMBHMASS": 700000.0, "SecondaryMass": 10, "PROCAMASS": 5e-18, "p0": 13.590000000000002, "e0": 0.4, "BHSpin": 1, "Trajectory Exit Reason": "Separatrix reached!", "mismatch": 3.2018832030189515e-13, "faithfulness": 0.9999999999996808, "DeltaNOrbits": 1.317346055739764e-08}