{"SMBHMASS": 600000.0, "SecondaryMass": 10, "PROCAMASS": 7e-18, "p0": 14.041, "e0": 0.6, "BHSpin": 1, "Trajectory Exit Reason": "Separatrix reached!", "mismatch": 2.786271213750524e-11, "faithfulness": 0.9999999999598866, "DeltaNOrbits": 2.0332708320236526e-07}