{"SMBHMASS": 800000.0, "SecondaryMass": 10, "PROCAMASS": 8e-18, "p0": 12.849999999999998, "e0": 0.2, "BHSpin": 1, "Trajectory Exit Reason": "Separatrix reached!", "mismatch": 4.7049785156794144e-07, "faithfulness": 0.9999989258126469, "DeltaNOrbits": 3.4535699833094586e-05}