{"SMBHMASS": 900000.0, "SecondaryMass": 10, "PROCAMASS": 3e-18, "p0": 11.830000000000002, "e0": 0.4, "BHSpin": 1, "Trajectory Exit Reason": "Separatrix reached!", "mismatch": 6.183942247162122e-14, "faithfulness": 0.9999999999999529, "DeltaNOrbits": 5.187860697709338e-10}