{"SMBHMASS": 800000.0, "SecondaryMass": 10, "PROCAMASS": 7e-18, "p0": 12.363, "e0": 0.6, "BHSpin": 1, "Trajectory Exit Reason": "Separatrix reached!", "mismatch": 4.7768093813793655e-08, "faithfulness": 0.9999999125564839, "DeltaNOrbits": 9.750695349788223e-06}