{"SMBHMASS": 700000.0, "SecondaryMass": 10, "PROCAMASS": 5e-18, "p0": 13.590000000000002, "e0": 0.4, "BHSpin": 1, "Trajectory Exit Reason": "Separatrix reached!", "mismatch": 9.108269694024784e-13, "faithfulness": 0.9999999999990231, "DeltaNOrbits": 2.671748259320309e-08}