{"SMBHMASS": 600000.0, "SecondaryMass": 10, "PROCAMASS": 9e-18, "p0": 14.339999999999998, "e0": 0.5, "BHSpin": 1, "Trajectory Exit Reason": "Separatrix reached!", "mismatch": 1.1283385525917566e-07, "faithfulness": 0.9999998099116211, "DeltaNOrbits": 1.551036946482865e-05}