{"SMBHMASS": 600000.0, "SecondaryMass": 10, "PROCAMASS": 6e-18, "p0": 14.041, "e0": 0.6, "BHSpin": 1, "Trajectory Exit Reason": "Separatrix reached!", "mismatch": 1.1196599203344704e-12, "faithfulness": 0.9999999999988761, "DeltaNOrbits": 2.9237300646376198e-08}