{"SMBHMASS": 20000000.0, "SecondaryMass": 10, "PROCAMASS": 9e-19, "p0": 4.46, "e0": 0.7, "BHSpin": 1, "Trajectory Exit Reason": "Integration reached time boundary. Boundary location t = 2562842.94", "mismatch": 0.9008738176035591, "faithfulness": 0.06430843678589032, "DeltaNOrbits": -0.8026205084059229}