{"SMBHMASS": 800000.0, "SecondaryMass": 10, "PROCAMASS": 1e-17, "p0": 12.799999999999999, "e0": 0.3, "BHSpin": 1, "Trajectory Exit Reason": "Separatrix reached!", "mismatch": 0.0004947673152253529, "faithfulness": 0.9989162780061375, "DeltaNOrbits": 0.001127454142138922}