{"SMBHMASS": 800000.0, "SecondaryMass": 10, "PROCAMASS": 6e-18, "p0": 12.849999999999998, "e0": 0.2, "BHSpin": 1, "Trajectory Exit Reason": "Separatrix reached!", "mismatch": 9.362181030425631e-10, "faithfulness": 0.9999999979111883, "DeltaNOrbits": 1.5486690586358393e-06}