{"SMBHMASS": 500000.0, "SecondaryMass": 10, "PROCAMASS": 5e-17, "p0": 14.879999999999999, "e0": 0.6, "BHSpin": 1, "Trajectory Exit Reason": "Separatrix reached!", "mismatch": 0.9966643865363021, "faithfulness": 0.0011561658195060188, "DeltaNOrbits": 635.6213619786824}