{"SMBHMASS": 400000.0, "SecondaryMass": 10, "PROCAMASS": 1e-17, "p0": 17.35, "e0": 0.2, "BHSpin": 1, "Trajectory Exit Reason": "Separatrix reached!", "mismatch": 3.667466330625757e-11, "faithfulness": 0.9999999999515051, "DeltaNOrbits": 2.6567405194447927e-07}