{"SMBHMASS": 100000.0, "SecondaryMass": 10, "PROCAMASS": 3e-17, "p0": 34.8, "e0": 0.3, "BHSpin": 1, "Trajectory Exit Reason": "Separatrix reached!", "mismatch": 5.7515103790706235e-12, "faithfulness": 0.9999999999971376, "DeltaNOrbits": 6.23654968160344e-08}