{"SMBHMASS": 700000.0, "SecondaryMass": 10, "PROCAMASS": 1e-17, "p0": 13.590000000000002, "e0": 0.4, "BHSpin": 1, "Trajectory Exit Reason": "Separatrix reached!", "mismatch": 4.123186896676234e-05, "faithfulness": 0.9999193044588448, "DeltaNOrbits": 0.00030819905725204625}