{"SMBHMASS": 1000000.0, "SecondaryMass": 10, "PROCAMASS": 5e-18, "p0": 11.1, "e0": 0.1, "BHSpin": 1, "Trajectory Exit Reason": "Separatrix reached!", "mismatch": 2.435348589457931e-10, "faithfulness": 0.999999999434298, "DeltaNOrbits": 8.949430265027016e-07}