{"SMBHMASS": 800000.0, "SecondaryMass": 10, "PROCAMASS": 9e-18, "p0": 12.363, "e0": 0.6, "BHSpin": 1, "Trajectory Exit Reason": "Separatrix reached!", "mismatch": 1.7452754500379974e-05, "faithfulness": 0.9999678950368555, "DeltaNOrbits": 0.00017228814044008118}