{"SMBHMASS": 100000.0, "SecondaryMass": 10, "PROCAMASS": 1e-16, "p0": 33.35, "e0": 0.6, "BHSpin": 1, "Trajectory Exit Reason": "Separatrix reached!", "mismatch": 0.9247519369144804, "faithfulness": 0.04936045202675745, "DeltaNOrbits": 2.2815511820909524}