{"SMBHMASS": 700000.0, "SecondaryMass": 10, "PROCAMASS": 9e-18, "p0": 13.799999999999999, "e0": 0.1, "BHSpin": 1, "Trajectory Exit Reason": "Separatrix reached!", "mismatch": 1.9325088550514735e-06, "faithfulness": 0.9999957638964148, "DeltaNOrbits": 7.189268801012094e-05}