{"SMBHMASS": 4000000.0, "SecondaryMass": 10, "PROCAMASS": 4e-18, "p0": 6.26, "e0": 0.3, "BHSpin": 1, "Trajectory Exit Reason": "Separatrix reached!", "mismatch": 0.86250004714611, "faithfulness": 0.3094340915556164, "DeltaNOrbits": -1.0780488262476315}