{"SMBHMASS": 2000000.0, "SecondaryMass": 10, "PROCAMASS": 2e-17, "p0": 8.9425, "e0": 0.4, "BHSpin": 1, "Trajectory Exit Reason": "Separatrix reached!", "mismatch": 0.9970113457489905, "faithfulness": 0.0002792641849670789, "DeltaNOrbits": 206.46693208784282}