{"SMBHMASS": 4000000.0, "SecondaryMass": 10, "PROCAMASS": 9e-19, "p0": 6.35, "e0": 0.1, "BHSpin": 1, "Trajectory Exit Reason": "Separatrix reached!", "mismatch": -1.7763568394002505e-14, "faithfulness": 0.9999999999998639, "DeltaNOrbits": -1.8250152811584634e-09}