{"SMBHMASS": 500000.0, "SecondaryMass": 10, "PROCAMASS": 7e-18, "p0": 15.2, "e0": 0.5, "BHSpin": 1, "Trajectory Exit Reason": "Separatrix reached!", "mismatch": 1.4729328867701952e-12, "faithfulness": 0.9999999999986859, "DeltaNOrbits": 3.042309737728119e-08}