{"SMBHMASS": 80000000.0, "SecondaryMass": 10, "PROCAMASS": 1e-19, "p0": 4.795, "e0": 0.4, "BHSpin": 1, "Trajectory Exit Reason": "Integration reached time boundary. Boundary location t = 640710.74", "mismatch": 6.370431515634323e-09, "faithfulness": 0.999240729432355, "DeltaNOrbits": 1.1957395322732141e-05}