{"SMBHMASS": 500000.0, "SecondaryMass": 10, "PROCAMASS": 9e-18, "p0": 15.2, "e0": 0.5, "BHSpin": 1, "Trajectory Exit Reason": "Separatrix reached!", "mismatch": 1.7029921917099955e-10, "faithfulness": 0.9999999997527341, "DeltaNOrbits": 6.315849837982711e-07}