{"SMBHMASS": 400000.0, "SecondaryMass": 10, "PROCAMASS": 8e-18, "p0": 16.25, "e0": 0.7, "BHSpin": 1, "Trajectory Exit Reason": "Separatrix reached!", "mismatch": 4.0112357879706906e-13, "faithfulness": 0.9999999999997257, "DeltaNOrbits": 1.2302641083139287e-08}