{"SMBHMASS": 80000000.0, "SecondaryMass": 10, "PROCAMASS": 1e-19, "p0": 4.76, "e0": 0.5, "BHSpin": 1, "Trajectory Exit Reason": "Integration reached time boundary. Boundary location t = 640710.74", "mismatch": 6.720149103855988e-09, "faithfulness": 0.9999922074135476, "DeltaNOrbits": -5.895032117070462e-06}