{"SMBHMASS": 800000.0, "SecondaryMass": 10, "PROCAMASS": 6e-18, "p0": 12.363, "e0": 0.6, "BHSpin": 1, "Trajectory Exit Reason": "Separatrix reached!", "mismatch": 4.99302599266116e-10, "faithfulness": 0.9999999991095114, "DeltaNOrbits": 9.616626206900277e-07}