{"SMBHMASS": 600000.0, "SecondaryMass": 10, "PROCAMASS": 7e-18, "p0": 14.041, "e0": 0.6, "BHSpin": 1, "Trajectory Exit Reason": "Separatrix reached!", "mismatch": 3.4835578865966e-11, "faithfulness": 0.9999999999495125, "DeltaNOrbits": 2.2795089344256422e-07}