{"SMBHMASS": 600000.0, "SecondaryMass": 10, "PROCAMASS": 6e-18, "p0": 14.7, "e0": 0.1, "BHSpin": 1, "Trajectory Exit Reason": "Separatrix reached!", "mismatch": 5.229150445984487e-13, "faithfulness": 0.9999999999994302, "DeltaNOrbits": 2.1103476195324772e-08}