{"SMBHMASS": 100000.0, "SecondaryMass": 10, "PROCAMASS": 5e-17, "p0": 35.1, "e0": 0.1, "BHSpin": 1, "Trajectory Exit Reason": "Separatrix reached!", "mismatch": 1.5121276028318142e-05, "faithfulness": 0.9999925035616856, "DeltaNOrbits": 0.00011082723051302504}