{"SMBHMASS": 700000.0, "SecondaryMass": 10, "PROCAMASS": 8e-18, "p0": 13.479999999999999, "e0": 0.5, "BHSpin": 1, "Trajectory Exit Reason": "Separatrix reached!", "mismatch": 1.3874783877376728e-07, "faithfulness": 0.9999997429648664, "DeltaNOrbits": 1.7227199322365955e-05}