{"SMBHMASS": 40000000.0, "SecondaryMass": 10, "PROCAMASS": 9e-19, "p0": 4.83, "e0": 0.1, "BHSpin": 1, "Trajectory Exit Reason": "Integration reached time boundary. Boundary location t = 1281421.47", "mismatch": 0.9970620489635251, "faithfulness": 0.10708088585544072, "DeltaNOrbits": -2597.171496287361}