{"SMBHMASS": 700000.0, "SecondaryMass": 10, "PROCAMASS": 8e-18, "p0": 13.590000000000002, "e0": 0.4, "BHSpin": 1, "Trajectory Exit Reason": "Separatrix reached!", "mismatch": 4.726432056845198e-08, "faithfulness": 0.9999999073121468, "DeltaNOrbits": 1.05894612561643e-05}