{"SMBHMASS": 800000.0, "SecondaryMass": 10, "PROCAMASS": 4e-18, "p0": 12.799999999999999, "e0": 0.3, "BHSpin": 1, "Trajectory Exit Reason": "Separatrix reached!", "mismatch": 6.94999613415348e-14, "faithfulness": 0.9999999999999296, "DeltaNOrbits": 3.6870867101577077e-09}