{"SMBHMASS": 700000.0, "SecondaryMass": 10, "PROCAMASS": 5e-18, "p0": 13.7, "e0": 0.3, "BHSpin": 1, "Trajectory Exit Reason": "Separatrix reached!", "mismatch": 2.2726265314076954e-13, "faithfulness": 0.9999999999998196, "DeltaNOrbits": 8.467329781618455e-09}