{"SMBHMASS": 1000000.0, "SecondaryMass": 10, "PROCAMASS": 4e-18, "p0": 11.1, "e0": 0.1, "BHSpin": 1, "Trajectory Exit Reason": "Separatrix reached!", "mismatch": 1.0448308884747348e-12, "faithfulness": 0.9999999999984893, "DeltaNOrbits": 3.501805970953803e-08}