{"SMBHMASS": 200000.0, "SecondaryMass": 10, "PROCAMASS": 5e-17, "p0": 26.900000000000002, "e0": 0.5, "BHSpin": 1, "Trajectory Exit Reason": "Separatrix reached!", "mismatch": 0.8832630680852996, "faithfulness": 0.045939693192853195, "DeltaNOrbits": 0.9943141950165671}