{"SMBHMASS": 200000.0, "SecondaryMass": 10, "PROCAMASS": 3e-17, "p0": 27.6, "e0": 0.1, "BHSpin": 1, "Trajectory Exit Reason": "Separatrix reached!", "mismatch": 0.0005229072665249301, "faithfulness": 0.9994493730813153, "DeltaNOrbits": 0.0007592021696172148}