{"SMBHMASS": 100000.0, "SecondaryMass": 10, "PROCAMASS": 5e-17, "p0": 35.1, "e0": 0.1, "BHSpin": 1, "Trajectory Exit Reason": "Separatrix reached!", "mismatch": 1.9482112281532515e-05, "faithfulness": 0.9999902303700544, "DeltaNOrbits": 0.00012546867036713523}