{"SMBHMASS": 800000.0, "SecondaryMass": 10, "PROCAMASS": 6e-18, "p0": 12.106, "e0": 0.7, "BHSpin": 1, "Trajectory Exit Reason": "Separatrix reached!", "mismatch": 1.5623693450095288e-09, "faithfulness": 0.9999999973609065, "DeltaNOrbits": 1.5466772906893973e-06}