{"SMBHMASS": 500000.0, "SecondaryMass": 10, "PROCAMASS": 2e-17, "p0": 15.6, "e0": 0.1, "BHSpin": 1, "Trajectory Exit Reason": "Separatrix reached!", "mismatch": 0.20783241100588068, "faithfulness": 0.6417032116017027, "DeltaNOrbits": 0.028044084904112}