{"SMBHMASS": 7000000.0, "SecondaryMass": 10, "PROCAMASS": 1e-18, "p0": 5.307, "e0": 0.2, "BHSpin": 1, "Trajectory Exit Reason": "Separatrix reached!", "mismatch": 1.4704834017109647e-09, "faithfulness": 0.9999999767828784, "DeltaNOrbits": -1.6825242022700044e-05}