{"SMBHMASS": 600000.0, "SecondaryMass": 10, "PROCAMASS": 5e-18, "p0": 14.649999999999997, "e0": 0.2, "BHSpin": 1, "Trajectory Exit Reason": "Separatrix reached!", "mismatch": 9.43689570931383e-15, "faithfulness": 0.9999999999999808, "DeltaNOrbits": 1.5193020614720204e-09}