{"SMBHMASS": 600000.0, "SecondaryMass": 10, "PROCAMASS": 6e-17, "p0": 14.339999999999998, "e0": 0.5, "BHSpin": 1, "Trajectory Exit Reason": "Separatrix reached!", "mismatch": 0.9990880536319999, "faithfulness": 0.0011066254785174615, "DeltaNOrbits": 17170.79553286821}