{"SMBHMASS": 1000000.0, "SecondaryMass": 10, "PROCAMASS": 8e-18, "p0": 11.1, "e0": 0.1, "BHSpin": 1, "Trajectory Exit Reason": "Separatrix reached!", "mismatch": 9.759306001144719e-05, "faithfulness": 0.9997638196130478, "DeltaNOrbits": 0.0005145977616050816}