{"SMBHMASS": 600000.0, "SecondaryMass": 10, "PROCAMASS": 7e-18, "p0": 14.469999999999999, "e0": 0.4, "BHSpin": 1, "Trajectory Exit Reason": "Separatrix reached!", "mismatch": 1.0492828828034817e-11, "faithfulness": 0.9999999999837408, "DeltaNOrbits": 1.4298114644365344e-07}