{"SMBHMASS": 900000.0, "SecondaryMass": 10, "PROCAMASS": 4e-18, "p0": 11.759999999999998, "e0": 0.5, "BHSpin": 1, "Trajectory Exit Reason": "Separatrix reached!", "mismatch": 2.509104035652854e-13, "faithfulness": 0.9999999999997482, "DeltaNOrbits": 1.0005159917010866e-08}