{"SMBHMASS": 500000.0, "SecondaryMass": 10, "PROCAMASS": 1e-17, "p0": 15.350000000000001, "e0": 0.4, "BHSpin": 1, "Trajectory Exit Reason": "Separatrix reached!", "mismatch": 2.891898387424874e-09, "faithfulness": 0.9999999954959248, "DeltaNOrbits": 2.624724007710358e-06}