{"SMBHMASS": 700000.0, "SecondaryMass": 10, "PROCAMASS": 4e-18, "p0": 13.202, "e0": 0.6, "BHSpin": 1, "Trajectory Exit Reason": "Separatrix reached!", "mismatch": 7.105427357601002e-15, "faithfulness": 0.9999999999999916, "DeltaNOrbits": 6.299545132932767e-10}