{"SMBHMASS": 600000.0, "SecondaryMass": 10, "PROCAMASS": 7e-18, "p0": 14.649999999999997, "e0": 0.2, "BHSpin": 1, "Trajectory Exit Reason": "Separatrix reached!", "mismatch": 8.037259746629388e-11, "faithfulness": 0.9999999998573705, "DeltaNOrbits": 4.391894642089362e-07}