{"SMBHMASS": 3000000.0, "SecondaryMass": 10, "PROCAMASS": 6e-18, "p0": 6.984999999999999, "e0": 0.2, "BHSpin": 1, "Trajectory Exit Reason": "Separatrix reached!", "mismatch": 0.9686433531963131, "faithfulness": -0.001844345238617151, "DeltaNOrbits": -2.8858911016809023}