{"SMBHMASS": 700000.0, "SecondaryMass": 10, "PROCAMASS": 5e-18, "p0": 13.202, "e0": 0.6, "BHSpin": 1, "Trajectory Exit Reason": "Separatrix reached!", "mismatch": 3.4505731605349865e-13, "faithfulness": 0.9999999999996924, "DeltaNOrbits": 1.2358225304900457e-08}