{"SMBHMASS": 800000.0, "SecondaryMass": 10, "PROCAMASS": 4e-18, "p0": 12.799999999999999, "e0": 0.3, "BHSpin": 1, "Trajectory Exit Reason": "Separatrix reached!", "mismatch": 2.170486013142181e-13, "faithfulness": 0.9999999999998094, "DeltaNOrbits": 5.3360852890724615e-09}