{"SMBHMASS": 6000000.0, "SecondaryMass": 10, "PROCAMASS": 3e-18, "p0": 5.526, "e0": 0.1, "BHSpin": 1, "Trajectory Exit Reason": "Separatrix reached!", "mismatch": 0.8610574420266597, "faithfulness": 0.11246519885610345, "DeltaNOrbits": -7.773709581806004}