{"SMBHMASS": 1000000.0, "SecondaryMass": 10, "PROCAMASS": 4e-18, "p0": 10.685, "e0": 0.6, "BHSpin": 1, "Trajectory Exit Reason": "Separatrix reached!", "mismatch": 1.3231638007482616e-12, "faithfulness": 0.9999999999984515, "DeltaNOrbits": 3.413797619831948e-08}