{"SMBHMASS": 100000.0, "SecondaryMass": 10, "PROCAMASS": 4e-17, "p0": 34.5, "e0": 0.4, "BHSpin": 1, "Trajectory Exit Reason": "Separatrix reached!", "mismatch": 1.7479498404249227e-08, "faithfulness": 0.9999999911164239, "DeltaNOrbits": 3.390266965953052e-06}