{"SMBHMASS": 20000000.0, "SecondaryMass": 10, "PROCAMASS": 5e-19, "p0": 4.83, "e0": 0.3, "BHSpin": 1, "Trajectory Exit Reason": "Integration reached time boundary. Boundary location t = 2562842.94", "mismatch": 7.1589753141143575e-06, "faithfulness": 0.9999789110680622, "DeltaNOrbits": -0.00017756512348935684}