{"SMBHMASS": 300000.0, "SecondaryMass": 10, "PROCAMASS": 1e-17, "p0": 20.05, "e0": 0.2, "BHSpin": 1, "Trajectory Exit Reason": "Separatrix reached!", "mismatch": 2.1371793224034263e-13, "faithfulness": 0.9999999999998902, "DeltaNOrbits": 6.41071357645511e-09}