{"SMBHMASS": 20000000.0, "SecondaryMass": 10, "PROCAMASS": 3e-19, "p0": 4.46, "e0": 0.7, "BHSpin": 1, "Trajectory Exit Reason": "Integration reached time boundary. Boundary location t = 2562842.94", "mismatch": 4.150280119574745e-11, "faithfulness": 0.9999999918164231, "DeltaNOrbits": -2.9600219294291847e-07}