{"SMBHMASS": 700000.0, "SecondaryMass": 10, "PROCAMASS": 6e-18, "p0": 13.749999999999996, "e0": 0.2, "BHSpin": 1, "Trajectory Exit Reason": "Separatrix reached!", "mismatch": 6.2734262229469095e-12, "faithfulness": 0.9999999999887704, "DeltaNOrbits": 1.1150194885290998e-07}