{"SMBHMASS": 600000.0, "SecondaryMass": 10, "PROCAMASS": 5e-18, "p0": 14.469999999999999, "e0": 0.4, "BHSpin": 1, "Trajectory Exit Reason": "Separatrix reached!", "mismatch": 8.715250743307479e-14, "faithfulness": 0.999999999999909, "DeltaNOrbits": 2.445705757491545e-09}