{"SMBHMASS": 700000.0, "SecondaryMass": 10, "PROCAMASS": 1e-17, "p0": 13.479999999999999, "e0": 0.5, "BHSpin": 1, "Trajectory Exit Reason": "Separatrix reached!", "mismatch": 9.533463880528892e-05, "faithfulness": 0.9998232793536416, "DeltaNOrbits": 0.00045255318955742235}