{"SMBHMASS": 80000000.0, "SecondaryMass": 10, "PROCAMASS": 1e-19, "p0": 4.46, "e0": 0.7, "BHSpin": 1, "Trajectory Exit Reason": "Integration reached time boundary. Boundary location t = 640710.74", "mismatch": 6.5433928275737685e-09, "faithfulness": 0.9999868072894605, "DeltaNOrbits": -3.449178713989864e-06}