{"SMBHMASS": 800000.0, "SecondaryMass": 10, "PROCAMASS": 4e-18, "p0": 12.799999999999999, "e0": 0.3, "BHSpin": 1, "Trajectory Exit Reason": "Separatrix reached!", "mismatch": 8.548717289613705e-14, "faithfulness": 0.9999999999999512, "DeltaNOrbits": 2.9459637533420884e-09}