{"SMBHMASS": 100000.0, "SecondaryMass": 10, "PROCAMASS": 4e-17, "p0": 34.2, "e0": 0.5, "BHSpin": 1, "Trajectory Exit Reason": "Separatrix reached!", "mismatch": 5.2572661668470744e-08, "faithfulness": 0.9999999731607491, "DeltaNOrbits": 5.2863559386701335e-06}