{"SMBHMASS": 800000.0, "SecondaryMass": 10, "PROCAMASS": 7e-18, "p0": 12.799999999999999, "e0": 0.3, "BHSpin": 1, "Trajectory Exit Reason": "Separatrix reached!", "mismatch": 1.5758587879055597e-08, "faithfulness": 0.999999965561333, "DeltaNOrbits": 6.185893927505092e-06}