{"SMBHMASS": 800000.0, "SecondaryMass": 10, "PROCAMASS": 4e-18, "p0": 12.899999999999999, "e0": 0.1, "BHSpin": 1, "Trajectory Exit Reason": "Separatrix reached!", "mismatch": 1.0236256287043943e-13, "faithfulness": 0.9999999999998923, "DeltaNOrbits": 4.279985075610204e-09}