{"SMBHMASS": 500000.0, "SecondaryMass": 10, "PROCAMASS": 3e-17, "p0": 15.6, "e0": 0.1, "BHSpin": 1, "Trajectory Exit Reason": "Separatrix reached!", "mismatch": 0.9681497391596816, "faithfulness": 0.005842547883091212, "DeltaNOrbits": 13.374235348410199}