{"SMBHMASS": 700000.0, "SecondaryMass": 10, "PROCAMASS": 2e-17, "p0": 12.924, "e0": 0.7, "BHSpin": 1, "Trajectory Exit Reason": "Separatrix reached!", "mismatch": 0.9518528720531771, "faithfulness": 0.01839070906956857, "DeltaNOrbits": 2.550076110944499}