{"SMBHMASS": 300000.0, "SecondaryMass": 10, "PROCAMASS": 2e-17, "p0": 18.7, "e0": 0.7, "BHSpin": 1, "Trajectory Exit Reason": "Separatrix reached!", "mismatch": 1.6911508359140903e-05, "faithfulness": 0.999981634626766, "DeltaNOrbits": 0.00011746952648541112}