{"SMBHMASS": 80000000.0, "SecondaryMass": 10, "PROCAMASS": 3e-19, "p0": 4.83, "e0": 0.3, "BHSpin": 1, "Trajectory Exit Reason": "Integration reached time boundary. Boundary location t = 640710.74", "mismatch": 0.9758355118936305, "faithfulness": 0.9457815481242673, "DeltaNOrbits": -22.217851461341002}