{"SMBHMASS": 900000.0, "SecondaryMass": 10, "PROCAMASS": 4e-18, "p0": 11.288, "e0": 0.7, "BHSpin": 1, "Trajectory Exit Reason": "Separatrix reached!", "mismatch": 5.594413821086164e-13, "faithfulness": 0.999999999999454, "DeltaNOrbits": 1.9213612655444942e-08}