{"SMBHMASS": 9000000.0, "SecondaryMass": 10, "PROCAMASS": 6e-19, "p0": 4.988999999999999, "e0": 0.2, "BHSpin": 1, "Trajectory Exit Reason": "Separatrix reached!", "mismatch": 6.040834499287939e-12, "faithfulness": 0.9999999975217858, "DeltaNOrbits": -5.797526970059787e-07}