{"SMBHMASS": 400000.0, "SecondaryMass": 10, "PROCAMASS": 7e-18, "p0": 17.35, "e0": 0.2, "BHSpin": 1, "Trajectory Exit Reason": "Separatrix reached!", "mismatch": 1.1934897514720433e-13, "faithfulness": 0.99999999999993, "DeltaNOrbits": 1.0931563613030391e-09}