{"SMBHMASS": 1000000.0, "SecondaryMass": 10, "PROCAMASS": 3e-17, "p0": 10.685, "e0": 0.6, "BHSpin": 1, "Trajectory Exit Reason": "Separatrix reached!", "mismatch": 0.9998772355037358, "faithfulness": -0.0007391659138502577, "DeltaNOrbits": 10181.733544117154}