{"SMBHMASS": 800000.0, "SecondaryMass": 10, "PROCAMASS": 7e-18, "p0": 12.799999999999999, "e0": 0.3, "BHSpin": 1, "Trajectory Exit Reason": "Separatrix reached!", "mismatch": 2.9072203533431207e-08, "faithfulness": 0.9999999364763972, "DeltaNOrbits": 8.798389406427992e-06}