{"SMBHMASS": 10000000.0, "SecondaryMass": 10, "PROCAMASS": 4e-19, "p0": 4.83, "e0": 0.1, "BHSpin": 1, "Trajectory Exit Reason": "Separatrix reached!", "mismatch": 6.583622536027178e-14, "faithfulness": 0.9999999999619261, "DeltaNOrbits": -6.725690833101749e-09}