{"SMBHMASS": 800000.0, "SecondaryMass": 10, "PROCAMASS": 7e-18, "p0": 12.106, "e0": 0.7, "BHSpin": 1, "Trajectory Exit Reason": "Separatrix reached!", "mismatch": 9.873890849387834e-08, "faithfulness": 0.9999998308039916, "DeltaNOrbits": 1.2287373950228885e-05}