{"SMBHMASS": 100000.0, "SecondaryMass": 10, "PROCAMASS": 6e-17, "p0": 34.2, "e0": 0.5, "BHSpin": 1, "Trajectory Exit Reason": "Separatrix reached!", "mismatch": 0.007866191355279661, "faithfulness": 0.9959394531591408, "DeltaNOrbits": 0.0020487851479682262}