{"SMBHMASS": 300000.0, "SecondaryMass": 10, "PROCAMASS": 7e-17, "p0": 19.15, "e0": 0.6, "BHSpin": 1, "Trajectory Exit Reason": "Separatrix reached!", "mismatch": 0.9925725722697486, "faithfulness": 0.0035800108342637256, "DeltaNOrbits": 191.1149628343716}