{"SMBHMASS": 500000.0, "SecondaryMass": 10, "PROCAMASS": 7e-18, "p0": 15.5, "e0": 0.3, "BHSpin": 1, "Trajectory Exit Reason": "Separatrix reached!", "mismatch": 3.086420008457935e-13, "faithfulness": 0.9999999999997361, "DeltaNOrbits": 1.4173976549098727e-08}