{"SMBHMASS": 100000.0, "SecondaryMass": 10, "PROCAMASS": 7e-17, "p0": 34.2, "e0": 0.5, "BHSpin": 1, "Trajectory Exit Reason": "Separatrix reached!", "mismatch": 0.19494825864275145, "faithfulness": 0.8499542086031714, "DeltaNOrbits": 0.015625925875041413}