{"SMBHMASS": 600000.0, "SecondaryMass": 10, "PROCAMASS": 1e-17, "p0": 14.041, "e0": 0.6, "BHSpin": 1, "Trajectory Exit Reason": "Separatrix reached!", "mismatch": 3.2698072238712683e-07, "faithfulness": 0.9999994715060245, "DeltaNOrbits": 2.626011708847825e-05}