{"SMBHMASS": 400000.0, "SecondaryMass": 10, "PROCAMASS": 9e-18, "p0": 17.150000000000002, "e0": 0.4, "BHSpin": 1, "Trajectory Exit Reason": "Separatrix reached!", "mismatch": 2.291944412036173e-12, "faithfulness": 0.9999999999975808, "DeltaNOrbits": 5.425020043890336e-08}