{"SMBHMASS": 90000000.0, "SecondaryMass": 10, "PROCAMASS": 1e-19, "p0": 4.46, "e0": 0.7, "BHSpin": 1, "Trajectory Exit Reason": "Integration reached time boundary. Boundary location t = 569520.65", "mismatch": 1.4620119948016708e-07, "faithfulness": 0.9999043857462243, "DeltaNOrbits": -1.6288075814098926e-05}