{"SMBHMASS": 300000.0, "SecondaryMass": 10, "PROCAMASS": 9e-18, "p0": 20.0, "e0": 0.3, "BHSpin": 1, "Trajectory Exit Reason": "Separatrix reached!", "mismatch": 4.418687638008123e-14, "faithfulness": 0.9999999999999798, "DeltaNOrbits": 1.463717839710849e-09}