{"SMBHMASS": 900000.0, "SecondaryMass": 10, "PROCAMASS": 5e-18, "p0": 11.95, "e0": 0.2, "BHSpin": 1, "Trajectory Exit Reason": "Separatrix reached!", "mismatch": 3.7015168707910107e-11, "faithfulness": 0.9999999999220484, "DeltaNOrbits": 2.9105751321541423e-07}