{"SMBHMASS": 100000.0, "SecondaryMass": 10, "PROCAMASS": 9e-17, "p0": 34.5, "e0": 0.4, "BHSpin": 1, "Trajectory Exit Reason": "Separatrix reached!", "mismatch": 0.7692753912785895, "faithfulness": 0.15269049111758462, "DeltaNOrbits": 0.3491775950067206}