{"SMBHMASS": 70000000.0, "SecondaryMass": 10, "PROCAMASS": 3e-19, "p0": 4.83, "e0": 0.3, "BHSpin": 1, "Trajectory Exit Reason": "Integration reached time boundary. Boundary location t = 732240.84", "mismatch": 0.9312767915195354, "faithfulness": 0.700581991432952, "DeltaNOrbits": -2.646302316964011}