{"SMBHMASS": 800000.0, "SecondaryMass": 10, "PROCAMASS": 7e-18, "p0": 12.106, "e0": 0.7, "BHSpin": 1, "Trajectory Exit Reason": "Separatrix reached!", "mismatch": 1.911736668969155e-08, "faithfulness": 0.9999999672800343, "DeltaNOrbits": 5.0615826099049165e-06}