{"SMBHMASS": 600000.0, "SecondaryMass": 10, "PROCAMASS": 1e-17, "p0": 14.649999999999997, "e0": 0.2, "BHSpin": 1, "Trajectory Exit Reason": "Separatrix reached!", "mismatch": 3.4488500644247466e-07, "faithfulness": 0.9999993311946891, "DeltaNOrbits": 3.0346168814363727e-05}