{"SMBHMASS": 800000.0, "SecondaryMass": 10, "PROCAMASS": 4e-18, "p0": 12.849999999999998, "e0": 0.2, "BHSpin": 1, "Trajectory Exit Reason": "Separatrix reached!", "mismatch": 5.684341886080802e-14, "faithfulness": 0.9999999999999513, "DeltaNOrbits": 3.5573901927149744e-09}