{"SMBHMASS": 100000.0, "SecondaryMass": 10, "PROCAMASS": 3e-17, "p0": 34.8, "e0": 0.3, "BHSpin": 1, "Trajectory Exit Reason": "Separatrix reached!", "mismatch": 7.569500581894317e-12, "faithfulness": 0.9999999999962851, "DeltaNOrbits": 7.107369155861793e-08}