{"SMBHMASS": 900000.0, "SecondaryMass": 10, "PROCAMASS": 1e-17, "p0": 11.899999999999999, "e0": 0.3, "BHSpin": 1, "Trajectory Exit Reason": "Separatrix reached!", "mismatch": 0.005573154155933624, "faithfulness": 0.9874553693986121, "DeltaNOrbits": 0.0036747572589516057}