{"SMBHMASS": 100000.0, "SecondaryMass": 10, "PROCAMASS": 4e-17, "p0": 33.35, "e0": 0.6, "BHSpin": 1, "Trajectory Exit Reason": "Separatrix reached!", "mismatch": 1.8889899977558855e-08, "faithfulness": 0.9999999903627012, "DeltaNOrbits": 2.9824084747434964e-06}