{"SMBHMASS": 400000.0, "SecondaryMass": 10, "PROCAMASS": 8e-18, "p0": 17.35, "e0": 0.2, "BHSpin": 1, "Trajectory Exit Reason": "Separatrix reached!", "mismatch": 2.0505819264826641e-13, "faithfulness": 0.9999999999998636, "DeltaNOrbits": 9.745766882125398e-09}