{"SMBHMASS": 100000.0, "SecondaryMass": 10, "PROCAMASS": 6e-17, "p0": 34.2, "e0": 0.5, "BHSpin": 1, "Trajectory Exit Reason": "Separatrix reached!", "mismatch": 0.002788283715226769, "faithfulness": 0.9985597761403843, "DeltaNOrbits": 0.0012507668858246805}