{"SMBHMASS": 900000.0, "SecondaryMass": 10, "PROCAMASS": 8e-18, "p0": 11.95, "e0": 0.2, "BHSpin": 1, "Trajectory Exit Reason": "Separatrix reached!", "mismatch": 3.948793089203484e-05, "faithfulness": 0.9999063770688912, "DeltaNOrbits": 0.00033351565070420254}