{"SMBHMASS": 800000.0, "SecondaryMass": 10, "PROCAMASS": 6e-18, "p0": 12.62, "e0": 0.5, "BHSpin": 1, "Trajectory Exit Reason": "Separatrix reached!", "mismatch": 1.1889419448962713e-09, "faithfulness": 0.9999999976954971, "DeltaNOrbits": 1.6328050423083324e-06}