{"SMBHMASS": 400000.0, "SecondaryMass": 10, "PROCAMASS": 9e-18, "p0": 17.150000000000002, "e0": 0.4, "BHSpin": 1, "Trajectory Exit Reason": "Separatrix reached!", "mismatch": 8.076872504148014e-13, "faithfulness": 0.9999999999992049, "DeltaNOrbits": 2.9515221755182055e-08}