{"SMBHMASS": 600000.0, "SecondaryMass": 10, "PROCAMASS": 9e-18, "p0": 14.469999999999999, "e0": 0.4, "BHSpin": 1, "Trajectory Exit Reason": "Separatrix reached!", "mismatch": 8.130023310126688e-08, "faithfulness": 0.9999998564258825, "DeltaNOrbits": 1.3764376418940653e-05}