{"SMBHMASS": 1000000.0, "SecondaryMass": 10, "PROCAMASS": 5e-18, "p0": 11.1, "e0": 0.1, "BHSpin": 1, "Trajectory Exit Reason": "Separatrix reached!", "mismatch": 3.2880598244133807e-10, "faithfulness": 0.9999999992282796, "DeltaNOrbits": 9.330367464830243e-07}