{"SMBHMASS": 500000.0, "SecondaryMass": 10, "PROCAMASS": 6e-18, "p0": 15.5, "e0": 0.3, "BHSpin": 1, "Trajectory Exit Reason": "Separatrix reached!", "mismatch": 1.887379141862766e-15, "faithfulness": 0.9999999999999853, "DeltaNOrbits": 1.5193020614720204e-09}