{"SMBHMASS": 300000.0, "SecondaryMass": 10, "PROCAMASS": 4e-17, "p0": 20.05, "e0": 0.2, "BHSpin": 1, "Trajectory Exit Reason": "Separatrix reached!", "mismatch": 0.8996370106951714, "faithfulness": 0.030467927587002012, "DeltaNOrbits": 4.159332037788008}