{"SMBHMASS": 30000000.0, "SecondaryMass": 10, "PROCAMASS": 3e-19, "p0": 4.76, "e0": 0.5, "BHSpin": 1, "Trajectory Exit Reason": "Integration reached time boundary. Boundary location t = 1708561.96", "mismatch": 9.150435347216046e-07, "faithfulness": 0.9999930578171382, "DeltaNOrbits": -6.636900713060915e-05}