{"SMBHMASS": 600000.0, "SecondaryMass": 10, "PROCAMASS": 6e-18, "p0": 13.741999999999999, "e0": 0.7, "BHSpin": 1, "Trajectory Exit Reason": "Separatrix reached!", "mismatch": 7.044365091246618e-13, "faithfulness": 0.99999999999934, "DeltaNOrbits": 2.002884790794212e-08}