{"SMBHMASS": 20000000.0, "SecondaryMass": 10, "PROCAMASS": 5e-19, "p0": 4.83, "e0": 0.1, "BHSpin": 1, "Trajectory Exit Reason": "Integration reached time boundary. Boundary location t = 2562842.94", "mismatch": 7.641658678059216e-07, "faithfulness": 0.9999914028831294, "DeltaNOrbits": -4.160719168981878e-05}