{"SMBHMASS": 500000.0, "SecondaryMass": 10, "PROCAMASS": 7e-18, "p0": 14.56, "e0": 0.7, "BHSpin": 1, "Trajectory Exit Reason": "Separatrix reached!", "mismatch": 1.4805934256401088e-12, "faithfulness": 0.9999999999986956, "DeltaNOrbits": 2.9311412942057758e-08}