{"SMBHMASS": 100000.0, "SecondaryMass": 10, "PROCAMASS": 2e-16, "p0": 34.8, "e0": 0.3, "BHSpin": 1, "Trajectory Exit Reason": "Separatrix reached!", "mismatch": 0.9979729163531773, "faithfulness": 0.0010928397323775683, "DeltaNOrbits": 4687.502776563948}