{"SMBHMASS": 600000.0, "SecondaryMass": 10, "PROCAMASS": 5e-18, "p0": 14.469999999999999, "e0": 0.4, "BHSpin": 1, "Trajectory Exit Reason": "Separatrix reached!", "mismatch": 1.2656542480726785e-14, "faithfulness": 0.999999999999973, "DeltaNOrbits": 1.926919687720611e-09}