{"SMBHMASS": 600000.0, "SecondaryMass": 10, "PROCAMASS": 3e-17, "p0": 14.7, "e0": 0.1, "BHSpin": 1, "Trajectory Exit Reason": "Separatrix reached!", "mismatch": 0.9839751673032273, "faithfulness": 0.002007962425441224, "DeltaNOrbits": 44.761040623924124}