{"SMBHMASS": 1000000.0, "SecondaryMass": 10, "PROCAMASS": 4e-18, "p0": 11.05, "e0": 0.2, "BHSpin": 1, "Trajectory Exit Reason": "Separatrix reached!", "mismatch": 1.7910117833253025e-12, "faithfulness": 0.9999999999972911, "DeltaNOrbits": 4.415240015229054e-08}