{"SMBHMASS": 800000.0, "SecondaryMass": 10, "PROCAMASS": 7e-18, "p0": 12.62, "e0": 0.5, "BHSpin": 1, "Trajectory Exit Reason": "Separatrix reached!", "mismatch": 6.120524098651714e-08, "faithfulness": 0.9999998794638966, "DeltaNOrbits": 1.154224892944646e-05}