{"SMBHMASS": 900000.0, "SecondaryMass": 10, "PROCAMASS": 8e-18, "p0": 11.759999999999998, "e0": 0.5, "BHSpin": 1, "Trajectory Exit Reason": "Separatrix reached!", "mismatch": 4.2739432941751865e-05, "faithfulness": 0.9999126762010048, "DeltaNOrbits": 0.00032223381385370714}