{"SMBHMASS": 400000.0, "SecondaryMass": 10, "PROCAMASS": 3e-17, "p0": 17.35, "e0": 0.2, "BHSpin": 1, "Trajectory Exit Reason": "Separatrix reached!", "mismatch": 0.8917540213349855, "faithfulness": 0.02568306020352416, "DeltaNOrbits": 1.3302256139093642}