{"SMBHMASS": 400000.0, "SecondaryMass": 10, "PROCAMASS": 2e-17, "p0": 17.3, "e0": 0.3, "BHSpin": 1, "Trajectory Exit Reason": "Separatrix reached!", "mismatch": 0.015622228163861496, "faithfulness": 0.9778123883558465, "DeltaNOrbits": 0.005728394223940847}