{"SMBHMASS": 400000.0, "SecondaryMass": 10, "PROCAMASS": 8e-18, "p0": 17.0, "e0": 0.5, "BHSpin": 1, "Trajectory Exit Reason": "Separatrix reached!", "mismatch": 6.885603198725221e-13, "faithfulness": 0.9999999999995818, "DeltaNOrbits": 9.541958069001104e-09}