{"SMBHMASS": 300000.0, "SecondaryMass": 10, "PROCAMASS": 9e-18, "p0": 20.1, "e0": 0.1, "BHSpin": 1, "Trajectory Exit Reason": "Separatrix reached!", "mismatch": 1.9879653478938053e-12, "faithfulness": 0.9999999999989818, "DeltaNOrbits": -6.818331202703701e-09}