{"SMBHMASS": 900000.0, "SecondaryMass": 10, "PROCAMASS": 7e-18, "p0": 11.523999999999997, "e0": 0.6, "BHSpin": 1, "Trajectory Exit Reason": "Separatrix reached!", "mismatch": 1.012312646597735e-06, "faithfulness": 0.9999980804473503, "DeltaNOrbits": 4.647697862652753e-05}