{"SMBHMASS": 700000.0, "SecondaryMass": 10, "PROCAMASS": 1e-17, "p0": 13.590000000000002, "e0": 0.4, "BHSpin": 1, "Trajectory Exit Reason": "Separatrix reached!", "mismatch": 8.376623285077933e-05, "faithfulness": 0.9998364100433637, "DeltaNOrbits": 0.00044374507291218616}