{"SMBHMASS": 100000.0, "SecondaryMass": 10, "PROCAMASS": 7e-17, "p0": 34.95, "e0": 0.2, "BHSpin": 1, "Trajectory Exit Reason": "Separatrix reached!", "mismatch": 0.20627951289125634, "faithfulness": 0.8271011197853936, "DeltaNOrbits": 0.021041815358216077}