{"SMBHMASS": 900000.0, "SecondaryMass": 10, "PROCAMASS": 8e-18, "p0": 11.830000000000002, "e0": 0.4, "BHSpin": 1, "Trajectory Exit Reason": "Separatrix reached!", "mismatch": 1.6550910237889127e-05, "faithfulness": 0.9999644972626817, "DeltaNOrbits": 0.00020858748130947292}