{"SMBHMASS": 800000.0, "SecondaryMass": 10, "PROCAMASS": 4e-18, "p0": 12.799999999999999, "e0": 0.3, "BHSpin": 1, "Trajectory Exit Reason": "Separatrix reached!", "mismatch": 2.44582132324922e-13, "faithfulness": 0.9999999999997872, "DeltaNOrbits": 3.946479745043175e-09}