{"SMBHMASS": 600000.0, "SecondaryMass": 10, "PROCAMASS": 5e-18, "p0": 14.339999999999998, "e0": 0.5, "BHSpin": 1, "Trajectory Exit Reason": "Separatrix reached!", "mismatch": 4.574118861455645e-14, "faithfulness": 0.9999999999999775, "DeltaNOrbits": 2.0751442790837353e-09}