{"SMBHMASS": 900000.0, "SecondaryMass": 10, "PROCAMASS": 4e-18, "p0": 11.899999999999999, "e0": 0.3, "BHSpin": 1, "Trajectory Exit Reason": "Separatrix reached!", "mismatch": 9.039435866498025e-13, "faithfulness": 0.9999999999990834, "DeltaNOrbits": 1.4118392327337555e-08}