{"SMBHMASS": 900000.0, "SecondaryMass": 10, "PROCAMASS": 7e-18, "p0": 11.999999999999998, "e0": 0.1, "BHSpin": 1, "Trajectory Exit Reason": "Separatrix reached!", "mismatch": 1.1377143618318541e-06, "faithfulness": 0.9999972052067259, "DeltaNOrbits": 5.748925979359211e-05}