{"SMBHMASS": 700000.0, "SecondaryMass": 10, "PROCAMASS": 4e-18, "p0": 13.479999999999999, "e0": 0.5, "BHSpin": 1, "Trajectory Exit Reason": "Separatrix reached!", "mismatch": 1.9539925233402755e-14, "faithfulness": 0.9999999999999936, "DeltaNOrbits": 1.1487405830642106e-09}