{"SMBHMASS": 700000.0, "SecondaryMass": 10, "PROCAMASS": 8e-18, "p0": 13.749999999999996, "e0": 0.2, "BHSpin": 1, "Trajectory Exit Reason": "Separatrix reached!", "mismatch": 1.687479309619988e-07, "faithfulness": 0.9999996404477048, "DeltaNOrbits": 2.160543877397599e-05}