{"SMBHMASS": 700000.0, "SecondaryMass": 10, "PROCAMASS": 9e-18, "p0": 13.590000000000002, "e0": 0.4, "BHSpin": 1, "Trajectory Exit Reason": "Separatrix reached!", "mismatch": 4.862998903565341e-07, "faithfulness": 0.9999990379359761, "DeltaNOrbits": 3.353208965304879e-05}