{"SMBHMASS": 1000000.0, "SecondaryMass": 10, "PROCAMASS": 5e-18, "p0": 11.05, "e0": 0.2, "BHSpin": 1, "Trajectory Exit Reason": "Separatrix reached!", "mismatch": 3.171801710166733e-10, "faithfulness": 0.9999999992824224, "DeltaNOrbits": 8.599064387192432e-07}