{"SMBHMASS": 400000.0, "SecondaryMass": 10, "PROCAMASS": 5e-17, "p0": 17.35, "e0": 0.2, "BHSpin": 1, "Trajectory Exit Reason": "Separatrix reached!", "mismatch": 0.9964579434101041, "faithfulness": 0.0008366642583145996, "DeltaNOrbits": 1035.9801502947907}