{"SMBHMASS": 40000000.0, "SecondaryMass": 10, "PROCAMASS": 6e-19, "p0": 4.795, "e0": 0.4, "BHSpin": 1, "Trajectory Exit Reason": "Integration reached time boundary. Boundary location t = 1281421.47", "mismatch": 0.9850510604835525, "faithfulness": 0.052313217941102955, "DeltaNOrbits": -52.433484195452735}