{"SMBHMASS": 100000.0, "SecondaryMass": 10, "PROCAMASS": 3e-17, "p0": 33.35, "e0": 0.6, "BHSpin": 1, "Trajectory Exit Reason": "Separatrix reached!", "mismatch": 6.625144877148159e-12, "faithfulness": 0.9999999999967457, "DeltaNOrbits": 5.4731930360833515e-08}