{"SMBHMASS": 300000.0, "SecondaryMass": 10, "PROCAMASS": 9e-17, "p0": 19.15, "e0": 0.6, "BHSpin": 1, "Trajectory Exit Reason": "Separatrix reached!", "mismatch": 0.9987347562185704, "faithfulness": 0.00029210006728782445, "DeltaNOrbits": 2173.087354738289}