{"SMBHMASS": 8000000.0, "SecondaryMass": 10, "PROCAMASS": 8e-19, "p0": 5.178, "e0": 0.1, "BHSpin": 1, "Trajectory Exit Reason": "Separatrix reached!", "mismatch": 1.4129730718792644e-10, "faithfulness": 0.9999999859751636, "DeltaNOrbits": -6.544745663195215e-06}