{"SMBHMASS": 900000.0, "SecondaryMass": 10, "PROCAMASS": 5e-18, "p0": 11.95, "e0": 0.2, "BHSpin": 1, "Trajectory Exit Reason": "Separatrix reached!", "mismatch": 2.3427260131825278e-11, "faithfulness": 0.9999999999516155, "DeltaNOrbits": 2.312859467482345e-07}