{"SMBHMASS": 40000000.0, "SecondaryMass": 10, "PROCAMASS": 6e-19, "p0": 4.795, "e0": 0.4, "BHSpin": 1, "Trajectory Exit Reason": "Integration reached time boundary. Boundary location t = 1281421.47", "mismatch": 0.9798506389621192, "faithfulness": 0.0928689079207684, "DeltaNOrbits": -28.136393050901297}