{"SMBHMASS": 400000.0, "SecondaryMass": 10, "PROCAMASS": 9e-18, "p0": 17.35, "e0": 0.2, "BHSpin": 1, "Trajectory Exit Reason": "Separatrix reached!", "mismatch": 1.9090284908429567e-12, "faithfulness": 0.999999999997996, "DeltaNOrbits": 4.915498011079598e-08}