{"SMBHMASS": 800000.0, "SecondaryMass": 10, "PROCAMASS": 8e-18, "p0": 12.899999999999999, "e0": 0.1, "BHSpin": 1, "Trajectory Exit Reason": "Separatrix reached!", "mismatch": 4.706724288094932e-07, "faithfulness": 0.9999988938698455, "DeltaNOrbits": 3.6269594046712565e-05}