{"SMBHMASS": 300000.0, "SecondaryMass": 10, "PROCAMASS": 9e-18, "p0": 19.6, "e0": 0.5, "BHSpin": 1, "Trajectory Exit Reason": "Separatrix reached!", "mismatch": 6.072919944699606e-14, "faithfulness": 0.9999999999999828, "DeltaNOrbits": 1.7045828006759252e-09}