{"SMBHMASS": 500000.0, "SecondaryMass": 10, "PROCAMASS": 2e-17, "p0": 15.6, "e0": 0.1, "BHSpin": 1, "Trajectory Exit Reason": "Separatrix reached!", "mismatch": 0.2604372722338407, "faithfulness": 0.5521068022121594, "DeltaNOrbits": 0.034055784902757597}