{"SMBHMASS": 800000.0, "SecondaryMass": 10, "PROCAMASS": 4e-18, "p0": 12.363, "e0": 0.6, "BHSpin": 1, "Trajectory Exit Reason": "Separatrix reached!", "mismatch": 4.163336342344337e-14, "faithfulness": 0.999999999999976, "DeltaNOrbits": 1.1024203982632343e-09}