{"SMBHMASS": 800000.0, "SecondaryMass": 10, "PROCAMASS": 9e-18, "p0": 12.106, "e0": 0.7, "BHSpin": 1, "Trajectory Exit Reason": "Separatrix reached!", "mismatch": 7.466120250099184e-05, "faithfulness": 0.9998719835059344, "DeltaNOrbits": 0.00033740333160665935}