{"SMBHMASS": 900000.0, "SecondaryMass": 10, "PROCAMASS": 9e-18, "p0": 11.899999999999999, "e0": 0.3, "BHSpin": 1, "Trajectory Exit Reason": "Separatrix reached!", "mismatch": 0.00039626129917891273, "faithfulness": 0.9991065801636392, "DeltaNOrbits": 0.0010256700198326653}