{"SMBHMASS": 500000.0, "SecondaryMass": 10, "PROCAMASS": 6e-18, "p0": 15.2, "e0": 0.5, "BHSpin": 1, "Trajectory Exit Reason": "Separatrix reached!", "mismatch": 3.375077994860476e-14, "faithfulness": 0.9999999999999849, "DeltaNOrbits": 1.9825039094817825e-09}