{"SMBHMASS": 100000.0, "SecondaryMass": 10, "PROCAMASS": 9e-17, "p0": 32.5, "e0": 0.7, "BHSpin": 1, "Trajectory Exit Reason": "Separatrix reached!", "mismatch": 0.8458059769827204, "faithfulness": 0.10151609297008181, "DeltaNOrbits": 0.313544027123125}