{"SMBHMASS": 1000000.0, "SecondaryMass": 10, "PROCAMASS": 3e-18, "p0": 10.47, "e0": 0.7, "BHSpin": 1, "Trajectory Exit Reason": "Separatrix reached!", "mismatch": 1.7763568394002505e-14, "faithfulness": 0.9999999999999937, "DeltaNOrbits": 2.964491827262479e-10}