{"SMBHMASS": 100000.0, "SecondaryMass": 10, "PROCAMASS": 7e-17, "p0": 35.1, "e0": 0.1, "BHSpin": 1, "Trajectory Exit Reason": "Separatrix reached!", "mismatch": 0.1515143190663475, "faithfulness": 0.8914942573432195, "DeltaNOrbits": -0.09668055611842015}