{"SMBHMASS": 1000000.0, "SecondaryMass": 10, "PROCAMASS": 8e-18, "p0": 10.685, "e0": 0.6, "BHSpin": 1, "Trajectory Exit Reason": "Separatrix reached!", "mismatch": 0.0004985483951388536, "faithfulness": 0.9990375257251694, "DeltaNOrbits": 0.0010975738710073232}