{"SMBHMASS": 700000.0, "SecondaryMass": 10, "PROCAMASS": 4e-18, "p0": 13.7, "e0": 0.3, "BHSpin": 1, "Trajectory Exit Reason": "Separatrix reached!", "mismatch": 4.1744385725905886e-14, "faithfulness": 0.999999999999965, "DeltaNOrbits": 9.81987917780696e-10}