{"SMBHMASS": 100000.0, "SecondaryMass": 10, "PROCAMASS": 6e-17, "p0": 34.5, "e0": 0.4, "BHSpin": 1, "Trajectory Exit Reason": "Separatrix reached!", "mismatch": 0.003020025933138104, "faithfulness": 0.9984780537314493, "DeltaNOrbits": 0.001443424077401993}