{"SMBHMASS": 500000.0, "SecondaryMass": 10, "PROCAMASS": 6e-18, "p0": 15.5, "e0": 0.3, "BHSpin": 1, "Trajectory Exit Reason": "Separatrix reached!", "mismatch": 2.6756374893466273e-14, "faithfulness": 0.9999999999999728, "DeltaNOrbits": 1.4822459136312395e-09}