{"SMBHMASS": 700000.0, "SecondaryMass": 10, "PROCAMASS": 7e-18, "p0": 13.749999999999996, "e0": 0.2, "BHSpin": 1, "Trajectory Exit Reason": "Separatrix reached!", "mismatch": 9.862997085718916e-10, "faithfulness": 0.9999999979263235, "DeltaNOrbits": 1.6156851020058918e-06}