{"SMBHMASS": 100000.0, "SecondaryMass": 10, "PROCAMASS": 8e-17, "p0": 34.5, "e0": 0.4, "BHSpin": 1, "Trajectory Exit Reason": "Separatrix reached!", "mismatch": 0.42695621541653694, "faithfulness": 0.5454386458400394, "DeltaNOrbits": 0.0500715320964067}