{"SMBHMASS": 20000000.0, "SecondaryMass": 10, "PROCAMASS": 3e-19, "p0": 4.83, "e0": 0.3, "BHSpin": 1, "Trajectory Exit Reason": "Integration reached time boundary. Boundary location t = 2562842.94", "mismatch": 2.4734436721018938e-11, "faithfulness": 0.9999999773445658, "DeltaNOrbits": -4.611081756567582e-07}