{"SMBHMASS": 700000.0, "SecondaryMass": 10, "PROCAMASS": 6e-18, "p0": 13.749999999999996, "e0": 0.2, "BHSpin": 1, "Trajectory Exit Reason": "Separatrix reached!", "mismatch": 2.221900441412572e-11, "faithfulness": 0.9999999999583352, "DeltaNOrbits": 2.205581919483284e-07}