{"SMBHMASS": 800000.0, "SecondaryMass": 10, "PROCAMASS": 3e-17, "p0": 12.71, "e0": 0.4, "BHSpin": 1, "Trajectory Exit Reason": "Separatrix reached!", "mismatch": 0.9979163158676191, "faithfulness": 0.0007445963788654767, "DeltaNOrbits": 1761.4449630806978}