{"SMBHMASS": 100000.0, "SecondaryMass": 10, "PROCAMASS": 4e-17, "p0": 34.2, "e0": 0.5, "BHSpin": 1, "Trajectory Exit Reason": "Separatrix reached!", "mismatch": 1.9700448161685813e-08, "faithfulness": 0.9999999898762086, "DeltaNOrbits": 3.344650847961051e-06}