{"SMBHMASS": 500000.0, "SecondaryMass": 10, "PROCAMASS": 8e-18, "p0": 15.5, "e0": 0.3, "BHSpin": 1, "Trajectory Exit Reason": "Separatrix reached!", "mismatch": 2.2208568317694244e-11, "faithfulness": 0.9999999999689612, "DeltaNOrbits": 2.1059008817915833e-07}