{"SMBHMASS": 700000.0, "SecondaryMass": 10, "PROCAMASS": 6e-17, "p0": 13.749999999999996, "e0": 0.2, "BHSpin": 1, "Trajectory Exit Reason": "Separatrix reached!", "mismatch": 0.9999873858495208, "faithfulness": -0.0005859537048575758, "DeltaNOrbits": 7348.07370663269}