{"SMBHMASS": 1000000.0, "SecondaryMass": 10, "PROCAMASS": 5e-18, "p0": 11.1, "e0": 0.1, "BHSpin": 1, "Trajectory Exit Reason": "Separatrix reached!", "mismatch": 3.990602293058032e-10, "faithfulness": 0.9999999990554438, "DeltaNOrbits": 1.038924688938056e-06}