{"SMBHMASS": 100000.0, "SecondaryMass": 10, "PROCAMASS": 3e-17, "p0": 34.95, "e0": 0.2, "BHSpin": 1, "Trajectory Exit Reason": "Separatrix reached!", "mismatch": 8.547051955076768e-12, "faithfulness": 0.999999999995922, "DeltaNOrbits": 8.041184081449474e-08}