{"SMBHMASS": 500000.0, "SecondaryMass": 10, "PROCAMASS": 1e-17, "p0": 15.6, "e0": 0.1, "BHSpin": 1, "Trajectory Exit Reason": "Separatrix reached!", "mismatch": 4.762345073849872e-09, "faithfulness": 0.9999999920396886, "DeltaNOrbits": 3.5392141521990714e-06}