{"SMBHMASS": 100000.0, "SecondaryMass": 10, "PROCAMASS": 6e-17, "p0": 34.95, "e0": 0.2, "BHSpin": 1, "Trajectory Exit Reason": "Separatrix reached!", "mismatch": 0.006623354037908924, "faithfulness": 0.9966893578037044, "DeltaNOrbits": 0.002324859878623695}