{"SMBHMASS": 400000.0, "SecondaryMass": 10, "PROCAMASS": 1e-17, "p0": 17.0, "e0": 0.5, "BHSpin": 1, "Trajectory Exit Reason": "Separatrix reached!", "mismatch": 2.8823721187620777e-11, "faithfulness": 0.9999999999645132, "DeltaNOrbits": 2.0314180246316135e-07}