{"SMBHMASS": 800000.0, "SecondaryMass": 10, "PROCAMASS": 4e-18, "p0": 12.899999999999999, "e0": 0.1, "BHSpin": 1, "Trajectory Exit Reason": "Separatrix reached!", "mismatch": 3.0309088572266774e-14, "faithfulness": 0.9999999999999628, "DeltaNOrbits": 6.855387350544482e-10}