{"SMBHMASS": 800000.0, "SecondaryMass": 10, "PROCAMASS": 7e-18, "p0": 12.849999999999998, "e0": 0.2, "BHSpin": 1, "Trajectory Exit Reason": "Separatrix reached!", "mismatch": 1.491504564299362e-08, "faithfulness": 0.9999999661087549, "DeltaNOrbits": 6.45338373069377e-06}