{"SMBHMASS": 700000.0, "SecondaryMass": 10, "PROCAMASS": 4e-18, "p0": 13.799999999999999, "e0": 0.1, "BHSpin": 1, "Trajectory Exit Reason": "Separatrix reached!", "mismatch": 1.4876988529977098e-14, "faithfulness": 0.9999999999999777, "DeltaNOrbits": 9.078756220991341e-10}