{"SMBHMASS": 500000.0, "SecondaryMass": 10, "PROCAMASS": 6e-18, "p0": 15.549999999999999, "e0": 0.2, "BHSpin": 1, "Trajectory Exit Reason": "Separatrix reached!", "mismatch": 2.120525977034049e-14, "faithfulness": 0.9999999999999795, "DeltaNOrbits": 1.7416389485167062e-09}