{"SMBHMASS": 90000000.0, "SecondaryMass": 10, "PROCAMASS": 2e-19, "p0": 4.795, "e0": 0.4, "BHSpin": 1, "Trajectory Exit Reason": "Integration reached time boundary. Boundary location t = 569520.65", "mismatch": 0.7190808019787667, "faithfulness": 0.8684438342921185, "DeltaNOrbits": -0.15023060931954035}