{"SMBHMASS": 700000.0, "SecondaryMass": 10, "PROCAMASS": 9e-18, "p0": 12.924, "e0": 0.7, "BHSpin": 1, "Trajectory Exit Reason": "Separatrix reached!", "mismatch": 5.235680695547806e-06, "faithfulness": 0.9999914821277165, "DeltaNOrbits": 8.603162797143622e-05}