{"SMBHMASS": 700000.0, "SecondaryMass": 10, "PROCAMASS": 8e-18, "p0": 13.749999999999996, "e0": 0.2, "BHSpin": 1, "Trajectory Exit Reason": "Separatrix reached!", "mismatch": 1.3504558937782463e-07, "faithfulness": 0.9999997126593274, "DeltaNOrbits": 1.9823649489273798e-05}