{"SMBHMASS": 9000000.0, "SecondaryMass": 10, "PROCAMASS": 8e-19, "p0": 5.004, "e0": 0.1, "BHSpin": 1, "Trajectory Exit Reason": "Separatrix reached!", "mismatch": 6.110492223321273e-09, "faithfulness": 0.9999998456588428, "DeltaNOrbits": -5.603077613476377e-05}