{"SMBHMASS": 800000.0, "SecondaryMass": 10, "PROCAMASS": 8e-18, "p0": 12.849999999999998, "e0": 0.2, "BHSpin": 1, "Trajectory Exit Reason": "Separatrix reached!", "mismatch": 6.414077177163691e-07, "faithfulness": 0.9999985370446464, "DeltaNOrbits": 4.234843276310564e-05}