{"SMBHMASS": 700000.0, "SecondaryMass": 10, "PROCAMASS": 7e-18, "p0": 13.479999999999999, "e0": 0.5, "BHSpin": 1, "Trajectory Exit Reason": "Separatrix reached!", "mismatch": 1.9916418514398515e-09, "faithfulness": 0.9999999963491397, "DeltaNOrbits": 2.1293388953008774e-06}