{"SMBHMASS": 50000000.0, "SecondaryMass": 10, "PROCAMASS": 6e-19, "p0": 4.83, "e0": 0.3, "BHSpin": 1, "Trajectory Exit Reason": "Integration reached time boundary. Boundary location t = 1025137.18", "mismatch": 0.989927313778691, "faithfulness": 0.10857279024703499, "DeltaNOrbits": -115.85707188723302}