{"SMBHMASS": 800000.0, "SecondaryMass": 10, "PROCAMASS": 7e-18, "p0": 12.71, "e0": 0.4, "BHSpin": 1, "Trajectory Exit Reason": "Separatrix reached!", "mismatch": 5.287949689236626e-08, "faithfulness": 0.9999998901516312, "DeltaNOrbits": 1.1411774232899072e-05}