{"SMBHMASS": 1000000.0, "SecondaryMass": 10, "PROCAMASS": 6e-18, "p0": 10.685, "e0": 0.6, "BHSpin": 1, "Trajectory Exit Reason": "Separatrix reached!", "mismatch": 8.107790472333676e-08, "faithfulness": 0.9999998452342544, "DeltaNOrbits": 1.3789315206437499e-05}