{"SMBHMASS": 200000.0, "SecondaryMass": 10, "PROCAMASS": 2e-17, "p0": 25.6, "e0": 0.7, "BHSpin": 1, "Trajectory Exit Reason": "Separatrix reached!", "mismatch": 1.7587569178800777e-09, "faithfulness": 0.9999999982917431, "DeltaNOrbits": 9.639230457083153e-07}