{"SMBHMASS": 40000000.0, "SecondaryMass": 10, "PROCAMASS": 1e-19, "p0": 4.76, "e0": 0.5, "BHSpin": 1, "Trajectory Exit Reason": "Integration reached time boundary. Boundary location t = 1281421.47", "mismatch": 5.88418203051333e-14, "faithfulness": 0.9999999932701101, "DeltaNOrbits": 1.3027551975274565e-09}