{"SMBHMASS": 3000000.0, "SecondaryMass": 10, "PROCAMASS": 2e-18, "p0": 6.97, "e0": 0.3, "BHSpin": 1, "Trajectory Exit Reason": "Separatrix reached!", "mismatch": 1.5725165614099978e-10, "faithfulness": 0.9999999995755122, "DeltaNOrbits": -8.763408402866295e-07}