{"SMBHMASS": 300000.0, "SecondaryMass": 10, "PROCAMASS": 3e-17, "p0": 19.15, "e0": 0.6, "BHSpin": 1, "Trajectory Exit Reason": "Separatrix reached!", "mismatch": 0.4531455849991498, "faithfulness": 0.41569564113642005, "DeltaNOrbits": 0.04004457113974548}