{"SMBHMASS": 1000000.0, "SecondaryMass": 10, "PROCAMASS": 5e-18, "p0": 10.9, "e0": 0.5, "BHSpin": 1, "Trajectory Exit Reason": "Separatrix reached!", "mismatch": 5.468407948683307e-10, "faithfulness": 0.9999999989057569, "DeltaNOrbits": 1.168222852791501e-06}