{"SMBHMASS": 400000.0, "SecondaryMass": 10, "PROCAMASS": 8e-18, "p0": 17.150000000000002, "e0": 0.4, "BHSpin": 1, "Trajectory Exit Reason": "Separatrix reached!", "mismatch": 4.4064751847372463e-13, "faithfulness": 0.9999999999997018, "DeltaNOrbits": 1.0616586356383751e-08}