{"SMBHMASS": 900000.0, "SecondaryMass": 10, "PROCAMASS": 3e-18, "p0": 11.830000000000002, "e0": 0.4, "BHSpin": 1, "Trajectory Exit Reason": "Separatrix reached!", "mismatch": 5.662137425588298e-15, "faithfulness": 0.9999999999999972, "DeltaNOrbits": -2.964491827262479e-10}