{"SMBHMASS": 300000.0, "SecondaryMass": 10, "PROCAMASS": 2e-17, "p0": 18.7, "e0": 0.7, "BHSpin": 1, "Trajectory Exit Reason": "Separatrix reached!", "mismatch": 1.0745368509867959e-05, "faithfulness": 0.9999881970586865, "DeltaNOrbits": 9.572064336314347e-05}