{"SMBHMASS": 100000.0, "SecondaryMass": 10, "PROCAMASS": 6e-17, "p0": 32.5, "e0": 0.7, "BHSpin": 1, "Trajectory Exit Reason": "Separatrix reached!", "mismatch": 0.0013805959321668837, "faithfulness": 0.9993170094522429, "DeltaNOrbits": 0.000705887192237517}