{"SMBHMASS": 500000.0, "SecondaryMass": 10, "PROCAMASS": 8e-17, "p0": 15.2, "e0": 0.5, "BHSpin": 1, "Trajectory Exit Reason": "Separatrix reached!", "mismatch": 0.9975130344814844, "faithfulness": 0.0008254550507146508, "DeltaNOrbits": 499.43138535945184}