{"SMBHMASS": 700000.0, "SecondaryMass": 10, "PROCAMASS": 7e-18, "p0": 12.924, "e0": 0.7, "BHSpin": 1, "Trajectory Exit Reason": "Separatrix reached!", "mismatch": 6.300936550296399e-09, "faithfulness": 0.999999989825237, "DeltaNOrbits": 3.053222773267229e-06}