{"SMBHMASS": 900000.0, "SecondaryMass": 10, "PROCAMASS": 6e-18, "p0": 11.999999999999998, "e0": 0.1, "BHSpin": 1, "Trajectory Exit Reason": "Separatrix reached!", "mismatch": 1.0921823889731286e-08, "faithfulness": 0.9999999734347572, "DeltaNOrbits": 5.532279063815476e-06}