{"SMBHMASS": 400000.0, "SecondaryMass": 10, "PROCAMASS": 2e-17, "p0": 17.35, "e0": 0.2, "BHSpin": 1, "Trajectory Exit Reason": "Separatrix reached!", "mismatch": 0.021481491070291625, "faithfulness": 0.9688914655391453, "DeltaNOrbits": 0.007176860216402279}