{"SMBHMASS": 700000.0, "SecondaryMass": 10, "PROCAMASS": 7e-18, "p0": 13.749999999999996, "e0": 0.2, "BHSpin": 1, "Trajectory Exit Reason": "Separatrix reached!", "mismatch": 5.231927113769075e-10, "faithfulness": 0.9999999988999265, "DeltaNOrbits": 1.1812017685727347e-06}