{"SMBHMASS": 6000000.0, "SecondaryMass": 10, "PROCAMASS": 8e-19, "p0": 5.465999999999999, "e0": 0.2, "BHSpin": 1, "Trajectory Exit Reason": "Separatrix reached!", "mismatch": 5.915268275202834e-13, "faithfulness": 0.9999999999052314, "DeltaNOrbits": -1.0790287049387413e-07}