{"SMBHMASS": 800000.0, "SecondaryMass": 10, "PROCAMASS": 9e-18, "p0": 12.363, "e0": 0.6, "BHSpin": 1, "Trajectory Exit Reason": "Separatrix reached!", "mismatch": 5.8624962678166526e-05, "faithfulness": 0.9998924744111615, "DeltaNOrbits": 0.0003409599528843066}