{"SMBHMASS": 300000.0, "SecondaryMass": 10, "PROCAMASS": 9e-17, "p0": 20.05, "e0": 0.2, "BHSpin": 1, "Trajectory Exit Reason": "Separatrix reached!", "mismatch": 0.9991193542398433, "faithfulness": 0.0006187925778690273, "DeltaNOrbits": 14533.395051838585}