{"SMBHMASS": 100000.0, "SecondaryMass": 10, "PROCAMASS": 5e-17, "p0": 35.1, "e0": 0.1, "BHSpin": 1, "Trajectory Exit Reason": "Separatrix reached!", "mismatch": 5.58277787265915e-06, "faithfulness": 0.9999974360880461, "DeltaNOrbits": 6.975130586677181e-05}