{"SMBHMASS": 800000.0, "SecondaryMass": 10, "PROCAMASS": 8e-18, "p0": 12.799999999999999, "e0": 0.3, "BHSpin": 1, "Trajectory Exit Reason": "Separatrix reached!", "mismatch": 9.857913683131159e-07, "faithfulness": 0.999997840478797, "DeltaNOrbits": 5.05123653342777e-05}