{"SMBHMASS": 600000.0, "SecondaryMass": 10, "PROCAMASS": 1e-17, "p0": 14.041, "e0": 0.6, "BHSpin": 1, "Trajectory Exit Reason": "Separatrix reached!", "mismatch": 6.294751700997026e-07, "faithfulness": 0.9999989893906626, "DeltaNOrbits": 3.300313167069556e-05}