{"SMBHMASS": 5000000.0, "SecondaryMass": 10, "PROCAMASS": 4e-18, "p0": 5.625, "e0": 0.2, "BHSpin": 1, "Trajectory Exit Reason": "Separatrix reached!", "mismatch": 1.0667042093812085, "faithfulness": -0.04972675970211229, "DeltaNOrbits": -12.499437733106038}