{"SMBHMASS": 200000.0, "SecondaryMass": 10, "PROCAMASS": 3e-17, "p0": 26.250000000000004, "e0": 0.6, "BHSpin": 1, "Trajectory Exit Reason": "Separatrix reached!", "mismatch": 0.00028743651364027123, "faithfulness": 0.9997203424741815, "DeltaNOrbits": 0.0004313884780777907}