{"SMBHMASS": 400000.0, "SecondaryMass": 10, "PROCAMASS": 7e-17, "p0": 17.35, "e0": 0.2, "BHSpin": 1, "Trajectory Exit Reason": "Separatrix reached!", "mismatch": 0.999326160346361, "faithfulness": -5.1193731870638755e-05, "DeltaNOrbits": 9559.800872841659}