{"SMBHMASS": 600000.0, "SecondaryMass": 10, "PROCAMASS": 6e-18, "p0": 14.339999999999998, "e0": 0.5, "BHSpin": 1, "Trajectory Exit Reason": "Separatrix reached!", "mismatch": 7.66275931596283e-13, "faithfulness": 0.9999999999992183, "DeltaNOrbits": 2.480909097940287e-08}