{"SMBHMASS": 600000.0, "SecondaryMass": 10, "PROCAMASS": 9e-18, "p0": 14.339999999999998, "e0": 0.5, "BHSpin": 1, "Trajectory Exit Reason": "Separatrix reached!", "mismatch": 2.9313763971750006e-08, "faithfulness": 0.9999999501445266, "DeltaNOrbits": 7.90861571254908e-06}