{"SMBHMASS": 700000.0, "SecondaryMass": 10, "PROCAMASS": 9e-18, "p0": 13.479999999999999, "e0": 0.5, "BHSpin": 1, "Trajectory Exit Reason": "Separatrix reached!", "mismatch": 1.4963901523445955e-06, "faithfulness": 0.9999972114626402, "DeltaNOrbits": 5.623898536544415e-05}