{"SMBHMASS": 400000.0, "SecondaryMass": 10, "PROCAMASS": 9e-18, "p0": 16.625, "e0": 0.6, "BHSpin": 1, "Trajectory Exit Reason": "Separatrix reached!", "mismatch": 3.3036906543770783e-12, "faithfulness": 0.9999999999967031, "DeltaNOrbits": 5.6028895535260846e-08}