{"SMBHMASS": 600000.0, "SecondaryMass": 10, "PROCAMASS": 9e-18, "p0": 14.599999999999998, "e0": 0.3, "BHSpin": 1, "Trajectory Exit Reason": "Separatrix reached!", "mismatch": 3.256505720639069e-08, "faithfulness": 0.9999999393276655, "DeltaNOrbits": 8.659465908172905e-06}