{"SMBHMASS": 1000000.0, "SecondaryMass": 10, "PROCAMASS": 7e-18, "p0": 11.0, "e0": 0.3, "BHSpin": 1, "Trajectory Exit Reason": "Separatrix reached!", "mismatch": 2.4517202655838233e-06, "faithfulness": 0.9999944724777424, "DeltaNOrbits": 8.483942052695478e-05}