{"SMBHMASS": 500000.0, "SecondaryMass": 10, "PROCAMASS": 8e-18, "p0": 15.549999999999999, "e0": 0.2, "BHSpin": 1, "Trajectory Exit Reason": "Separatrix reached!", "mismatch": 7.825629033675341e-12, "faithfulness": 0.9999999999892638, "DeltaNOrbits": 1.277881258289332e-07}