{"SMBHMASS": 100000.0, "SecondaryMass": 10, "PROCAMASS": 4e-17, "p0": 34.95, "e0": 0.2, "BHSpin": 1, "Trajectory Exit Reason": "Separatrix reached!", "mismatch": 2.5757831090267302e-08, "faithfulness": 0.9999999870829243, "DeltaNOrbits": 4.502655467985456e-06}