{"SMBHMASS": 600000.0, "SecondaryMass": 10, "PROCAMASS": 5e-18, "p0": 14.7, "e0": 0.1, "BHSpin": 1, "Trajectory Exit Reason": "Separatrix reached!", "mismatch": 1.0302869668521453e-13, "faithfulness": 0.999999999999947, "DeltaNOrbits": 1.5934143571535823e-09}