{"SMBHMASS": 4000000.0, "SecondaryMass": 10, "PROCAMASS": 9e-19, "p0": 6.305, "e0": 0.2, "BHSpin": 1, "Trajectory Exit Reason": "Separatrix reached!", "mismatch": 6.661338147750939e-15, "faithfulness": 0.9999999999999086, "DeltaNOrbits": -1.167268656984601e-09}