{"SMBHMASS": 500000.0, "SecondaryMass": 10, "PROCAMASS": 8e-18, "p0": 15.2, "e0": 0.5, "BHSpin": 1, "Trajectory Exit Reason": "Separatrix reached!", "mismatch": 9.201861495000685e-12, "faithfulness": 0.9999999999883623, "DeltaNOrbits": 1.2515713933223778e-07}