{"SMBHMASS": 100000.0, "SecondaryMass": 10, "PROCAMASS": 6e-17, "p0": 34.5, "e0": 0.4, "BHSpin": 1, "Trajectory Exit Reason": "Separatrix reached!", "mismatch": 0.0020016556705253485, "faithfulness": 0.9989832415568254, "DeltaNOrbits": 0.0011540809298102846}