{"SMBHMASS": 600000.0, "SecondaryMass": 10, "PROCAMASS": 6e-18, "p0": 14.599999999999998, "e0": 0.3, "BHSpin": 1, "Trajectory Exit Reason": "Separatrix reached!", "mismatch": 1.6729950758076484e-12, "faithfulness": 0.9999999999979716, "DeltaNOrbits": 4.30777718649079e-08}