{"SMBHMASS": 700000.0, "SecondaryMass": 10, "PROCAMASS": 1e-17, "p0": 12.924, "e0": 0.7, "BHSpin": 1, "Trajectory Exit Reason": "Separatrix reached!", "mismatch": 1.5135456398529534e-05, "faithfulness": 0.9999750886267808, "DeltaNOrbits": 0.00014600245460959278}