{"SMBHMASS": 100000.0, "SecondaryMass": 10, "PROCAMASS": 8e-17, "p0": 33.35, "e0": 0.6, "BHSpin": 1, "Trajectory Exit Reason": "Separatrix reached!", "mismatch": 0.6681567196205425, "faithfulness": 0.2556307780960747, "DeltaNOrbits": 0.10018207177298369}