{"SMBHMASS": 400000.0, "SecondaryMass": 10, "PROCAMASS": 8e-18, "p0": 17.35, "e0": 0.2, "BHSpin": 1, "Trajectory Exit Reason": "Separatrix reached!", "mismatch": 1.5498713423767185e-13, "faithfulness": 0.9999999999998951, "DeltaNOrbits": 7.485341863837758e-09}