{"SMBHMASS": 40000000.0, "SecondaryMass": 10, "PROCAMASS": 9e-19, "p0": 4.46, "e0": 0.7, "BHSpin": 1, "Trajectory Exit Reason": "Integration reached time boundary. Boundary location t = 1281421.47", "mismatch": 0.9975519708274331, "faithfulness": 0.043738107420509355, "DeltaNOrbits": -1257.2370543044588}