{"SMBHMASS": 1000000.0, "SecondaryMass": 10, "PROCAMASS": 4e-18, "p0": 10.47, "e0": 0.7, "BHSpin": 1, "Trajectory Exit Reason": "Separatrix reached!", "mismatch": 3.2380764736217316e-12, "faithfulness": 0.9999999999960586, "DeltaNOrbits": 5.415756006930141e-08}