{"SMBHMASS": 600000.0, "SecondaryMass": 10, "PROCAMASS": 8e-18, "p0": 13.741999999999999, "e0": 0.7, "BHSpin": 1, "Trajectory Exit Reason": "Separatrix reached!", "mismatch": 1.8513363064798227e-09, "faithfulness": 0.9999999972335302, "DeltaNOrbits": 1.548317025231352e-06}