{"SMBHMASS": 700000.0, "SecondaryMass": 10, "PROCAMASS": 9e-18, "p0": 13.202, "e0": 0.6, "BHSpin": 1, "Trajectory Exit Reason": "Separatrix reached!", "mismatch": 1.9947941352072007e-06, "faithfulness": 0.9999965354105864, "DeltaNOrbits": 6.055687888029548e-05}