{"SMBHMASS": 700000.0, "SecondaryMass": 10, "PROCAMASS": 9e-18, "p0": 13.7, "e0": 0.3, "BHSpin": 1, "Trajectory Exit Reason": "Separatrix reached!", "mismatch": 6.365653806295057e-07, "faithfulness": 0.9999986975930072, "DeltaNOrbits": 4.330755703766858e-05}