{"SMBHMASS": 500000.0, "SecondaryMass": 10, "PROCAMASS": 8e-18, "p0": 15.350000000000001, "e0": 0.4, "BHSpin": 1, "Trajectory Exit Reason": "Separatrix reached!", "mismatch": 3.851141627819743e-12, "faithfulness": 0.999999999995186, "DeltaNOrbits": 8.041184081449474e-08}