{"SMBHMASS": 500000.0, "SecondaryMass": 10, "PROCAMASS": 2e-17, "p0": 15.2, "e0": 0.5, "BHSpin": 1, "Trajectory Exit Reason": "Separatrix reached!", "mismatch": 0.24767371907522806, "faithfulness": 0.6199720034633093, "DeltaNOrbits": 0.02850715592539181}