{"SMBHMASS": 900000.0, "SecondaryMass": 10, "PROCAMASS": 8e-18, "p0": 11.759999999999998, "e0": 0.5, "BHSpin": 1, "Trajectory Exit Reason": "Separatrix reached!", "mismatch": 1.5111192604222445e-05, "faithfulness": 0.9999692942910894, "DeltaNOrbits": 0.00018829801751376658}