{"SMBHMASS": 300000.0, "SecondaryMass": 10, "PROCAMASS": 1e-17, "p0": 18.7, "e0": 0.7, "BHSpin": 1, "Trajectory Exit Reason": "Separatrix reached!", "mismatch": 3.071987109137808e-13, "faithfulness": 0.9999999999998025, "DeltaNOrbits": 9.04170007315056e-09}