{"SMBHMASS": 800000.0, "SecondaryMass": 10, "PROCAMASS": 9e-18, "p0": 12.71, "e0": 0.4, "BHSpin": 1, "Trajectory Exit Reason": "Separatrix reached!", "mismatch": 9.90303542826032e-05, "faithfulness": 0.9997935602280724, "DeltaNOrbits": 0.0004993367614871475}