{"SMBHMASS": 100000.0, "SecondaryMass": 10, "PROCAMASS": 4e-16, "p0": 34.8, "e0": 0.3, "BHSpin": 1, "Trajectory Exit Reason": "Separatrix reached!", "mismatch": 0.9997136642179779, "faithfulness": 0.0003642800730657923, "DeltaNOrbits": 34906.170881475984}