{"SMBHMASS": 700000.0, "SecondaryMass": 10, "PROCAMASS": 4e-18, "p0": 13.202, "e0": 0.6, "BHSpin": 1, "Trajectory Exit Reason": "Separatrix reached!", "mismatch": -8.881784197001252e-15, "faithfulness": 0.9999999999999938, "DeltaNOrbits": 4.446737740893718e-10}