{"SMBHMASS": 50000000.0, "SecondaryMass": 10, "PROCAMASS": 8e-19, "p0": 4.76, "e0": 0.5, "BHSpin": 1, "Trajectory Exit Reason": "Integration reached time boundary. Boundary location t = 1025137.18", "mismatch": 0.9954699335988949, "faithfulness": 0.17540475497837243, "DeltaNOrbits": -1970.0459688091344}