{"SMBHMASS": 900000.0, "SecondaryMass": 10, "PROCAMASS": 9e-18, "p0": 11.523999999999997, "e0": 0.6, "BHSpin": 1, "Trajectory Exit Reason": "Separatrix reached!", "mismatch": 0.00026663351377953504, "faithfulness": 0.9994995323769307, "DeltaNOrbits": 0.0008478619214979258}