{"SMBHMASS": 100000.0, "SecondaryMass": 10, "PROCAMASS": 7e-17, "p0": 33.35, "e0": 0.6, "BHSpin": 1, "Trajectory Exit Reason": "Separatrix reached!", "mismatch": 0.15326403086103546, "faithfulness": 0.8999864149994806, "DeltaNOrbits": 0.011045457814147532}