{"SMBHMASS": 500000.0, "SecondaryMass": 10, "PROCAMASS": 9e-18, "p0": 15.5, "e0": 0.3, "BHSpin": 1, "Trajectory Exit Reason": "Separatrix reached!", "mismatch": 3.1536995237502197e-10, "faithfulness": 0.999999999505957, "DeltaNOrbits": 8.830109468979701e-07}