{"SMBHMASS": 600000.0, "SecondaryMass": 10, "PROCAMASS": 8e-18, "p0": 14.041, "e0": 0.6, "BHSpin": 1, "Trajectory Exit Reason": "Separatrix reached!", "mismatch": 3.525672420678916e-09, "faithfulness": 0.9999999944572682, "DeltaNOrbits": 2.4637150453421645e-06}