{"SMBHMASS": 100000.0, "SecondaryMass": 10, "PROCAMASS": 3e-17, "p0": 34.5, "e0": 0.4, "BHSpin": 1, "Trajectory Exit Reason": "Separatrix reached!", "mismatch": 3.74245079370894e-12, "faithfulness": 0.9999999999982021, "DeltaNOrbits": 3.8316056867367537e-08}