{"SMBHMASS": 1000000.0, "SecondaryMass": 10, "PROCAMASS": 7e-18, "p0": 10.9, "e0": 0.5, "BHSpin": 1, "Trajectory Exit Reason": "Separatrix reached!", "mismatch": 7.361809906347716e-06, "faithfulness": 0.9999847980928172, "DeltaNOrbits": 0.0001385853794341147}