{"SMBHMASS": 600000.0, "SecondaryMass": 10, "PROCAMASS": 8e-18, "p0": 14.469999999999999, "e0": 0.4, "BHSpin": 1, "Trajectory Exit Reason": "Separatrix reached!", "mismatch": 5.234209732307704e-10, "faithfulness": 0.9999999990770827, "DeltaNOrbits": 1.1055516427557804e-06}