{"SMBHMASS": 900000.0, "SecondaryMass": 10, "PROCAMASS": 6e-18, "p0": 11.899999999999999, "e0": 0.3, "BHSpin": 1, "Trajectory Exit Reason": "Separatrix reached!", "mismatch": 1.1308844194424239e-08, "faithfulness": 0.9999999744599268, "DeltaNOrbits": 5.630700192480591e-06}