{"SMBHMASS": 100000.0, "SecondaryMass": 10, "PROCAMASS": 4e-17, "p0": 32.5, "e0": 0.7, "BHSpin": 1, "Trajectory Exit Reason": "Separatrix reached!", "mismatch": 2.2213128336723287e-08, "faithfulness": 0.999999988471227, "DeltaNOrbits": 2.769984107246219e-06}