{"SMBHMASS": 100000.0, "SecondaryMass": 10, "PROCAMASS": 7e-17, "p0": 35.1, "e0": 0.1, "BHSpin": 1, "Trajectory Exit Reason": "Separatrix reached!", "mismatch": 0.2043605764435671, "faithfulness": 0.8273668765485775, "DeltaNOrbits": 0.021555511099070418}