{"SMBHMASS": 100000.0, "SecondaryMass": 10, "PROCAMASS": 4e-17, "p0": 34.8, "e0": 0.3, "BHSpin": 1, "Trajectory Exit Reason": "Separatrix reached!", "mismatch": 4.472031578384161e-08, "faithfulness": 0.9999999778432602, "DeltaNOrbits": 5.806550142059017e-06}