{"SMBHMASS": 1000000.0, "SecondaryMass": 10, "PROCAMASS": 8e-18, "p0": 11.05, "e0": 0.2, "BHSpin": 1, "Trajectory Exit Reason": "Separatrix reached!", "mismatch": 3.137212797221789e-05, "faithfulness": 0.9999283652019741, "DeltaNOrbits": 0.0003628644625634686}