{"SMBHMASS": 400000.0, "SecondaryMass": 10, "PROCAMASS": 9e-18, "p0": 17.150000000000002, "e0": 0.4, "BHSpin": 1, "Trajectory Exit Reason": "Separatrix reached!", "mismatch": 4.23938661953116e-12, "faithfulness": 0.9999999999954695, "DeltaNOrbits": 7.357498153787064e-08}