{"SMBHMASS": 600000.0, "SecondaryMass": 10, "PROCAMASS": 6e-18, "p0": 14.599999999999998, "e0": 0.3, "BHSpin": 1, "Trajectory Exit Reason": "Separatrix reached!", "mismatch": 3.909095269705176e-13, "faithfulness": 0.9999999999995577, "DeltaNOrbits": 1.8731882733514787e-08}