{"SMBHMASS": 800000.0, "SecondaryMass": 10, "PROCAMASS": 4e-18, "p0": 12.106, "e0": 0.7, "BHSpin": 1, "Trajectory Exit Reason": "Separatrix reached!", "mismatch": 2.4646951146678475e-13, "faithfulness": 0.999999999999829, "DeltaNOrbits": 4.984051884585043e-09}