{"SMBHMASS": 400000.0, "SecondaryMass": 10, "PROCAMASS": 7e-18, "p0": 17.3, "e0": 0.3, "BHSpin": 1, "Trajectory Exit Reason": "Separatrix reached!", "mismatch": 2.1438406605511773e-13, "faithfulness": 0.9999999999998823, "DeltaNOrbits": 6.670106611340577e-10}