{"SMBHMASS": 500000.0, "SecondaryMass": 10, "PROCAMASS": 7e-18, "p0": 15.2, "e0": 0.5, "BHSpin": 1, "Trajectory Exit Reason": "Separatrix reached!", "mismatch": 5.915268275202834e-13, "faithfulness": 0.9999999999994833, "DeltaNOrbits": 2.0640274347315007e-08}