{"SMBHMASS": 600000.0, "SecondaryMass": 10, "PROCAMASS": 4e-17, "p0": 14.041, "e0": 0.6, "BHSpin": 1, "Trajectory Exit Reason": "Separatrix reached!", "mismatch": 0.9989640189980453, "faithfulness": -1.3464822378508508e-05, "DeltaNOrbits": 3735.01142662278}