{"SMBHMASS": 400000.0, "SecondaryMass": 10, "PROCAMASS": 1e-17, "p0": 17.3, "e0": 0.3, "BHSpin": 1, "Trajectory Exit Reason": "Separatrix reached!", "mismatch": 2.459554782063833e-11, "faithfulness": 0.99999999996794, "DeltaNOrbits": 2.1079389699228263e-07}