{"SMBHMASS": 200000.0, "SecondaryMass": 10, "PROCAMASS": 9e-17, "p0": 27.4, "e0": 0.3, "BHSpin": 1, "Trajectory Exit Reason": "Separatrix reached!", "mismatch": 0.99728588134868, "faithfulness": 0.0007606028306764412, "DeltaNOrbits": 2064.3913471462606}