{"SMBHMASS": 600000.0, "SecondaryMass": 10, "PROCAMASS": 2e-17, "p0": 14.7, "e0": 0.1, "BHSpin": 1, "Trajectory Exit Reason": "Separatrix reached!", "mismatch": 0.8152509673845463, "faithfulness": 0.008827331843300854, "DeltaNOrbits": 0.3805125462244366}