{"SMBHMASS": 7000000.0, "SecondaryMass": 10, "PROCAMASS": 9e-19, "p0": 5.307, "e0": 0.2, "BHSpin": 1, "Trajectory Exit Reason": "Separatrix reached!", "mismatch": 1.427445939228278e-10, "faithfulness": 0.9999999893009263, "DeltaNOrbits": -6.850444986826218e-06}