{"SMBHMASS": 600000.0, "SecondaryMass": 10, "PROCAMASS": 5e-18, "p0": 14.649999999999997, "e0": 0.2, "BHSpin": 1, "Trajectory Exit Reason": "Separatrix reached!", "mismatch": 5.642153411145046e-13, "faithfulness": 0.9999999999995982, "DeltaNOrbits": -9.81987917780696e-10}