{"SMBHMASS": 100000.0, "SecondaryMass": 10, "PROCAMASS": 7e-17, "p0": 34.8, "e0": 0.3, "BHSpin": 1, "Trajectory Exit Reason": "Separatrix reached!", "mismatch": 0.06680240496019574, "faithfulness": 0.9638991594544442, "DeltaNOrbits": 0.008096552599374064}