{"SMBHMASS": 900000.0, "SecondaryMass": 10, "PROCAMASS": 3e-18, "p0": 11.523999999999997, "e0": 0.6, "BHSpin": 1, "Trajectory Exit Reason": "Separatrix reached!", "mismatch": 3.1403768474547178e-12, "faithfulness": 0.9999999999977677, "DeltaNOrbits": 1.2033984011293625e-08}