{"SMBHMASS": 300000.0, "SecondaryMass": 10, "PROCAMASS": 3e-17, "p0": 20.0, "e0": 0.3, "BHSpin": 1, "Trajectory Exit Reason": "Separatrix reached!", "mismatch": 0.3880346840840293, "faithfulness": 0.45678275609639646, "DeltaNOrbits": 0.04766966294657554}