{"SMBHMASS": 100000.0, "SecondaryMass": 10, "PROCAMASS": 3e-17, "p0": 33.35, "e0": 0.6, "BHSpin": 1, "Trajectory Exit Reason": "Separatrix reached!", "mismatch": 5.540568004391844e-12, "faithfulness": 0.9999999999972489, "DeltaNOrbits": 4.674633050114521e-08}