{"SMBHMASS": 600000.0, "SecondaryMass": 10, "PROCAMASS": 5e-18, "p0": 14.339999999999998, "e0": 0.5, "BHSpin": 1, "Trajectory Exit Reason": "Separatrix reached!", "mismatch": 1.2578826869003024e-13, "faithfulness": 0.9999999999998992, "DeltaNOrbits": 2.556874201013888e-09}