{"SMBHMASS": 100000.0, "SecondaryMass": 10, "PROCAMASS": 2e-16, "p0": 32.5, "e0": 0.7, "BHSpin": 1, "Trajectory Exit Reason": "Separatrix reached!", "mismatch": 0.9987353621049878, "faithfulness": 0.0010053641140643254, "DeltaNOrbits": 9228.673545848947}