{"SMBHMASS": 600000.0, "SecondaryMass": 10, "PROCAMASS": 8e-18, "p0": 14.7, "e0": 0.1, "BHSpin": 1, "Trajectory Exit Reason": "Separatrix reached!", "mismatch": 2.275186927747086e-09, "faithfulness": 0.9999999955998756, "DeltaNOrbits": 2.4367566977879965e-06}