{"SMBHMASS": 700000.0, "SecondaryMass": 10, "PROCAMASS": 9e-18, "p0": 13.590000000000002, "e0": 0.4, "BHSpin": 1, "Trajectory Exit Reason": "Separatrix reached!", "mismatch": 2.126136392499589e-06, "faithfulness": 0.9999958388900768, "DeltaNOrbits": 7.011595688959903e-05}