{"SMBHMASS": 400000.0, "SecondaryMass": 10, "PROCAMASS": 8e-18, "p0": 16.625, "e0": 0.6, "BHSpin": 1, "Trajectory Exit Reason": "Separatrix reached!", "mismatch": 8.315570454442422e-14, "faithfulness": 0.9999999999999443, "DeltaNOrbits": 4.780243071460747e-09}