{"SMBHMASS": 40000000.0, "SecondaryMass": 10, "PROCAMASS": 1e-19, "p0": 4.83, "e0": 0.2, "BHSpin": 1, "Trajectory Exit Reason": "Integration reached time boundary. Boundary location t = 1281421.47", "mismatch": 2.8976820942716586e-14, "faithfulness": 0.9999999901092514, "DeltaNOrbits": 7.318589198554245e-10}