{"SMBHMASS": 500000.0, "SecondaryMass": 10, "PROCAMASS": 1e-17, "p0": 15.2, "e0": 0.5, "BHSpin": 1, "Trajectory Exit Reason": "Separatrix reached!", "mismatch": 1.7029319954176003e-08, "faithfulness": 0.9999999748858857, "DeltaNOrbits": 5.884293940228975e-06}