{"SMBHMASS": 100000.0, "SecondaryMass": 10, "PROCAMASS": 5e-17, "p0": 32.5, "e0": 0.7, "BHSpin": 1, "Trajectory Exit Reason": "Separatrix reached!", "mismatch": 1.601017780161751e-05, "faithfulness": 0.9999916805052075, "DeltaNOrbits": 7.405233883435558e-05}