{"SMBHMASS": 800000.0, "SecondaryMass": 10, "PROCAMASS": 5e-18, "p0": 12.106, "e0": 0.7, "BHSpin": 1, "Trajectory Exit Reason": "Separatrix reached!", "mismatch": 2.265410081747632e-12, "faithfulness": 0.9999999999972414, "DeltaNOrbits": 4.071544244005811e-08}