{"SMBHMASS": 800000.0, "SecondaryMass": 10, "PROCAMASS": 7e-18, "p0": 12.899999999999999, "e0": 0.1, "BHSpin": 1, "Trajectory Exit Reason": "Separatrix reached!", "mismatch": 4.7326174645867525e-08, "faithfulness": 0.9999998891082947, "DeltaNOrbits": 1.1945605098693362e-05}