{"SMBHMASS": 90000000.0, "SecondaryMass": 10, "PROCAMASS": 1e-19, "p0": 4.83, "e0": 0.1, "BHSpin": 1, "Trajectory Exit Reason": "Integration reached time boundary. Boundary location t = 569520.65", "mismatch": 4.954597077055922e-08, "faithfulness": 0.9989736577490794, "DeltaNOrbits": -2.700499892829047e-05}