{"SMBHMASS": 30000000.0, "SecondaryMass": 10, "PROCAMASS": 7e-19, "p0": 4.609999999999999, "e0": 0.6, "BHSpin": 1, "Trajectory Exit Reason": "Integration reached time boundary. Boundary location t = 1708561.96", "mismatch": 0.9111389352119306, "faithfulness": 0.06812179304215538, "DeltaNOrbits": 1.0933421186537844}