{"SMBHMASS": 600000.0, "SecondaryMass": 10, "PROCAMASS": 8e-18, "p0": 14.339999999999998, "e0": 0.5, "BHSpin": 1, "Trajectory Exit Reason": "Separatrix reached!", "mismatch": 3.3957990863697773e-09, "faithfulness": 0.999999994338663, "DeltaNOrbits": 2.6352294256232194e-06}