{"SMBHMASS": 70000000.0, "SecondaryMass": 10, "PROCAMASS": 1e-19, "p0": 4.83, "e0": 0.1, "BHSpin": 1, "Trajectory Exit Reason": "Integration reached time boundary. Boundary location t = 732240.84", "mismatch": 8.195044642889115e-11, "faithfulness": 0.9999755224799565, "DeltaNOrbits": -1.0156864312257164e-06}