{"SMBHMASS": 500000.0, "SecondaryMass": 10, "PROCAMASS": 9e-18, "p0": 15.350000000000001, "e0": 0.4, "BHSpin": 1, "Trajectory Exit Reason": "Separatrix reached!", "mismatch": 7.999910733857973e-10, "faithfulness": 0.999999998796178, "DeltaNOrbits": 1.334521580263966e-06}