{"SMBHMASS": 1000000.0, "SecondaryMass": 10, "PROCAMASS": 1e-17, "p0": 11.0, "e0": 0.3, "BHSpin": 1, "Trajectory Exit Reason": "Separatrix reached!", "mismatch": 0.15322368306563383, "faithfulness": 0.6576775695823911, "DeltaNOrbits": 0.02356830066467714}