{"SMBHMASS": 1000000.0, "SecondaryMass": 10, "PROCAMASS": 7e-18, "p0": 11.05, "e0": 0.2, "BHSpin": 1, "Trajectory Exit Reason": "Separatrix reached!", "mismatch": 4.157092334922119e-06, "faithfulness": 0.9999902015835318, "DeltaNOrbits": 0.00010131236048809555}