{"SMBHMASS": 900000.0, "SecondaryMass": 10, "PROCAMASS": 7e-18, "p0": 11.899999999999999, "e0": 0.3, "BHSpin": 1, "Trajectory Exit Reason": "Separatrix reached!", "mismatch": 1.1758466994526984e-06, "faithfulness": 0.9999973160608469, "DeltaNOrbits": 5.770072070124552e-05}