{"SMBHMASS": 600000.0, "SecondaryMass": 10, "PROCAMASS": 8e-18, "p0": 14.599999999999998, "e0": 0.3, "BHSpin": 1, "Trajectory Exit Reason": "Separatrix reached!", "mismatch": 3.8615299846611606e-10, "faithfulness": 0.999999999286889, "DeltaNOrbits": 1.0058335489162386e-06}