{"SMBHMASS": 700000.0, "SecondaryMass": 10, "PROCAMASS": 1e-17, "p0": 13.799999999999999, "e0": 0.1, "BHSpin": 1, "Trajectory Exit Reason": "Separatrix reached!", "mismatch": 3.746654033942587e-05, "faithfulness": 0.9999178745997491, "DeltaNOrbits": 0.0003159291920285202}