{"SMBHMASS": 800000.0, "SecondaryMass": 10, "PROCAMASS": 9e-18, "p0": 12.363, "e0": 0.6, "BHSpin": 1, "Trajectory Exit Reason": "Separatrix reached!", "mismatch": 2.398963840011259e-05, "faithfulness": 0.999955921002149, "DeltaNOrbits": 0.00020218794942562877}