{"SMBHMASS": 400000.0, "SecondaryMass": 10, "PROCAMASS": 6e-17, "p0": 17.150000000000002, "e0": 0.4, "BHSpin": 1, "Trajectory Exit Reason": "Separatrix reached!", "mismatch": 0.9981349401642317, "faithfulness": 0.0005349272704519062, "DeltaNOrbits": 2451.4580454870966}