{"SMBHMASS": 40000000.0, "SecondaryMass": 10, "PROCAMASS": 5e-19, "p0": 4.83, "e0": 0.1, "BHSpin": 1, "Trajectory Exit Reason": "Integration reached time boundary. Boundary location t = 1281421.47", "mismatch": 0.8552175651752076, "faithfulness": 0.2750702276857172, "DeltaNOrbits": -0.7804601284033039}