{"SMBHMASS": 600000.0, "SecondaryMass": 10, "PROCAMASS": 7e-18, "p0": 13.741999999999999, "e0": 0.7, "BHSpin": 1, "Trajectory Exit Reason": "Separatrix reached!", "mismatch": 1.0127532146242402e-10, "faithfulness": 0.9999999998570557, "DeltaNOrbits": 3.4741991408124214e-07}