{"SMBHMASS": 700000.0, "SecondaryMass": 10, "PROCAMASS": 7e-18, "p0": 13.799999999999999, "e0": 0.1, "BHSpin": 1, "Trajectory Exit Reason": "Separatrix reached!", "mismatch": 9.84269776793667e-10, "faithfulness": 0.9999999978747267, "DeltaNOrbits": 1.564603202207375e-06}