{"SMBHMASS": 700000.0, "SecondaryMass": 10, "PROCAMASS": 1e-17, "p0": 13.202, "e0": 0.6, "BHSpin": 1, "Trajectory Exit Reason": "Separatrix reached!", "mismatch": 2.986215406874937e-05, "faithfulness": 0.9999480244539187, "DeltaNOrbits": 0.00023687066026124469}