{"SMBHMASS": 1000000.0, "SecondaryMass": 10, "PROCAMASS": 8e-18, "p0": 11.0, "e0": 0.3, "BHSpin": 1, "Trajectory Exit Reason": "Separatrix reached!", "mismatch": 0.00022633311027253633, "faithfulness": 0.9994836609325416, "DeltaNOrbits": 0.0008046236501926824}