{"SMBHMASS": 600000.0, "SecondaryMass": 10, "PROCAMASS": 8e-18, "p0": 13.741999999999999, "e0": 0.7, "BHSpin": 1, "Trajectory Exit Reason": "Separatrix reached!", "mismatch": 5.772401445724995e-10, "faithfulness": 0.9999999991328533, "DeltaNOrbits": 9.208082176955667e-07}