{"SMBHMASS": 500000.0, "SecondaryMass": 10, "PROCAMASS": 7e-18, "p0": 15.350000000000001, "e0": 0.4, "BHSpin": 1, "Trajectory Exit Reason": "Separatrix reached!", "mismatch": 3.6926017799032707e-13, "faithfulness": 0.9999999999996804, "DeltaNOrbits": 1.648998578914754e-08}