{"SMBHMASS": 1000000.0, "SecondaryMass": 10, "PROCAMASS": 9e-18, "p0": 11.0, "e0": 0.3, "BHSpin": 1, "Trajectory Exit Reason": "Separatrix reached!", "mismatch": 0.0012325892891905665, "faithfulness": 0.9972654270194762, "DeltaNOrbits": 0.0020310696412576884}