{"SMBHMASS": 100000.0, "SecondaryMass": 10, "PROCAMASS": 5e-17, "p0": 34.8, "e0": 0.3, "BHSpin": 1, "Trajectory Exit Reason": "Separatrix reached!", "mismatch": 7.3755110366890975e-06, "faithfulness": 0.9999964036342971, "DeltaNOrbits": 7.524576913171577e-05}