{"SMBHMASS": 1000000.0, "SecondaryMass": 10, "PROCAMASS": 5e-18, "p0": 10.9, "e0": 0.5, "BHSpin": 1, "Trajectory Exit Reason": "Separatrix reached!", "mismatch": 6.546566622134264e-10, "faithfulness": 0.9999999986746944, "DeltaNOrbits": 1.333910153824593e-06}