{"SMBHMASS": 700000.0, "SecondaryMass": 10, "PROCAMASS": 5e-18, "p0": 12.924, "e0": 0.7, "BHSpin": 1, "Trajectory Exit Reason": "Separatrix reached!", "mismatch": 1.1149969836310447e-12, "faithfulness": 0.9999999999989438, "DeltaNOrbits": 2.6235752671272937e-08}