{"SMBHMASS": 800000.0, "SecondaryMass": 10, "PROCAMASS": 5e-18, "p0": 12.899999999999999, "e0": 0.1, "BHSpin": 1, "Trajectory Exit Reason": "Separatrix reached!", "mismatch": 4.596323321948148e-12, "faithfulness": 0.9999999999918205, "DeltaNOrbits": 9.330738026308652e-08}