{"SMBHMASS": 700000.0, "SecondaryMass": 10, "PROCAMASS": 5e-18, "p0": 13.479999999999999, "e0": 0.5, "BHSpin": 1, "Trajectory Exit Reason": "Separatrix reached!", "mismatch": 9.839906667252762e-13, "faithfulness": 0.9999999999989592, "DeltaNOrbits": 2.6031943858148643e-08}