{"SMBHMASS": 800000.0, "SecondaryMass": 10, "PROCAMASS": 5e-18, "p0": 12.849999999999998, "e0": 0.2, "BHSpin": 1, "Trajectory Exit Reason": "Separatrix reached!", "mismatch": 7.740585949989054e-12, "faithfulness": 0.9999999999860362, "DeltaNOrbits": 1.210439069219111e-07}