{"SMBHMASS": 700000.0, "SecondaryMass": 10, "PROCAMASS": 8e-18, "p0": 12.924, "e0": 0.7, "BHSpin": 1, "Trajectory Exit Reason": "Separatrix reached!", "mismatch": 8.962277064927804e-08, "faithfulness": 0.999999853917493, "DeltaNOrbits": 1.1152112540941758e-05}