{"SMBHMASS": 300000.0, "SecondaryMass": 10, "PROCAMASS": 3e-17, "p0": 19.6, "e0": 0.5, "BHSpin": 1, "Trajectory Exit Reason": "Separatrix reached!", "mismatch": 0.45622841735230835, "faithfulness": 0.3893670756471866, "DeltaNOrbits": 0.049787597460345015}