{"SMBHMASS": 400000.0, "SecondaryMass": 10, "PROCAMASS": 2e-17, "p0": 16.625, "e0": 0.6, "BHSpin": 1, "Trajectory Exit Reason": "Separatrix reached!", "mismatch": 0.01510882556905735, "faithfulness": 0.9805980268816377, "DeltaNOrbits": 0.004596977112071093}