{"SMBHMASS": 400000.0, "SecondaryMass": 10, "PROCAMASS": 2e-17, "p0": 17.3, "e0": 0.3, "BHSpin": 1, "Trajectory Exit Reason": "Separatrix reached!", "mismatch": 0.01879590666311548, "faithfulness": 0.9733088032083054, "DeltaNOrbits": 0.006331645873291244}