{"SMBHMASS": 80000000.0, "SecondaryMass": 10, "PROCAMASS": 1e-19, "p0": 4.83, "e0": 0.3, "BHSpin": 1, "Trajectory Exit Reason": "Integration reached time boundary. Boundary location t = 640710.74", "mismatch": 7.93381838004592e-09, "faithfulness": 0.9999741916655622, "DeltaNOrbits": -9.221757632515846e-06}