{"SMBHMASS": 50000000.0, "SecondaryMass": 10, "PROCAMASS": 1e-19, "p0": 4.609999999999999, "e0": 0.6, "BHSpin": 1, "Trajectory Exit Reason": "Integration reached time boundary. Boundary location t = 1025137.18", "mismatch": 2.696731726814505e-13, "faithfulness": 0.9999999678439154, "DeltaNOrbits": 2.2036827919064443e-09}