{"SMBHMASS": 70000000.0, "SecondaryMass": 10, "PROCAMASS": 1e-19, "p0": 4.46, "e0": 0.7, "BHSpin": 1, "Trajectory Exit Reason": "Integration reached time boundary. Boundary location t = 732240.84", "mismatch": 1.2350220846002458e-10, "faithfulness": 0.9999997560794206, "DeltaNOrbits": -3.9999042881880006e-07}