{"SMBHMASS": 900000.0, "SecondaryMass": 10, "PROCAMASS": 5e-18, "p0": 11.830000000000002, "e0": 0.4, "BHSpin": 1, "Trajectory Exit Reason": "Separatrix reached!", "mismatch": 5.500822020110263e-11, "faithfulness": 0.9999999998923709, "DeltaNOrbits": 3.527374712963942e-07}