{"SMBHMASS": 500000.0, "SecondaryMass": 10, "PROCAMASS": 9e-18, "p0": 14.879999999999999, "e0": 0.6, "BHSpin": 1, "Trajectory Exit Reason": "Separatrix reached!", "mismatch": 7.405032143026347e-10, "faithfulness": 0.9999999989786614, "DeltaNOrbits": 1.090025116810493e-06}