{"SMBHMASS": 900000.0, "SecondaryMass": 10, "PROCAMASS": 3e-18, "p0": 11.523999999999997, "e0": 0.6, "BHSpin": 1, "Trajectory Exit Reason": "Separatrix reached!", "mismatch": 2.0095036745715333e-14, "faithfulness": 0.9999999999999961, "DeltaNOrbits": -4.632018480097623e-11}