{"SMBHMASS": 600000.0, "SecondaryMass": 10, "PROCAMASS": 1e-17, "p0": 14.339999999999998, "e0": 0.5, "BHSpin": 1, "Trajectory Exit Reason": "Separatrix reached!", "mismatch": 3.1845364323324077e-07, "faithfulness": 0.9999994527916198, "DeltaNOrbits": 2.6914565715494283e-05}