{"SMBHMASS": 100000.0, "SecondaryMass": 10, "PROCAMASS": 3e-17, "p0": 35.1, "e0": 0.1, "BHSpin": 1, "Trajectory Exit Reason": "Separatrix reached!", "mismatch": 4.712341628021477e-12, "faithfulness": 0.9999999999977237, "DeltaNOrbits": 6.010507179774676e-08}