{"SMBHMASS": 400000.0, "SecondaryMass": 10, "PROCAMASS": 9e-18, "p0": 17.0, "e0": 0.5, "BHSpin": 1, "Trajectory Exit Reason": "Separatrix reached!", "mismatch": 5.625389043473206e-12, "faithfulness": 0.9999999999939754, "DeltaNOrbits": 8.24314008718173e-08}