{"SMBHMASS": 100000.0, "SecondaryMass": 10, "PROCAMASS": 5e-17, "p0": 33.35, "e0": 0.6, "BHSpin": 1, "Trajectory Exit Reason": "Separatrix reached!", "mismatch": 3.8259901662396345e-06, "faithfulness": 0.99999845089967, "DeltaNOrbits": 7.932463196492015e-05}