{"SMBHMASS": 700000.0, "SecondaryMass": 10, "PROCAMASS": 4e-18, "p0": 13.7, "e0": 0.3, "BHSpin": 1, "Trajectory Exit Reason": "Separatrix reached!", "mismatch": 1.5654144647214707e-14, "faithfulness": 0.999999999999994, "DeltaNOrbits": 6.855387350544482e-10}