{"SMBHMASS": 900000.0, "SecondaryMass": 10, "PROCAMASS": 6e-18, "p0": 11.759999999999998, "e0": 0.5, "BHSpin": 1, "Trajectory Exit Reason": "Separatrix reached!", "mismatch": 1.175833719280206e-08, "faithfulness": 0.9999999761030963, "DeltaNOrbits": 5.342996260644767e-06}