{"SMBHMASS": 400000.0, "SecondaryMass": 10, "PROCAMASS": 7e-18, "p0": 17.35, "e0": 0.2, "BHSpin": 1, "Trajectory Exit Reason": "Separatrix reached!", "mismatch": -2.2870594307278225e-14, "faithfulness": 0.9999999999999903, "DeltaNOrbits": 1.1116844352234295e-10}