{"SMBHMASS": 100000.0, "SecondaryMass": 10, "PROCAMASS": 7e-17, "p0": 34.2, "e0": 0.5, "BHSpin": 1, "Trajectory Exit Reason": "Separatrix reached!", "mismatch": 0.2382574314267446, "faithfulness": 0.7948409149408032, "DeltaNOrbits": 0.018654533490678964}