{"SMBHMASS": 100000.0, "SecondaryMass": 10, "PROCAMASS": 7e-17, "p0": 35.1, "e0": 0.1, "BHSpin": 1, "Trajectory Exit Reason": "Separatrix reached!", "mismatch": 0.05160520293635762, "faithfulness": 0.9733109090806676, "DeltaNOrbits": 0.007412307086823111}