{"SMBHMASS": 800000.0, "SecondaryMass": 10, "PROCAMASS": 9e-18, "p0": 12.71, "e0": 0.4, "BHSpin": 1, "Trajectory Exit Reason": "Separatrix reached!", "mismatch": 3.7467265053492405e-05, "faithfulness": 0.9999220288425644, "DeltaNOrbits": 0.0003043505539618941}