{"SMBHMASS": 400000.0, "SecondaryMass": 10, "PROCAMASS": 7e-18, "p0": 17.4, "e0": 0.1, "BHSpin": 1, "Trajectory Exit Reason": "Separatrix reached!", "mismatch": 4.8183679268731794e-14, "faithfulness": 0.9999999999999823, "DeltaNOrbits": 8.337633264175721e-10}