{"SMBHMASS": 90000000.0, "SecondaryMass": 10, "PROCAMASS": 2e-19, "p0": 4.795, "e0": 0.4, "BHSpin": 1, "Trajectory Exit Reason": "Integration reached time boundary. Boundary location t = 569520.65", "mismatch": 0.8376882831543517, "faithfulness": 0.3565749276877455, "DeltaNOrbits": -0.5455777143619557}