{"SMBHMASS": 900000.0, "SecondaryMass": 10, "PROCAMASS": 8e-18, "p0": 11.830000000000002, "e0": 0.4, "BHSpin": 1, "Trajectory Exit Reason": "Separatrix reached!", "mismatch": 8.536169807116245e-06, "faithfulness": 0.9999817262030891, "DeltaNOrbits": 0.00015399603080510382}