{"SMBHMASS": 1000000.0, "SecondaryMass": 10, "PROCAMASS": 3e-17, "p0": 11.0, "e0": 0.3, "BHSpin": 1, "Trajectory Exit Reason": "Separatrix reached!", "mismatch": 0.9991017189307789, "faithfulness": 0.00017476414823688058, "DeltaNOrbits": 4522.0755061409445}