{"SMBHMASS": 500000.0, "SecondaryMass": 10, "PROCAMASS": 8e-18, "p0": 15.6, "e0": 0.1, "BHSpin": 1, "Trajectory Exit Reason": "Separatrix reached!", "mismatch": 1.1746270622836619e-11, "faithfulness": 0.999999999983318, "DeltaNOrbits": 1.5448708034821593e-07}