{"SMBHMASS": 900000.0, "SecondaryMass": 10, "PROCAMASS": 7e-18, "p0": 11.830000000000002, "e0": 0.4, "BHSpin": 1, "Trajectory Exit Reason": "Separatrix reached!", "mismatch": 1.0129318320784009e-06, "faithfulness": 0.9999978114520256, "DeltaNOrbits": 5.205747700272083e-05}