{"SMBHMASS": 900000.0, "SecondaryMass": 10, "PROCAMASS": 7e-18, "p0": 11.830000000000002, "e0": 0.4, "BHSpin": 1, "Trajectory Exit Reason": "Separatrix reached!", "mismatch": 2.9334201379072056e-07, "faithfulness": 0.9999993726220423, "DeltaNOrbits": 2.468234042571348e-05}