{"SMBHMASS": 20000000.0, "SecondaryMass": 10, "PROCAMASS": 2e-18, "p0": 4.76, "e0": 0.5, "BHSpin": 1, "Trajectory Exit Reason": "Integration reached time boundary. Boundary location t = 2562842.94", "mismatch": 1.0002875567732146, "faithfulness": 0.0017208379348628631, "DeltaNOrbits": -4391.133789166975}