{"SMBHMASS": 400000.0, "SecondaryMass": 10, "PROCAMASS": 6e-17, "p0": 17.35, "e0": 0.2, "BHSpin": 1, "Trajectory Exit Reason": "Separatrix reached!", "mismatch": 0.9974452668875895, "faithfulness": 0.00038597038326337787, "DeltaNOrbits": 1669.4243632046127}