{"SMBHMASS": 60000000.0, "SecondaryMass": 10, "PROCAMASS": 2e-19, "p0": 4.46, "e0": 0.7, "BHSpin": 1, "Trajectory Exit Reason": "Integration reached time boundary. Boundary location t = 854280.98", "mismatch": 0.000999011733457289, "faithfulness": 0.9972544770973053, "DeltaNOrbits": -0.0013614378945664364}