{"SMBHMASS": 90000000.0, "SecondaryMass": 10, "PROCAMASS": 1e-19, "p0": 4.83, "e0": 0.2, "BHSpin": 1, "Trajectory Exit Reason": "Integration reached time boundary. Boundary location t = 569520.65", "mismatch": 2.7154756221392518e-08, "faithfulness": 0.9993114983676716, "DeltaNOrbits": -1.7388782655025682e-05}