{"SMBHMASS": 4000000.0, "SecondaryMass": 10, "PROCAMASS": 3e-18, "p0": 6.35, "e0": 0.1, "BHSpin": 1, "Trajectory Exit Reason": "Separatrix reached!", "mismatch": 0.00847583836713206, "faithfulness": 0.9897455434978628, "DeltaNOrbits": -0.035093550558767526}