{"SMBHMASS": 400000.0, "SecondaryMass": 10, "PROCAMASS": 8e-18, "p0": 17.35, "e0": 0.2, "BHSpin": 1, "Trajectory Exit Reason": "Separatrix reached!", "mismatch": 8.559819519859957e-14, "faithfulness": 0.9999999999999294, "DeltaNOrbits": 5.947511728445348e-09}