{"SMBHMASS": 30000000.0, "SecondaryMass": 10, "PROCAMASS": 4e-19, "p0": 4.76, "e0": 0.5, "BHSpin": 1, "Trajectory Exit Reason": "Integration reached time boundary. Boundary location t = 1708561.96", "mismatch": 0.001017186058595354, "faithfulness": 0.9968567760689876, "DeltaNOrbits": -0.0015239103327513751}