{"SMBHMASS": 300000.0, "SecondaryMass": 10, "PROCAMASS": 9e-18, "p0": 19.800000000000004, "e0": 0.4, "BHSpin": 1, "Trajectory Exit Reason": "Separatrix reached!", "mismatch": 7.849276784099857e-14, "faithfulness": 0.9999999999999771, "DeltaNOrbits": 1.1487405830642106e-09}