{"SMBHMASS": 400000.0, "SecondaryMass": 10, "PROCAMASS": 1e-17, "p0": 17.3, "e0": 0.3, "BHSpin": 1, "Trajectory Exit Reason": "Separatrix reached!", "mismatch": 8.897438341648467e-12, "faithfulness": 0.9999999999885306, "DeltaNOrbits": 1.2734345205484385e-07}