{"SMBHMASS": 800000.0, "SecondaryMass": 10, "PROCAMASS": 8e-18, "p0": 12.363, "e0": 0.6, "BHSpin": 1, "Trajectory Exit Reason": "Separatrix reached!", "mismatch": 2.8196267676250386e-06, "faithfulness": 0.9999948284044821, "DeltaNOrbits": 7.169551224746016e-05}