{"SMBHMASS": 8000000.0, "SecondaryMass": 10, "PROCAMASS": 4e-19, "p0": 5.148, "e0": 0.2, "BHSpin": 1, "Trajectory Exit Reason": "Separatrix reached!", "mismatch": -1.532107773982716e-14, "faithfulness": 0.9999999999998368, "DeltaNOrbits": -7.179628644151315e-10}