{"SMBHMASS": 800000.0, "SecondaryMass": 10, "PROCAMASS": 8e-18, "p0": 12.62, "e0": 0.5, "BHSpin": 1, "Trajectory Exit Reason": "Separatrix reached!", "mismatch": 1.2244874398881223e-06, "faithfulness": 0.9999975843384913, "DeltaNOrbits": 5.1495724329528506e-05}