{"SMBHMASS": 700000.0, "SecondaryMass": 10, "PROCAMASS": 6e-18, "p0": 13.202, "e0": 0.6, "BHSpin": 1, "Trajectory Exit Reason": "Separatrix reached!", "mismatch": 5.3518078857450746e-11, "faithfulness": 0.9999999999153517, "DeltaNOrbits": 2.9609714932176044e-07}