{"SMBHMASS": 100000.0, "SecondaryMass": 10, "PROCAMASS": 4e-17, "p0": 32.5, "e0": 0.7, "BHSpin": 1, "Trajectory Exit Reason": "Separatrix reached!", "mismatch": 3.45131090373485e-08, "faithfulness": 0.999999982113424, "DeltaNOrbits": 3.4318810199782493e-06}