{"SMBHMASS": 100000.0, "SecondaryMass": 10, "PROCAMASS": 5e-17, "p0": 34.8, "e0": 0.3, "BHSpin": 1, "Trajectory Exit Reason": "Separatrix reached!", "mismatch": 5.703019228309181e-06, "faithfulness": 0.9999972924227882, "DeltaNOrbits": 6.654302164286484e-05}