{"SMBHMASS": 900000.0, "SecondaryMass": 10, "PROCAMASS": 7e-18, "p0": 11.999999999999998, "e0": 0.1, "BHSpin": 1, "Trajectory Exit Reason": "Separatrix reached!", "mismatch": 4.3860080034541227e-07, "faithfulness": 0.9999989369002417, "DeltaNOrbits": 3.537316877429624e-05}