{"SMBHMASS": 500000.0, "SecondaryMass": 10, "PROCAMASS": 2e-17, "p0": 15.350000000000001, "e0": 0.4, "BHSpin": 1, "Trajectory Exit Reason": "Separatrix reached!", "mismatch": 0.3990045577478073, "faithfulness": 0.36977439231073406, "DeltaNOrbits": 0.046655716658156376}