{"SMBHMASS": 600000.0, "SecondaryMass": 10, "PROCAMASS": 1e-17, "p0": 14.041, "e0": 0.6, "BHSpin": 1, "Trajectory Exit Reason": "Separatrix reached!", "mismatch": 2.0040519032038517e-06, "faithfulness": 0.9999968179223834, "DeltaNOrbits": 5.9040708063316005e-05}