{"SMBHMASS": 500000.0, "SecondaryMass": 10, "PROCAMASS": 9e-18, "p0": 15.5, "e0": 0.3, "BHSpin": 1, "Trajectory Exit Reason": "Separatrix reached!", "mismatch": 7.88319520772518e-10, "faithfulness": 0.999999998769319, "DeltaNOrbits": 1.3849735255491893e-06}