{"SMBHMASS": 500000.0, "SecondaryMass": 10, "PROCAMASS": 7e-18, "p0": 15.6, "e0": 0.1, "BHSpin": 1, "Trajectory Exit Reason": "Separatrix reached!", "mismatch": 2.3381296898605797e-13, "faithfulness": 0.999999999999784, "DeltaNOrbits": 1.3025235966034516e-08}