{"SMBHMASS": 600000.0, "SecondaryMass": 10, "PROCAMASS": 5e-18, "p0": 13.741999999999999, "e0": 0.7, "BHSpin": 1, "Trajectory Exit Reason": "Separatrix reached!", "mismatch": 4.7406523151494184e-14, "faithfulness": 0.9999999999999802, "DeltaNOrbits": 7.133308459350339e-10}