{"SMBHMASS": 100000.0, "SecondaryMass": 10, "PROCAMASS": 5e-17, "p0": 34.2, "e0": 0.5, "BHSpin": 1, "Trajectory Exit Reason": "Separatrix reached!", "mismatch": 1.4320805702183748e-05, "faithfulness": 0.999992622698822, "DeltaNOrbits": 8.970066833759547e-05}