{"SMBHMASS": 20000000.0, "SecondaryMass": 10, "PROCAMASS": 2e-19, "p0": 4.83, "e0": 0.1, "BHSpin": 1, "Trajectory Exit Reason": "Integration reached time boundary. Boundary location t = 2562842.94", "mismatch": 6.106226635438361e-15, "faithfulness": 0.9999999998961863, "DeltaNOrbits": -1.7277428930764135e-09}