{"SMBHMASS": 60000000.0, "SecondaryMass": 10, "PROCAMASS": 1e-19, "p0": 4.83, "e0": 0.1, "BHSpin": 1, "Trajectory Exit Reason": "Integration reached time boundary. Boundary location t = 854280.98", "mismatch": 6.0680349633912556e-12, "faithfulness": 0.9998314819785239, "DeltaNOrbits": 1.2891370631959694e-07}