{"SMBHMASS": 900000.0, "SecondaryMass": 10, "PROCAMASS": 3e-18, "p0": 11.95, "e0": 0.2, "BHSpin": 1, "Trajectory Exit Reason": "Separatrix reached!", "mismatch": 2.8310687127941492e-14, "faithfulness": 0.9999999999999877, "DeltaNOrbits": 3.7056147840780986e-10}