{"SMBHMASS": 400000.0, "SecondaryMass": 10, "PROCAMASS": 2e-17, "p0": 17.4, "e0": 0.1, "BHSpin": 1, "Trajectory Exit Reason": "Separatrix reached!", "mismatch": 0.02130893840294057, "faithfulness": 0.9687173839741476, "DeltaNOrbits": 0.007205462986101104}