{"SMBHMASS": 70000000.0, "SecondaryMass": 10, "PROCAMASS": 4e-19, "p0": 4.795, "e0": 0.4, "BHSpin": 1, "Trajectory Exit Reason": "Integration reached time boundary. Boundary location t = 732240.84", "mismatch": 0.992341572829388, "faithfulness": 0.6603382489170743, "DeltaNOrbits": -195.48809388412687}