{"SMBHMASS": 900000.0, "SecondaryMass": 10, "PROCAMASS": 8e-18, "p0": 11.999999999999998, "e0": 0.1, "BHSpin": 1, "Trajectory Exit Reason": "Separatrix reached!", "mismatch": 1.0981592823977593e-05, "faithfulness": 0.99997352699369, "DeltaNOrbits": 0.00016805952444941526}