{"SMBHMASS": 1000000.0, "SecondaryMass": 10, "PROCAMASS": 3e-18, "p0": 11.05, "e0": 0.2, "BHSpin": 1, "Trajectory Exit Reason": "Separatrix reached!", "mismatch": 9.214295992876487e-12, "faithfulness": 0.9999999999913393, "DeltaNOrbits": -2.9107604128933464e-08}