{"SMBHMASS": 100000.0, "SecondaryMass": 10, "PROCAMASS": 3e-17, "p0": 34.5, "e0": 0.4, "BHSpin": 1, "Trajectory Exit Reason": "Separatrix reached!", "mismatch": 7.930323064897493e-12, "faithfulness": 0.9999999999960751, "DeltaNOrbits": 6.603405545227172e-08}