{"SMBHMASS": 100000.0, "SecondaryMass": 10, "PROCAMASS": 5e-17, "p0": 34.5, "e0": 0.4, "BHSpin": 1, "Trajectory Exit Reason": "Separatrix reached!", "mismatch": 1.0321427097226277e-05, "faithfulness": 0.9999947704939394, "DeltaNOrbits": 8.300480770350554e-05}