{"SMBHMASS": 100000.0, "SecondaryMass": 10, "PROCAMASS": 5e-17, "p0": 33.35, "e0": 0.6, "BHSpin": 1, "Trajectory Exit Reason": "Separatrix reached!", "mismatch": 2.1687786976087864e-05, "faithfulness": 0.9999888303649438, "DeltaNOrbits": 9.930619622821743e-05}