{"SMBHMASS": 4000000.0, "SecondaryMass": 10, "PROCAMASS": 9e-19, "p0": 6.26, "e0": 0.3, "BHSpin": 1, "Trajectory Exit Reason": "Separatrix reached!", "mismatch": -3.1086244689504383e-15, "faithfulness": 0.9999999999999607, "DeltaNOrbits": -8.430273633777674e-10}