{"SMBHMASS": 20000000.0, "SecondaryMass": 10, "PROCAMASS": 9e-19, "p0": 4.83, "e0": 0.1, "BHSpin": 1, "Trajectory Exit Reason": "Integration reached time boundary. Boundary location t = 2562842.94", "mismatch": 1.2247921717410366, "faithfulness": -0.27495453450857676, "DeltaNOrbits": -0.09731808449608244}