{"SMBHMASS": 30000000.0, "SecondaryMass": 10, "PROCAMASS": 1e-19, "p0": 4.76, "e0": 0.5, "BHSpin": 1, "Trajectory Exit Reason": "Integration reached time boundary. Boundary location t = 1708561.96", "mismatch": 5.10702591327572e-15, "faithfulness": 0.9999999999361701, "DeltaNOrbits": -5.3268212521122664e-11}