{"SMBHMASS": 600000.0, "SecondaryMass": 10, "PROCAMASS": 9e-18, "p0": 14.339999999999998, "e0": 0.5, "BHSpin": 1, "Trajectory Exit Reason": "Separatrix reached!", "mismatch": 9.114382737429594e-08, "faithfulness": 0.9999998466882857, "DeltaNOrbits": 1.3720909557523417e-05}