{"SMBHMASS": 700000.0, "SecondaryMass": 10, "PROCAMASS": 5e-18, "p0": 13.7, "e0": 0.3, "BHSpin": 1, "Trajectory Exit Reason": "Separatrix reached!", "mismatch": 5.129230373768223e-13, "faithfulness": 0.999999999999323, "DeltaNOrbits": 2.519818053173107e-08}