{"SMBHMASS": 400000.0, "SecondaryMass": 10, "PROCAMASS": 7e-18, "p0": 16.25, "e0": 0.7, "BHSpin": 1, "Trajectory Exit Reason": "Separatrix reached!", "mismatch": 6.328271240363392e-15, "faithfulness": 0.9999999999999982, "DeltaNOrbits": 5.002579958505432e-10}