{"SMBHMASS": 100000.0, "SecondaryMass": 10, "PROCAMASS": 9e-17, "p0": 35.1, "e0": 0.1, "BHSpin": 1, "Trajectory Exit Reason": "Separatrix reached!", "mismatch": 0.7222864753023034, "faithfulness": 0.19544821856072528, "DeltaNOrbits": 0.32335099378976767}