{"SMBHMASS": 1000000.0, "SecondaryMass": 10, "PROCAMASS": 5e-18, "p0": 10.47, "e0": 0.7, "BHSpin": 1, "Trajectory Exit Reason": "Separatrix reached!", "mismatch": 7.192053619320404e-10, "faithfulness": 0.9999999987479866, "DeltaNOrbits": 1.1197812035266401e-06}