{"SMBHMASS": 100000.0, "SecondaryMass": 10, "PROCAMASS": 4e-17, "p0": 34.8, "e0": 0.3, "BHSpin": 1, "Trajectory Exit Reason": "Separatrix reached!", "mismatch": 3.1532207622753106e-08, "faithfulness": 0.9999999841964577, "DeltaNOrbits": 4.763419580341033e-06}