{"SMBHMASS": 70000000.0, "SecondaryMass": 10, "PROCAMASS": 5e-19, "p0": 4.46, "e0": 0.7, "BHSpin": 1, "Trajectory Exit Reason": "Integration reached time boundary. Boundary location t = 732240.84", "mismatch": 0.9982069764848865, "faithfulness": 0.3901488244941306, "DeltaNOrbits": -633.503247879704}