{"SMBHMASS": 1000000.0, "SecondaryMass": 10, "PROCAMASS": 4e-18, "p0": 11.0, "e0": 0.3, "BHSpin": 1, "Trajectory Exit Reason": "Separatrix reached!", "mismatch": 1.7318368961127817e-12, "faithfulness": 0.9999999999976584, "DeltaNOrbits": 4.042825729429205e-08}