{"SMBHMASS": 400000.0, "SecondaryMass": 10, "PROCAMASS": 7e-18, "p0": 17.150000000000002, "e0": 0.4, "BHSpin": 1, "Trajectory Exit Reason": "Separatrix reached!", "mismatch": 7.260858581048524e-14, "faithfulness": 0.9999999999999761, "DeltaNOrbits": 2.8533233837401356e-09}