{"SMBHMASS": 200000.0, "SecondaryMass": 10, "PROCAMASS": 2e-17, "p0": 27.4, "e0": 0.3, "BHSpin": 1, "Trajectory Exit Reason": "Separatrix reached!", "mismatch": 1.2718098796327126e-09, "faithfulness": 0.9999999986031258, "DeltaNOrbits": 1.1890206157671394e-06}