{"SMBHMASS": 40000000.0, "SecondaryMass": 10, "PROCAMASS": 2e-19, "p0": 4.46, "e0": 0.7, "BHSpin": 1, "Trajectory Exit Reason": "Integration reached time boundary. Boundary location t = 1281421.47", "mismatch": 1.635028468172095e-08, "faithfulness": 0.9999999449314806, "DeltaNOrbits": -4.808940741954192e-06}