{"SMBHMASS": 800000.0, "SecondaryMass": 10, "PROCAMASS": 9e-18, "p0": 12.849999999999998, "e0": 0.2, "BHSpin": 1, "Trajectory Exit Reason": "Separatrix reached!", "mismatch": 8.900388025012695e-05, "faithfulness": 0.9997965553108702, "DeltaNOrbits": 0.0004908402685171784}