{"SMBHMASS": 800000.0, "SecondaryMass": 10, "PROCAMASS": 1e-17, "p0": 12.363, "e0": 0.6, "BHSpin": 1, "Trajectory Exit Reason": "Separatrix reached!", "mismatch": 0.0018034657404197851, "faithfulness": 0.9966914858392163, "DeltaNOrbits": 0.0018617569149444457}