{"SMBHMASS": 20000000.0, "SecondaryMass": 10, "PROCAMASS": 3e-19, "p0": 4.83, "e0": 0.2, "BHSpin": 1, "Trajectory Exit Reason": "Integration reached time boundary. Boundary location t = 2562842.94", "mismatch": 3.0076496848607803e-11, "faithfulness": 0.9999999869151391, "DeltaNOrbits": -5.874302676367405e-07}