{"SMBHMASS": 20000000.0, "SecondaryMass": 10, "PROCAMASS": 6e-19, "p0": 4.46, "e0": 0.7, "BHSpin": 1, "Trajectory Exit Reason": "Integration reached time boundary. Boundary location t = 2562842.94", "mismatch": 0.006221805871725938, "faithfulness": 0.9835218805584715, "DeltaNOrbits": -0.003358864840517799}