{"SMBHMASS": 100000.0, "SecondaryMass": 10, "PROCAMASS": 3e-16, "p0": 35.1, "e0": 0.1, "BHSpin": 1, "Trajectory Exit Reason": "Separatrix reached!", "mismatch": 0.9998219756348136, "faithfulness": 0.00010159019153297479, "DeltaNOrbits": 27735.928907158624}