{"SMBHMASS": 400000.0, "SecondaryMass": 10, "PROCAMASS": 8e-18, "p0": 17.3, "e0": 0.3, "BHSpin": 1, "Trajectory Exit Reason": "Separatrix reached!", "mismatch": 4.67847982577041e-13, "faithfulness": 0.9999999999996366, "DeltaNOrbits": 1.5359773280003718e-08}