{"SMBHMASS": 100000.0, "SecondaryMass": 10, "PROCAMASS": 4e-17, "p0": 34.5, "e0": 0.4, "BHSpin": 1, "Trajectory Exit Reason": "Separatrix reached!", "mismatch": 1.0555450624671892e-08, "faithfulness": 0.9999999948007459, "DeltaNOrbits": 2.6990586402789644e-06}