{"SMBHMASS": 800000.0, "SecondaryMass": 10, "PROCAMASS": 9e-18, "p0": 12.899999999999999, "e0": 0.1, "BHSpin": 1, "Trajectory Exit Reason": "Separatrix reached!", "mismatch": 8.92577999660471e-05, "faithfulness": 0.9997902909588117, "DeltaNOrbits": 0.0004963851837274075}