{"SMBHMASS": 300000.0, "SecondaryMass": 10, "PROCAMASS": 2e-17, "p0": 20.0, "e0": 0.3, "BHSpin": 1, "Trajectory Exit Reason": "Separatrix reached!", "mismatch": 7.709076854212071e-06, "faithfulness": 0.9999905659598108, "DeltaNOrbits": 0.00011513893565118695}