{"SMBHMASS": 400000.0, "SecondaryMass": 10, "PROCAMASS": 9e-18, "p0": 17.35, "e0": 0.2, "BHSpin": 1, "Trajectory Exit Reason": "Separatrix reached!", "mismatch": 1.5643042416968456e-12, "faithfulness": 0.9999999999983412, "DeltaNOrbits": 4.289249112570399e-08}