{"SMBHMASS": 1000000.0, "SecondaryMass": 10, "PROCAMASS": 3e-18, "p0": 11.0, "e0": 0.3, "BHSpin": 1, "Trajectory Exit Reason": "Separatrix reached!", "mismatch": 1.2323475573339238e-14, "faithfulness": 0.9999999999999976, "DeltaNOrbits": 5.373141436913243e-10}