{"SMBHMASS": 100000.0, "SecondaryMass": 10, "PROCAMASS": 5e-17, "p0": 34.5, "e0": 0.4, "BHSpin": 1, "Trajectory Exit Reason": "Separatrix reached!", "mismatch": 2.4087545664963628e-05, "faithfulness": 0.9999878791991527, "DeltaNOrbits": 0.00012522346983687277}