{"SMBHMASS": 600000.0, "SecondaryMass": 10, "PROCAMASS": 7e-18, "p0": 14.339999999999998, "e0": 0.5, "BHSpin": 1, "Trajectory Exit Reason": "Separatrix reached!", "mismatch": 2.7209789976723187e-11, "faithfulness": 0.9999999999584547, "DeltaNOrbits": 2.2172546060531302e-07}