{"SMBHMASS": 400000.0, "SecondaryMass": 10, "PROCAMASS": 2e-17, "p0": 17.35, "e0": 0.2, "BHSpin": 1, "Trajectory Exit Reason": "Separatrix reached!", "mismatch": 0.00912587468971493, "faithfulness": 0.9867407552847415, "DeltaNOrbits": 0.004499550940975504}