{"SMBHMASS": 500000.0, "SecondaryMass": 10, "PROCAMASS": 1e-17, "p0": 14.879999999999999, "e0": 0.6, "BHSpin": 1, "Trajectory Exit Reason": "Separatrix reached!", "mismatch": 1.7622674097772517e-08, "faithfulness": 0.9999999752639221, "DeltaNOrbits": 5.28570745608292e-06}