{"SMBHMASS": 500000.0, "SecondaryMass": 10, "PROCAMASS": 9e-18, "p0": 15.350000000000001, "e0": 0.4, "BHSpin": 1, "Trajectory Exit Reason": "Separatrix reached!", "mismatch": 2.1554857898564705e-10, "faithfulness": 0.999999999675665, "DeltaNOrbits": 6.722355779796079e-07}