{"SMBHMASS": 100000.0, "SecondaryMass": 10, "PROCAMASS": 3e-16, "p0": 34.95, "e0": 0.2, "BHSpin": 1, "Trajectory Exit Reason": "Separatrix reached!", "mismatch": 0.9996370713916326, "faithfulness": 0.00016223377514114102, "DeltaNOrbits": 26885.700077370224}