{"SMBHMASS": 800000.0, "SecondaryMass": 10, "PROCAMASS": 1e-17, "p0": 12.899999999999999, "e0": 0.1, "BHSpin": 1, "Trajectory Exit Reason": "Separatrix reached!", "mismatch": 0.0003156376868214128, "faithfulness": 0.9992588732115328, "DeltaNOrbits": 0.000881990661451396}