{"SMBHMASS": 2000000.0, "SecondaryMass": 10, "PROCAMASS": 8e-18, "p0": 8.9, "e0": 0.5, "BHSpin": 1, "Trajectory Exit Reason": "Integration reached time boundary. Boundary location t = 25628429.41", "mismatch": 0.9770495927372687, "faithfulness": 0.004748902777436268, "DeltaNOrbits": -36.29851852319418}