{"SMBHMASS": 700000.0, "SecondaryMass": 10, "PROCAMASS": 5e-18, "p0": 13.202, "e0": 0.6, "BHSpin": 1, "Trajectory Exit Reason": "Separatrix reached!", "mismatch": 5.699885008425554e-13, "faithfulness": 0.9999999999994631, "DeltaNOrbits": 2.0640274347315007e-08}