{"SMBHMASS": 70000000.0, "SecondaryMass": 10, "PROCAMASS": 5e-19, "p0": 4.83, "e0": 0.1, "BHSpin": 1, "Trajectory Exit Reason": "Integration reached time boundary. Boundary location t = 732240.84", "mismatch": 1.003522238189485, "faithfulness": -0.2049046799785163, "DeltaNOrbits": -698.4071313382507}