{"SMBHMASS": 200000.0, "SecondaryMass": 10, "PROCAMASS": 9e-17, "p0": 27.150000000000002, "e0": 0.4, "BHSpin": 1, "Trajectory Exit Reason": "Separatrix reached!", "mismatch": 0.9970718565354654, "faithfulness": 0.0010759581968398612, "DeltaNOrbits": 1710.925578783728}