{"SMBHMASS": 2000000.0, "SecondaryMass": 10, "PROCAMASS": 2e-17, "p0": 9.0175, "e0": 0.2, "BHSpin": 1, "Trajectory Exit Reason": "Separatrix reached!", "mismatch": 0.9970314790382514, "faithfulness": -0.0007706123942049796, "DeltaNOrbits": 110.04069882958186}