{"SMBHMASS": 70000000.0, "SecondaryMass": 10, "PROCAMASS": 3e-19, "p0": 4.83, "e0": 0.3, "BHSpin": 1, "Trajectory Exit Reason": "Integration reached time boundary. Boundary location t = 732240.84", "mismatch": 0.9103250339421223, "faithfulness": 0.681575482658769, "DeltaNOrbits": -1.487021102088383}