{"SMBHMASS": 1000000.0, "SecondaryMass": 10, "PROCAMASS": 4e-17, "p0": 11.05, "e0": 0.2, "BHSpin": 1, "Trajectory Exit Reason": "Separatrix reached!", "mismatch": 0.9962734903586424, "faithfulness": 0.0007826150787405166, "DeltaNOrbits": 299.22506424258705}