{"SMBHMASS": 500000.0, "SecondaryMass": 10, "PROCAMASS": 1e-17, "p0": 15.6, "e0": 0.1, "BHSpin": 1, "Trajectory Exit Reason": "Separatrix reached!", "mismatch": 5.9659914786180934e-09, "faithfulness": 0.9999999900601504, "DeltaNOrbits": 3.950111247531571e-06}