{"SMBHMASS": 800000.0, "SecondaryMass": 10, "PROCAMASS": 1e-17, "p0": 12.71, "e0": 0.4, "BHSpin": 1, "Trajectory Exit Reason": "Separatrix reached!", "mismatch": 0.0005275447152468526, "faithfulness": 0.9989017271836379, "DeltaNOrbits": 0.0011277070503479352}