{"SMBHMASS": 900000.0, "SecondaryMass": 10, "PROCAMASS": 8e-18, "p0": 11.523999999999997, "e0": 0.6, "BHSpin": 1, "Trajectory Exit Reason": "Separatrix reached!", "mismatch": 3.592409892083648e-05, "faithfulness": 0.9999323150270518, "DeltaNOrbits": 0.0002894436716567634}