{"SMBHMASS": 400000.0, "SecondaryMass": 10, "PROCAMASS": 1e-17, "p0": 17.4, "e0": 0.1, "BHSpin": 1, "Trajectory Exit Reason": "Separatrix reached!", "mismatch": 5.057498864147192e-11, "faithfulness": 0.999999999931968, "DeltaNOrbits": 3.2205498088422755e-07}