{"SMBHMASS": 900000.0, "SecondaryMass": 10, "PROCAMASS": 8e-18, "p0": 11.95, "e0": 0.2, "BHSpin": 1, "Trajectory Exit Reason": "Separatrix reached!", "mismatch": 2.5807122220222745e-05, "faithfulness": 0.999939106656383, "DeltaNOrbits": 0.00026722803856033027}