{"SMBHMASS": 700000.0, "SecondaryMass": 10, "PROCAMASS": 1e-17, "p0": 13.7, "e0": 0.3, "BHSpin": 1, "Trajectory Exit Reason": "Separatrix reached!", "mismatch": 1.1980028787550445e-05, "faithfulness": 0.9999754853372247, "DeltaNOrbits": 0.00018757455181139712}