{"SMBHMASS": 1000000.0, "SecondaryMass": 10, "PROCAMASS": 1e-17, "p0": 11.0, "e0": 0.3, "BHSpin": 1, "Trajectory Exit Reason": "Separatrix reached!", "mismatch": 0.06106604432766671, "faithfulness": 0.8630498665040107, "DeltaNOrbits": 0.01367421525385384}