{"SMBHMASS": 500000.0, "SecondaryMass": 10, "PROCAMASS": 3e-17, "p0": 15.549999999999999, "e0": 0.2, "BHSpin": 1, "Trajectory Exit Reason": "Separatrix reached!", "mismatch": 0.9497780246907506, "faithfulness": 0.010738360044332308, "DeltaNOrbits": 5.9217982770826705}