{"SMBHMASS": 300000.0, "SecondaryMass": 10, "PROCAMASS": 9e-18, "p0": 18.7, "e0": 0.7, "BHSpin": 1, "Trajectory Exit Reason": "Separatrix reached!", "mismatch": 3.197442310920451e-14, "faithfulness": 0.9999999999999852, "DeltaNOrbits": 2.9830199011828694e-09}