{"SMBHMASS": 60000000.0, "SecondaryMass": 10, "PROCAMASS": 3e-19, "p0": 4.795, "e0": 0.4, "BHSpin": 1, "Trajectory Exit Reason": "Integration reached time boundary. Boundary location t = 854280.98", "mismatch": 0.8791452244727445, "faithfulness": 0.360524400867873, "DeltaNOrbits": -0.650837611709141}