{"SMBHMASS": 200000.0, "SecondaryMass": 10, "PROCAMASS": 2e-17, "p0": 27.6, "e0": 0.1, "BHSpin": 1, "Trajectory Exit Reason": "Separatrix reached!", "mismatch": 7.307898841624194e-09, "faithfulness": 0.9999999923581695, "DeltaNOrbits": 2.8845246602220736e-06}