{"SMBHMASS": 800000.0, "SecondaryMass": 10, "PROCAMASS": 6e-18, "p0": 12.106, "e0": 0.7, "BHSpin": 1, "Trajectory Exit Reason": "Separatrix reached!", "mismatch": 7.984990446630036e-10, "faithfulness": 0.9999999986612047, "DeltaNOrbits": 1.090173341401856e-06}