{"SMBHMASS": 1000000.0, "SecondaryMass": 10, "PROCAMASS": 6e-18, "p0": 11.0, "e0": 0.3, "BHSpin": 1, "Trajectory Exit Reason": "Separatrix reached!", "mismatch": 4.206952164409472e-08, "faithfulness": 0.9999999050466244, "DeltaNOrbits": 1.1082085685559642e-05}