{"SMBHMASS": 600000.0, "SecondaryMass": 10, "PROCAMASS": 4e-17, "p0": 14.599999999999998, "e0": 0.3, "BHSpin": 1, "Trajectory Exit Reason": "Separatrix reached!", "mismatch": 0.9988844599412917, "faithfulness": -0.00012440170949044939, "DeltaNOrbits": 4932.176386563409}