{"SMBHMASS": 400000.0, "SecondaryMass": 10, "PROCAMASS": 8e-18, "p0": 16.25, "e0": 0.7, "BHSpin": 1, "Trajectory Exit Reason": "Separatrix reached!", "mismatch": 2.3281376826389533e-13, "faithfulness": 0.9999999999998507, "DeltaNOrbits": 8.578498225140797e-09}