{"SMBHMASS": 900000.0, "SecondaryMass": 10, "PROCAMASS": 8e-18, "p0": 11.759999999999998, "e0": 0.5, "BHSpin": 1, "Trajectory Exit Reason": "Separatrix reached!", "mismatch": 3.474312395246315e-05, "faithfulness": 0.9999291184477379, "DeltaNOrbits": 0.0002881841795118401}