{"SMBHMASS": 100000.0, "SecondaryMass": 10, "PROCAMASS": 9e-17, "p0": 34.8, "e0": 0.3, "BHSpin": 1, "Trajectory Exit Reason": "Separatrix reached!", "mismatch": 0.7559201903005722, "faithfulness": 0.16413103023138206, "DeltaNOrbits": 0.3723755092462323}