{"SMBHMASS": 400000.0, "SecondaryMass": 10, "PROCAMASS": 7e-18, "p0": 16.625, "e0": 0.6, "BHSpin": 1, "Trajectory Exit Reason": "Separatrix reached!", "mismatch": 2.5091040356528538e-14, "faithfulness": 0.9999999999999889, "DeltaNOrbits": 1.8157512441982681e-09}