{"SMBHMASS": 50000000.0, "SecondaryMass": 10, "PROCAMASS": 6e-19, "p0": 4.83, "e0": 0.2, "BHSpin": 1, "Trajectory Exit Reason": "Integration reached time boundary. Boundary location t = 1025137.18", "mismatch": 0.9929736170305404, "faithfulness": 0.25925870790851924, "DeltaNOrbits": -245.49769570685552}