{"SMBHMASS": 800000.0, "SecondaryMass": 10, "PROCAMASS": 8e-18, "p0": 12.71, "e0": 0.4, "BHSpin": 1, "Trajectory Exit Reason": "Separatrix reached!", "mismatch": 2.33284767481301e-06, "faithfulness": 0.999995145267945, "DeltaNOrbits": 7.5755643197931e-05}