{"SMBHMASS": 500000.0, "SecondaryMass": 10, "PROCAMASS": 9e-18, "p0": 15.5, "e0": 0.3, "BHSpin": 1, "Trajectory Exit Reason": "Separatrix reached!", "mismatch": 2.682492006300663e-10, "faithfulness": 0.9999999995816875, "DeltaNOrbits": 7.8194030366224e-07}