{"SMBHMASS": 500000.0, "SecondaryMass": 10, "PROCAMASS": 7e-18, "p0": 15.5, "e0": 0.3, "BHSpin": 1, "Trajectory Exit Reason": "Separatrix reached!", "mismatch": 6.196154700432999e-13, "faithfulness": 0.9999999999994404, "DeltaNOrbits": 2.1288756934528676e-08}