{"SMBHMASS": 1000000.0, "SecondaryMass": 10, "PROCAMASS": 9e-18, "p0": 11.0, "e0": 0.3, "BHSpin": 1, "Trajectory Exit Reason": "Separatrix reached!", "mismatch": 0.003546919765908929, "faithfulness": 0.9919818892146173, "DeltaNOrbits": 0.003208218745693742}