{"SMBHMASS": 300000.0, "SecondaryMass": 10, "PROCAMASS": 2e-17, "p0": 18.7, "e0": 0.7, "BHSpin": 1, "Trajectory Exit Reason": "Separatrix reached!", "mismatch": 7.670358630029739e-06, "faithfulness": 0.9999915005604952, "DeltaNOrbits": 8.052488059348304e-05}