{"SMBHMASS": 60000000.0, "SecondaryMass": 10, "PROCAMASS": 1e-19, "p0": 4.795, "e0": 0.4, "BHSpin": 1, "Trajectory Exit Reason": "Integration reached time boundary. Boundary location t = 854280.98", "mismatch": 1.2988832231997094e-11, "faithfulness": 0.9999915760797439, "DeltaNOrbits": 3.0645086862939865e-07}