{"SMBHMASS": 800000.0, "SecondaryMass": 10, "PROCAMASS": 3e-17, "p0": 12.71, "e0": 0.4, "BHSpin": 1, "Trajectory Exit Reason": "Separatrix reached!", "mismatch": 0.998068419850848, "faithfulness": 0.0011838040141649508, "DeltaNOrbits": 2760.664581608297}