{"SMBHMASS": 700000.0, "SecondaryMass": 10, "PROCAMASS": 9e-18, "p0": 13.799999999999999, "e0": 0.1, "BHSpin": 1, "Trajectory Exit Reason": "Separatrix reached!", "mismatch": 6.004741949228176e-07, "faithfulness": 0.9999986726211905, "DeltaNOrbits": 4.265120001903874e-05}