{"SMBHMASS": 30000000.0, "SecondaryMass": 10, "PROCAMASS": 6e-19, "p0": 4.46, "e0": 0.7, "BHSpin": 1, "Trajectory Exit Reason": "Integration reached time boundary. Boundary location t = 1708561.96", "mismatch": 0.90315372681578, "faithfulness": 0.0781660261573724, "DeltaNOrbits": -0.7577112475566188}