{"SMBHMASS": 900000.0, "SecondaryMass": 10, "PROCAMASS": 6e-18, "p0": 11.288, "e0": 0.7, "BHSpin": 1, "Trajectory Exit Reason": "Separatrix reached!", "mismatch": 9.502507669623128e-09, "faithfulness": 0.9999999833432368, "DeltaNOrbits": 3.892238808641232e-06}