{"SMBHMASS": 800000.0, "SecondaryMass": 10, "PROCAMASS": 5e-18, "p0": 12.106, "e0": 0.7, "BHSpin": 1, "Trajectory Exit Reason": "Separatrix reached!", "mismatch": 7.137401780710206e-12, "faithfulness": 0.9999999999903532, "DeltaNOrbits": 8.696151494535278e-08}