{"SMBHMASS": 600000.0, "SecondaryMass": 10, "PROCAMASS": 3e-17, "p0": 14.469999999999999, "e0": 0.4, "BHSpin": 1, "Trajectory Exit Reason": "Separatrix reached!", "mismatch": 0.9900024659855002, "faithfulness": 0.002274124859544913, "DeltaNOrbits": 101.01244990488463}