{"SMBHMASS": 900000.0, "SecondaryMass": 10, "PROCAMASS": 8e-18, "p0": 11.288, "e0": 0.7, "BHSpin": 1, "Trajectory Exit Reason": "Separatrix reached!", "mismatch": 5.659921941325585e-05, "faithfulness": 0.9998998938378912, "DeltaNOrbits": 0.0003110486935490762}