{"SMBHMASS": 400000.0, "SecondaryMass": 10, "PROCAMASS": 2e-17, "p0": 17.0, "e0": 0.5, "BHSpin": 1, "Trajectory Exit Reason": "Separatrix reached!", "mismatch": 0.0069407424517974325, "faithfulness": 0.9905624749448113, "DeltaNOrbits": 0.003276742603719436}