{"SMBHMASS": 700000.0, "SecondaryMass": 10, "PROCAMASS": 9e-18, "p0": 13.799999999999999, "e0": 0.1, "BHSpin": 1, "Trajectory Exit Reason": "Separatrix reached!", "mismatch": 4.789913468861151e-06, "faithfulness": 0.9999894987816667, "DeltaNOrbits": 0.0001157548644125225}