{"SMBHMASS": 600000.0, "SecondaryMass": 10, "PROCAMASS": 7e-18, "p0": 14.7, "e0": 0.1, "BHSpin": 1, "Trajectory Exit Reason": "Separatrix reached!", "mismatch": 3.4231617540569914e-11, "faithfulness": 0.9999999999394011, "DeltaNOrbits": 2.6432150254829075e-07}