{"SMBHMASS": 900000.0, "SecondaryMass": 10, "PROCAMASS": 5e-18, "p0": 11.899999999999999, "e0": 0.3, "BHSpin": 1, "Trajectory Exit Reason": "Separatrix reached!", "mismatch": 6.241607231061153e-11, "faithfulness": 0.9999999998714413, "DeltaNOrbits": 3.833829055607201e-07}