{"SMBHMASS": 100000.0, "SecondaryMass": 10, "PROCAMASS": 4e-17, "p0": 34.8, "e0": 0.3, "BHSpin": 1, "Trajectory Exit Reason": "Separatrix reached!", "mismatch": 1.3686958455494391e-08, "faithfulness": 0.9999999931835855, "DeltaNOrbits": 3.374851608451287e-06}