{"SMBHMASS": 400000.0, "SecondaryMass": 10, "PROCAMASS": 9e-18, "p0": 17.0, "e0": 0.5, "BHSpin": 1, "Trajectory Exit Reason": "Separatrix reached!", "mismatch": 2.354338946020107e-12, "faithfulness": 0.9999999999976581, "DeltaNOrbits": 4.7246588496995755e-08}