{"SMBHMASS": 900000.0, "SecondaryMass": 10, "PROCAMASS": 6e-18, "p0": 11.288, "e0": 0.7, "BHSpin": 1, "Trajectory Exit Reason": "Separatrix reached!", "mismatch": 5.8656309809279605e-09, "faithfulness": 0.9999999897501759, "DeltaNOrbits": 3.069082804543083e-06}