{"SMBHMASS": 700000.0, "SecondaryMass": 10, "PROCAMASS": 4e-18, "p0": 13.202, "e0": 0.6, "BHSpin": 1, "Trajectory Exit Reason": "Separatrix reached!", "mismatch": 9.658940314238862e-15, "faithfulness": 0.9999999999999898, "DeltaNOrbits": 1.13021250914382e-09}