{"SMBHMASS": 10000000.0, "SecondaryMass": 10, "PROCAMASS": 1e-18, "p0": 4.83, "e0": 0.3, "BHSpin": 1, "Trajectory Exit Reason": "Separatrix reached!", "mismatch": 1.3590562828902364e-05, "faithfulness": 0.9999698382536982, "DeltaNOrbits": -0.0016770872130903614}