{"SMBHMASS": 400000.0, "SecondaryMass": 10, "PROCAMASS": 9e-18, "p0": 17.4, "e0": 0.1, "BHSpin": 1, "Trajectory Exit Reason": "Separatrix reached!", "mismatch": 1.839084440291572e-12, "faithfulness": 0.9999999999980103, "DeltaNOrbits": 4.9821990771930034e-08}