{"SMBHMASS": 600000.0, "SecondaryMass": 10, "PROCAMASS": 9e-18, "p0": 14.7, "e0": 0.1, "BHSpin": 1, "Trajectory Exit Reason": "Separatrix reached!", "mismatch": 6.064914603864935e-08, "faithfulness": 0.9999998814132713, "DeltaNOrbits": 1.266625453382695e-05}