{"SMBHMASS": 500000.0, "SecondaryMass": 10, "PROCAMASS": 6e-18, "p0": 15.2, "e0": 0.5, "BHSpin": 1, "Trajectory Exit Reason": "Separatrix reached!", "mismatch": 2.2870594307278225e-14, "faithfulness": 0.9999999999999869, "DeltaNOrbits": 1.7231108745963157e-09}