{"SMBHMASS": 300000.0, "SecondaryMass": 10, "PROCAMASS": 1e-16, "p0": 19.6, "e0": 0.5, "BHSpin": 1, "Trajectory Exit Reason": "Separatrix reached!", "mismatch": 0.9983950007436005, "faithfulness": 0.0011197649374845664, "DeltaNOrbits": 2464.9339173040535}