{"SMBHMASS": 500000.0, "SecondaryMass": 10, "PROCAMASS": 6e-18, "p0": 15.5, "e0": 0.3, "BHSpin": 1, "Trajectory Exit Reason": "Separatrix reached!", "mismatch": 3.2529534621517087e-14, "faithfulness": 0.9999999999999846, "DeltaNOrbits": 1.5934143571535823e-09}