{"SMBHMASS": 500000.0, "SecondaryMass": 10, "PROCAMASS": 6e-18, "p0": 15.6, "e0": 0.1, "BHSpin": 1, "Trajectory Exit Reason": "Separatrix reached!", "mismatch": 4.4853010194856324e-14, "faithfulness": 0.9999999999999769, "DeltaNOrbits": 1.6675266528351443e-09}