{"SMBHMASS": 400000.0, "SecondaryMass": 10, "PROCAMASS": 2e-17, "p0": 16.25, "e0": 0.7, "BHSpin": 1, "Trajectory Exit Reason": "Separatrix reached!", "mismatch": 0.019225792164735855, "faithfulness": 0.9761999192103884, "DeltaNOrbits": 0.004476919880669665}