{"SMBHMASS": 400000.0, "SecondaryMass": 10, "PROCAMASS": 8e-18, "p0": 17.3, "e0": 0.3, "BHSpin": 1, "Trajectory Exit Reason": "Separatrix reached!", "mismatch": 2.3714363805993344e-13, "faithfulness": 0.9999999999998207, "DeltaNOrbits": 1.167268656984601e-08}