{"SMBHMASS": 800000.0, "SecondaryMass": 10, "PROCAMASS": 7e-18, "p0": 12.899999999999999, "e0": 0.1, "BHSpin": 1, "Trajectory Exit Reason": "Separatrix reached!", "mismatch": 7.123750878079704e-08, "faithfulness": 0.9999998328502724, "DeltaNOrbits": 1.4074110230667822e-05}