{"SMBHMASS": 700000.0, "SecondaryMass": 10, "PROCAMASS": 5e-18, "p0": 13.202, "e0": 0.6, "BHSpin": 1, "Trajectory Exit Reason": "Separatrix reached!", "mismatch": 6.641354133307686e-13, "faithfulness": 0.9999999999993299, "DeltaNOrbits": 2.4253248761791153e-08}