{"SMBHMASS": 400000.0, "SecondaryMass": 10, "PROCAMASS": 8e-18, "p0": 17.0, "e0": 0.5, "BHSpin": 1, "Trajectory Exit Reason": "Separatrix reached!", "mismatch": 3.426148253993233e-13, "faithfulness": 0.9999999999997373, "DeltaNOrbits": 1.1746798865527572e-08}