{"SMBHMASS": 1000000.0, "SecondaryMass": 10, "PROCAMASS": 3e-18, "p0": 11.05, "e0": 0.2, "BHSpin": 1, "Trajectory Exit Reason": "Separatrix reached!", "mismatch": 7.893685705084863e-14, "faithfulness": 0.9999999999998997, "DeltaNOrbits": 1.2969651744273346e-10}