{"SMBHMASS": 1000000.0, "SecondaryMass": 10, "PROCAMASS": 4e-18, "p0": 10.685, "e0": 0.6, "BHSpin": 1, "Trajectory Exit Reason": "Separatrix reached!", "mismatch": 1.8068879725774423e-12, "faithfulness": 0.9999999999977623, "DeltaNOrbits": 4.3633614082519606e-08}