{"SMBHMASS": 700000.0, "SecondaryMass": 10, "PROCAMASS": 9e-18, "p0": 12.924, "e0": 0.7, "BHSpin": 1, "Trajectory Exit Reason": "Separatrix reached!", "mismatch": 1.3786020360839757e-06, "faithfulness": 0.9999977413094073, "DeltaNOrbits": 4.500966634047613e-05}