{"SMBHMASS": 200000.0, "SecondaryMass": 10, "PROCAMASS": 2e-17, "p0": 26.900000000000002, "e0": 0.5, "BHSpin": 1, "Trajectory Exit Reason": "Separatrix reached!", "mismatch": 1.4643850576590012e-09, "faithfulness": 0.9999999984706237, "DeltaNOrbits": 1.1331770009710824e-06}