{"SMBHMASS": 400000.0, "SecondaryMass": 10, "PROCAMASS": 1e-17, "p0": 16.625, "e0": 0.6, "BHSpin": 1, "Trajectory Exit Reason": "Separatrix reached!", "mismatch": 2.943500998497939e-11, "faithfulness": 0.999999999965304, "DeltaNOrbits": 1.8770791688747609e-07}