{"SMBHMASS": 20000000.0, "SecondaryMass": 10, "PROCAMASS": 2e-19, "p0": 4.83, "e0": 0.2, "BHSpin": 1, "Trajectory Exit Reason": "Integration reached time boundary. Boundary location t = 2562842.94", "mismatch": -2.6645352591003757e-15, "faithfulness": 0.9999999998951381, "DeltaNOrbits": -1.3571814146686036e-09}