{"SMBHMASS": 400000.0, "SecondaryMass": 10, "PROCAMASS": 7e-18, "p0": 17.4, "e0": 0.1, "BHSpin": 1, "Trajectory Exit Reason": "Separatrix reached!", "mismatch": 3.5083047578154947e-14, "faithfulness": 0.999999999999991, "DeltaNOrbits": 7.225948828952291e-10}