{"SMBHMASS": 500000.0, "SecondaryMass": 10, "PROCAMASS": 7e-18, "p0": 14.56, "e0": 0.7, "BHSpin": 1, "Trajectory Exit Reason": "Separatrix reached!", "mismatch": 2.916555885690286e-13, "faithfulness": 0.9999999999997718, "DeltaNOrbits": 1.2145152454815968e-08}