{"SMBHMASS": 300000.0, "SecondaryMass": 10, "PROCAMASS": 1e-17, "p0": 20.1, "e0": 0.1, "BHSpin": 1, "Trajectory Exit Reason": "Separatrix reached!", "mismatch": 9.85878045867139e-14, "faithfulness": 0.999999999999926, "DeltaNOrbits": 5.762230989241443e-09}