{"SMBHMASS": 600000.0, "SecondaryMass": 10, "PROCAMASS": 9e-18, "p0": 14.7, "e0": 0.1, "BHSpin": 1, "Trajectory Exit Reason": "Separatrix reached!", "mismatch": 9.226816533036697e-09, "faithfulness": 0.9999999816040746, "DeltaNOrbits": 5.003932507901622e-06}