{"SMBHMASS": 700000.0, "SecondaryMass": 10, "PROCAMASS": 5e-18, "p0": 13.799999999999999, "e0": 0.1, "BHSpin": 1, "Trajectory Exit Reason": "Separatrix reached!", "mismatch": 3.3872904481313526e-13, "faithfulness": 0.9999999999996113, "DeltaNOrbits": 1.4915099505914347e-08}