{"SMBHMASS": 400000.0, "SecondaryMass": 10, "PROCAMASS": 1e-17, "p0": 17.3, "e0": 0.3, "BHSpin": 1, "Trajectory Exit Reason": "Separatrix reached!", "mismatch": 1.1647571795947442e-11, "faithfulness": 0.9999999999849515, "DeltaNOrbits": 1.448154257617721e-07}