{"SMBHMASS": 1000000.0, "SecondaryMass": 10, "PROCAMASS": 6e-18, "p0": 10.47, "e0": 0.7, "BHSpin": 1, "Trajectory Exit Reason": "Separatrix reached!", "mismatch": 1.9700540643263764e-07, "faithfulness": 0.9999996459095236, "DeltaNOrbits": 1.921881904421657e-05}