{"SMBHMASS": 500000.0, "SecondaryMass": 10, "PROCAMASS": 8e-18, "p0": 15.2, "e0": 0.5, "BHSpin": 1, "Trajectory Exit Reason": "Separatrix reached!", "mismatch": 4.148681398419285e-12, "faithfulness": 0.9999999999948881, "DeltaNOrbits": 8.230170435437457e-08}