{"SMBHMASS": 100000.0, "SecondaryMass": 10, "PROCAMASS": 7e-17, "p0": 34.2, "e0": 0.5, "BHSpin": 1, "Trajectory Exit Reason": "Separatrix reached!", "mismatch": 0.11575819619896865, "faithfulness": 0.9293070869926922, "DeltaNOrbits": 0.010056238185306893}