{"SMBHMASS": 60000000.0, "SecondaryMass": 10, "PROCAMASS": 1e-19, "p0": 4.795, "e0": 0.4, "BHSpin": 1, "Trajectory Exit Reason": "Integration reached time boundary. Boundary location t = 854280.98", "mismatch": 2.8124169659804465e-12, "faithfulness": 0.9999990767946302, "DeltaNOrbits": -1.0757168117254715e-07}