{"SMBHMASS": 10000000.0, "SecondaryMass": 10, "PROCAMASS": 4e-19, "p0": 4.83, "e0": 0.2, "BHSpin": 1, "Trajectory Exit Reason": "Separatrix reached!", "mismatch": 4.241051954068098e-14, "faithfulness": 0.9999999999692325, "DeltaNOrbits": -5.8456073218832e-09}