{"SMBHMASS": 1000000.0, "SecondaryMass": 10, "PROCAMASS": 5e-18, "p0": 10.47, "e0": 0.7, "BHSpin": 1, "Trajectory Exit Reason": "Separatrix reached!", "mismatch": 1.1005032440891682e-09, "faithfulness": 0.9999999980647921, "DeltaNOrbits": 1.413858792791078e-06}