{"SMBHMASS": 70000000.0, "SecondaryMass": 10, "PROCAMASS": 5e-19, "p0": 4.76, "e0": 0.5, "BHSpin": 1, "Trajectory Exit Reason": "Integration reached time boundary. Boundary location t = 732240.84", "mismatch": 1.0001856455148732, "faithfulness": 0.5727833569409727, "DeltaNOrbits": -1053.2073809875321}