{"SMBHMASS": 800000.0, "SecondaryMass": 10, "PROCAMASS": 5e-18, "p0": 12.799999999999999, "e0": 0.3, "BHSpin": 1, "Trajectory Exit Reason": "Separatrix reached!", "mismatch": 8.12039324671332e-12, "faithfulness": 0.9999999999858848, "DeltaNOrbits": 1.218035579526471e-07}