{"SMBHMASS": 300000.0, "SecondaryMass": 10, "PROCAMASS": 3e-17, "p0": 20.0, "e0": 0.3, "BHSpin": 1, "Trajectory Exit Reason": "Separatrix reached!", "mismatch": 0.4745899858630578, "faithfulness": 0.33535524402711686, "DeltaNOrbits": 0.06605214192807829}