{"SMBHMASS": 1000000.0, "SecondaryMass": 10, "PROCAMASS": 9e-18, "p0": 10.685, "e0": 0.6, "BHSpin": 1, "Trajectory Exit Reason": "Separatrix reached!", "mismatch": 0.007009691554542785, "faithfulness": 0.9866113871706518, "DeltaNOrbits": 0.004050970402067537}