{"SMBHMASS": 700000.0, "SecondaryMass": 10, "PROCAMASS": 5e-18, "p0": 13.202, "e0": 0.6, "BHSpin": 1, "Trajectory Exit Reason": "Separatrix reached!", "mismatch": 2.6434410216324977e-13, "faithfulness": 0.9999999999997922, "DeltaNOrbits": 9.39373347763798e-09}