{"SMBHMASS": 600000.0, "SecondaryMass": 10, "PROCAMASS": 6e-18, "p0": 14.041, "e0": 0.6, "BHSpin": 1, "Trajectory Exit Reason": "Separatrix reached!", "mismatch": 2.025379863823673e-12, "faithfulness": 0.9999999999979275, "DeltaNOrbits": 3.883484293713847e-08}