{"SMBHMASS": 300000.0, "SecondaryMass": 10, "PROCAMASS": 1e-17, "p0": 19.800000000000004, "e0": 0.4, "BHSpin": 1, "Trajectory Exit Reason": "Separatrix reached!", "mismatch": 7.30526750203353e-14, "faithfulness": 0.9999999999999581, "DeltaNOrbits": 3.538862118794584e-09}