{"SMBHMASS": 70000000.0, "SecondaryMass": 10, "PROCAMASS": 2e-19, "p0": 4.83, "e0": 0.2, "BHSpin": 1, "Trajectory Exit Reason": "Integration reached time boundary. Boundary location t = 732240.84", "mismatch": 0.025525539121038276, "faithfulness": 0.9830527063701724, "DeltaNOrbits": -0.018191303095539308}