{"SMBHMASS": 100000.0, "SecondaryMass": 10, "PROCAMASS": 4e-17, "p0": 34.5, "e0": 0.4, "BHSpin": 1, "Trajectory Exit Reason": "Separatrix reached!", "mismatch": 3.226070188766528e-08, "faithfulness": 0.9999999837913266, "DeltaNOrbits": 4.606486794235325e-06}