{"SMBHMASS": 500000.0, "SecondaryMass": 10, "PROCAMASS": 9e-18, "p0": 15.6, "e0": 0.1, "BHSpin": 1, "Trajectory Exit Reason": "Separatrix reached!", "mismatch": 5.942413228154919e-10, "faithfulness": 0.9999999990348947, "DeltaNOrbits": 1.2332656562890318e-06}