{"SMBHMASS": 700000.0, "SecondaryMass": 10, "PROCAMASS": 2e-17, "p0": 13.749999999999996, "e0": 0.2, "BHSpin": 1, "Trajectory Exit Reason": "Separatrix reached!", "mismatch": 0.9578301469300402, "faithfulness": 0.006702144011818507, "DeltaNOrbits": 2.390623236470284}