{"SMBHMASS": 300000.0, "SecondaryMass": 10, "PROCAMASS": 9e-18, "p0": 20.1, "e0": 0.1, "BHSpin": 1, "Trajectory Exit Reason": "Separatrix reached!", "mismatch": 5.806466418789569e-14, "faithfulness": 0.9999999999999912, "DeltaNOrbits": 7.225948828952291e-10}