{"SMBHMASS": 500000.0, "SecondaryMass": 10, "PROCAMASS": 6e-17, "p0": 14.879999999999999, "e0": 0.6, "BHSpin": 1, "Trajectory Exit Reason": "Separatrix reached!", "mismatch": 0.9981971834855267, "faithfulness": 0.0007814000621412941, "DeltaNOrbits": 1523.0265905070876}