{"SMBHMASS": 100000.0, "SecondaryMass": 10, "PROCAMASS": 5e-17, "p0": 33.35, "e0": 0.6, "BHSpin": 1, "Trajectory Exit Reason": "Separatrix reached!", "mismatch": 1.684627269871175e-05, "faithfulness": 0.999991309459766, "DeltaNOrbits": 8.781690053403544e-05}