{"SMBHMASS": 500000.0, "SecondaryMass": 10, "PROCAMASS": 8e-18, "p0": 15.6, "e0": 0.1, "BHSpin": 1, "Trajectory Exit Reason": "Separatrix reached!", "mismatch": 4.329980818340573e-12, "faithfulness": 0.9999999999940022, "DeltaNOrbits": 9.397439092422058e-08}