{"SMBHMASS": 300000.0, "SecondaryMass": 10, "PROCAMASS": 1e-17, "p0": 18.7, "e0": 0.7, "BHSpin": 1, "Trajectory Exit Reason": "Separatrix reached!", "mismatch": 2.828848266744899e-13, "faithfulness": 0.9999999999998378, "DeltaNOrbits": 5.169332623788948e-09}