{"SMBHMASS": 800000.0, "SecondaryMass": 10, "PROCAMASS": 4e-18, "p0": 12.62, "e0": 0.5, "BHSpin": 1, "Trajectory Exit Reason": "Separatrix reached!", "mismatch": 2.298161660974074e-14, "faithfulness": 0.9999999999999777, "DeltaNOrbits": 2.4271776835711545e-09}