{"SMBHMASS": 700000.0, "SecondaryMass": 10, "PROCAMASS": 9e-18, "p0": 13.479999999999999, "e0": 0.5, "BHSpin": 1, "Trajectory Exit Reason": "Separatrix reached!", "mismatch": 6.022783969883427e-06, "faithfulness": 0.9999888334859928, "DeltaNOrbits": 0.0001165628551881168}