{"SMBHMASS": 7000000.0, "SecondaryMass": 10, "PROCAMASS": 7e-19, "p0": 5.352, "e0": 0.1, "BHSpin": 1, "Trajectory Exit Reason": "Separatrix reached!", "mismatch": 1.0962342145148796e-12, "faithfulness": 0.9999999998019679, "DeltaNOrbits": -1.403084717806371e-07}