{"SMBHMASS": 800000.0, "SecondaryMass": 10, "PROCAMASS": 5e-18, "p0": 12.71, "e0": 0.4, "BHSpin": 1, "Trajectory Exit Reason": "Separatrix reached!", "mismatch": 1.6310286454768175e-12, "faithfulness": 0.9999999999976941, "DeltaNOrbits": 4.7172476201314195e-08}