{"SMBHMASS": 600000.0, "SecondaryMass": 10, "PROCAMASS": 1e-17, "p0": 14.469999999999999, "e0": 0.4, "BHSpin": 1, "Trajectory Exit Reason": "Separatrix reached!", "mismatch": 5.41221023886429e-07, "faithfulness": 0.9999990332858703, "DeltaNOrbits": 3.563876871394503e-05}