{"SMBHMASS": 800000.0, "SecondaryMass": 10, "PROCAMASS": 7e-18, "p0": 12.106, "e0": 0.7, "BHSpin": 1, "Trajectory Exit Reason": "Separatrix reached!", "mismatch": 6.07509230698966e-08, "faithfulness": 0.9999998960071467, "DeltaNOrbits": 9.643630874639246e-06}