{"SMBHMASS": 500000.0, "SecondaryMass": 10, "PROCAMASS": 8e-18, "p0": 15.6, "e0": 0.1, "BHSpin": 1, "Trajectory Exit Reason": "Separatrix reached!", "mismatch": 2.5301760686602393e-11, "faithfulness": 0.9999999999628902, "DeltaNOrbits": 2.346580562017456e-07}