{"SMBHMASS": 1000000.0, "SecondaryMass": 10, "PROCAMASS": 6e-18, "p0": 10.950000000000003, "e0": 0.4, "BHSpin": 1, "Trajectory Exit Reason": "Separatrix reached!", "mismatch": 7.832815729358344e-08, "faithfulness": 0.9999998304667951, "DeltaNOrbits": 1.5160031379104948e-05}