{"SMBHMASS": 900000.0, "SecondaryMass": 10, "PROCAMASS": 6e-18, "p0": 11.288, "e0": 0.7, "BHSpin": 1, "Trajectory Exit Reason": "Separatrix reached!", "mismatch": 1.9182220145630424e-08, "faithfulness": 0.9999999661368435, "DeltaNOrbits": 5.65247994337401e-06}