{"SMBHMASS": 40000000.0, "SecondaryMass": 10, "PROCAMASS": 7e-19, "p0": 4.795, "e0": 0.4, "BHSpin": 1, "Trajectory Exit Reason": "Integration reached time boundary. Boundary location t = 1281421.47", "mismatch": 0.9941933685123929, "faithfulness": 0.05189635343328882, "DeltaNOrbits": -332.873939866703}