{"SMBHMASS": 900000.0, "SecondaryMass": 10, "PROCAMASS": 8e-18, "p0": 11.523999999999997, "e0": 0.6, "BHSpin": 1, "Trajectory Exit Reason": "Separatrix reached!", "mismatch": 1.0411332979631815e-05, "faithfulness": 0.999980456196832, "DeltaNOrbits": 0.00016778855136832953}