{"SMBHMASS": 1000000.0, "SecondaryMass": 10, "PROCAMASS": 5e-18, "p0": 10.950000000000003, "e0": 0.4, "BHSpin": 1, "Trajectory Exit Reason": "Separatrix reached!", "mismatch": 6.908327243593249e-10, "faithfulness": 0.9999999985288001, "DeltaNOrbits": 1.3808417650649422e-06}