{"SMBHMASS": 4000000.0, "SecondaryMass": 10, "PROCAMASS": 3e-18, "p0": 6.305, "e0": 0.2, "BHSpin": 1, "Trajectory Exit Reason": "Separatrix reached!", "mismatch": 0.007935859109674204, "faithfulness": 0.9889485012503788, "DeltaNOrbits": -0.027372335410151695}