{"SMBHMASS": 100000.0, "SecondaryMass": 10, "PROCAMASS": 8e-17, "p0": 33.35, "e0": 0.6, "BHSpin": 1, "Trajectory Exit Reason": "Separatrix reached!", "mismatch": 0.6098722220677302, "faithfulness": 0.32688136976643234, "DeltaNOrbits": 0.07254711453314479}