{"SMBHMASS": 1000000.0, "SecondaryMass": 10, "PROCAMASS": 5e-18, "p0": 10.685, "e0": 0.6, "BHSpin": 1, "Trajectory Exit Reason": "Separatrix reached!", "mismatch": 4.690478005997534e-10, "faithfulness": 0.9999999991335945, "DeltaNOrbits": 1.0224254391119483e-06}