{"SMBHMASS": 300000.0, "SecondaryMass": 10, "PROCAMASS": 9e-18, "p0": 19.6, "e0": 0.5, "BHSpin": 1, "Trajectory Exit Reason": "Separatrix reached!", "mismatch": 1.5343282200319663e-13, "faithfulness": 0.999999999999935, "DeltaNOrbits": 1.8528073920390491e-09}