{"SMBHMASS": 800000.0, "SecondaryMass": 10, "PROCAMASS": 5e-18, "p0": 12.106, "e0": 0.7, "BHSpin": 1, "Trajectory Exit Reason": "Separatrix reached!", "mismatch": 8.471445767099794e-12, "faithfulness": 0.9999999999883582, "DeltaNOrbits": 9.506754728552361e-08}