{"SMBHMASS": 300000.0, "SecondaryMass": 10, "PROCAMASS": 4e-17, "p0": 20.05, "e0": 0.2, "BHSpin": 1, "Trajectory Exit Reason": "Separatrix reached!", "mismatch": 0.8895306351693938, "faithfulness": 0.03478434952532396, "DeltaNOrbits": 1.5101829084914604}