{"SMBHMASS": 500000.0, "SecondaryMass": 10, "PROCAMASS": 1e-17, "p0": 15.350000000000001, "e0": 0.4, "BHSpin": 1, "Trajectory Exit Reason": "Separatrix reached!", "mismatch": 1.6412741166149658e-09, "faithfulness": 0.9999999974240481, "DeltaNOrbits": 2.0096290097012343e-06}