{"SMBHMASS": 700000.0, "SecondaryMass": 10, "PROCAMASS": 1e-17, "p0": 13.749999999999996, "e0": 0.2, "BHSpin": 1, "Trajectory Exit Reason": "Separatrix reached!", "mismatch": 7.578749933934148e-05, "faithfulness": 0.9998386203702345, "DeltaNOrbits": 0.00046832884398464314}