{"SMBHMASS": 900000.0, "SecondaryMass": 10, "PROCAMASS": 8e-18, "p0": 11.95, "e0": 0.2, "BHSpin": 1, "Trajectory Exit Reason": "Separatrix reached!", "mismatch": 3.1686889244042504e-05, "faithfulness": 0.9999250812097544, "DeltaNOrbits": 0.0002954037176272159}