{"SMBHMASS": 300000.0, "SecondaryMass": 10, "PROCAMASS": 1e-16, "p0": 20.05, "e0": 0.2, "BHSpin": 1, "Trajectory Exit Reason": "Separatrix reached!", "mismatch": 0.9992893850512353, "faithfulness": 0.0005070938406382963, "DeltaNOrbits": 12735.807027128623}