{"SMBHMASS": 100000.0, "SecondaryMass": 10, "PROCAMASS": 6e-17, "p0": 34.8, "e0": 0.3, "BHSpin": 1, "Trajectory Exit Reason": "Separatrix reached!", "mismatch": 0.004656647615225329, "faithfulness": 0.9976501447443962, "DeltaNOrbits": 0.0018265418832810602}