{"SMBHMASS": 600000.0, "SecondaryMass": 10, "PROCAMASS": 5e-18, "p0": 14.649999999999997, "e0": 0.2, "BHSpin": 1, "Trajectory Exit Reason": "Separatrix reached!", "mismatch": 1.3955503419538218e-13, "faithfulness": 0.9999999999999046, "DeltaNOrbits": 2.3901215357303735e-09}