{"SMBHMASS": 700000.0, "SecondaryMass": 10, "PROCAMASS": 6e-18, "p0": 13.590000000000002, "e0": 0.4, "BHSpin": 1, "Trajectory Exit Reason": "Separatrix reached!", "mismatch": 3.667033343646153e-11, "faithfulness": 0.9999999999349343, "DeltaNOrbits": 2.840168451256659e-07}