{"SMBHMASS": 100000.0, "SecondaryMass": 10, "PROCAMASS": 5e-17, "p0": 32.5, "e0": 0.7, "BHSpin": 1, "Trajectory Exit Reason": "Separatrix reached!", "mismatch": 3.5569540202784466e-05, "faithfulness": 0.9999819158065446, "DeltaNOrbits": 0.00011077896488046242}