{"SMBHMASS": 900000.0, "SecondaryMass": 10, "PROCAMASS": 5e-18, "p0": 11.759999999999998, "e0": 0.5, "BHSpin": 1, "Trajectory Exit Reason": "Separatrix reached!", "mismatch": 4.894007421540891e-11, "faithfulness": 0.9999999999095389, "DeltaNOrbits": 3.2190675629286443e-07}