{"SMBHMASS": 500000.0, "SecondaryMass": 10, "PROCAMASS": 9e-18, "p0": 15.6, "e0": 0.1, "BHSpin": 1, "Trajectory Exit Reason": "Separatrix reached!", "mismatch": 3.124159819734018e-10, "faithfulness": 0.9999999994931307, "DeltaNOrbits": 8.84382024368079e-07}