{"SMBHMASS": 600000.0, "SecondaryMass": 10, "PROCAMASS": 9e-18, "p0": 14.7, "e0": 0.1, "BHSpin": 1, "Trajectory Exit Reason": "Separatrix reached!", "mismatch": 1.6627021648396578e-08, "faithfulness": 0.9999999670881012, "DeltaNOrbits": 6.739735113133405e-06}