{"SMBHMASS": 1000000.0, "SecondaryMass": 10, "PROCAMASS": 3e-18, "p0": 10.47, "e0": 0.7, "BHSpin": 1, "Trajectory Exit Reason": "Separatrix reached!", "mismatch": 2.55351295663786e-14, "faithfulness": 0.9999999999999858, "DeltaNOrbits": 9.44931769939915e-10}