{"SMBHMASS": 800000.0, "SecondaryMass": 10, "PROCAMASS": 6e-18, "p0": 12.899999999999999, "e0": 0.1, "BHSpin": 1, "Trajectory Exit Reason": "Separatrix reached!", "mismatch": 2.9676194834848957e-10, "faithfulness": 0.9999999993381454, "DeltaNOrbits": 8.166804422629721e-07}