{"SMBHMASS": 900000.0, "SecondaryMass": 10, "PROCAMASS": 1e-17, "p0": 11.830000000000002, "e0": 0.4, "BHSpin": 1, "Trajectory Exit Reason": "Separatrix reached!", "mismatch": 0.022288937244295037, "faithfulness": 0.951976502547586, "DeltaNOrbits": 0.0077775940487314855}