{"SMBHMASS": 50000000.0, "SecondaryMass": 10, "PROCAMASS": 2e-19, "p0": 4.795, "e0": 0.4, "BHSpin": 1, "Trajectory Exit Reason": "Integration reached time boundary. Boundary location t = 1025137.18", "mismatch": 5.811142871348096e-07, "faithfulness": 0.9997428954782542, "DeltaNOrbits": 7.683161477067289e-06}