{"SMBHMASS": 30000000.0, "SecondaryMass": 10, "PROCAMASS": 1e-19, "p0": 4.83, "e0": 0.2, "BHSpin": 1, "Trajectory Exit Reason": "Integration reached time boundary. Boundary location t = 1708561.96", "mismatch": 4.440892098500626e-16, "faithfulness": 1.0000000000000004, "DeltaNOrbits": -1.8528073920390492e-11}