{"SMBHMASS": 600000.0, "SecondaryMass": 10, "PROCAMASS": 5e-18, "p0": 14.469999999999999, "e0": 0.4, "BHSpin": 1, "Trajectory Exit Reason": "Separatrix reached!", "mismatch": 2.644551244657123e-13, "faithfulness": 0.9999999999998272, "DeltaNOrbits": 4.4282096669733275e-09}