{"SMBHMASS": 400000.0, "SecondaryMass": 10, "PROCAMASS": 8e-18, "p0": 17.0, "e0": 0.5, "BHSpin": 1, "Trajectory Exit Reason": "Separatrix reached!", "mismatch": 1.5343282200319663e-13, "faithfulness": 0.9999999999999162, "DeltaNOrbits": 5.928983654524958e-09}