{"SMBHMASS": 700000.0, "SecondaryMass": 10, "PROCAMASS": 7e-18, "p0": 13.7, "e0": 0.3, "BHSpin": 1, "Trajectory Exit Reason": "Separatrix reached!", "mismatch": 4.039888756857124e-09, "faithfulness": 0.9999999917800435, "DeltaNOrbits": 3.2464705842569015e-06}