{"SMBHMASS": 900000.0, "SecondaryMass": 10, "PROCAMASS": 6e-18, "p0": 11.830000000000002, "e0": 0.4, "BHSpin": 1, "Trajectory Exit Reason": "Separatrix reached!", "mismatch": 4.736450343045817e-09, "faithfulness": 0.9999999899291363, "DeltaNOrbits": 3.5180921479298264e-06}