{"SMBHMASS": 20000000.0, "SecondaryMass": 10, "PROCAMASS": 2e-19, "p0": 4.83, "e0": 0.2, "BHSpin": 1, "Trajectory Exit Reason": "Integration reached time boundary. Boundary location t = 2562842.94", "mismatch": -1.0658141036401503e-14, "faithfulness": 0.9999999999509179, "DeltaNOrbits": -1.6605786251149978e-09}