{"SMBHMASS": 800000.0, "SecondaryMass": 10, "PROCAMASS": 5e-18, "p0": 12.899999999999999, "e0": 0.1, "BHSpin": 1, "Trajectory Exit Reason": "Separatrix reached!", "mismatch": 5.487610366117224e-12, "faithfulness": 0.99999999999013, "DeltaNOrbits": 1.1165017344427311e-07}