{"SMBHMASS": 400000.0, "SecondaryMass": 10, "PROCAMASS": 9e-18, "p0": 17.4, "e0": 0.1, "BHSpin": 1, "Trajectory Exit Reason": "Separatrix reached!", "mismatch": 2.9887203822909214e-12, "faithfulness": 0.9999999999967994, "DeltaNOrbits": 6.201346341154697e-08}