{"SMBHMASS": 800000.0, "SecondaryMass": 10, "PROCAMASS": 9e-18, "p0": 12.71, "e0": 0.4, "BHSpin": 1, "Trajectory Exit Reason": "Separatrix reached!", "mismatch": 4.839400232825586e-05, "faithfulness": 0.9998992912623544, "DeltaNOrbits": 0.0003465097780341247}