{"SMBHMASS": 900000.0, "SecondaryMass": 10, "PROCAMASS": 1e-17, "p0": 11.759999999999998, "e0": 0.5, "BHSpin": 1, "Trajectory Exit Reason": "Separatrix reached!", "mismatch": 0.0033494188574897388, "faithfulness": 0.9932050621732564, "DeltaNOrbits": 0.0026135075749608013}