{"SMBHMASS": 600000.0, "SecondaryMass": 10, "PROCAMASS": 5e-18, "p0": 14.041, "e0": 0.6, "BHSpin": 1, "Trajectory Exit Reason": "Separatrix reached!", "mismatch": 1.7319479184152442e-14, "faithfulness": 0.9999999999999848, "DeltaNOrbits": 1.4822459136312395e-09}