{"SMBHMASS": 700000.0, "SecondaryMass": 10, "PROCAMASS": 7e-18, "p0": 13.799999999999999, "e0": 0.1, "BHSpin": 1, "Trajectory Exit Reason": "Separatrix reached!", "mismatch": 2.527578257804919e-09, "faithfulness": 0.9999999945394756, "DeltaNOrbits": 2.618128013394699e-06}