{"SMBHMASS": 900000.0, "SecondaryMass": 10, "PROCAMASS": 7e-18, "p0": 11.899999999999999, "e0": 0.3, "BHSpin": 1, "Trajectory Exit Reason": "Separatrix reached!", "mismatch": 7.590945756419387e-07, "faithfulness": 0.9999982773971896, "DeltaNOrbits": 4.59067123033688e-05}