{"SMBHMASS": 900000.0, "SecondaryMass": 10, "PROCAMASS": 4e-18, "p0": 11.288, "e0": 0.7, "BHSpin": 1, "Trajectory Exit Reason": "Separatrix reached!", "mismatch": 3.7325698087897763e-13, "faithfulness": 0.9999999999996347, "DeltaNOrbits": 1.1987663826492648e-08}