{"SMBHMASS": 60000000.0, "SecondaryMass": 10, "PROCAMASS": 2e-19, "p0": 4.83, "e0": 0.1, "BHSpin": 1, "Trajectory Exit Reason": "Integration reached time boundary. Boundary location t = 854280.98", "mismatch": 0.0010475352944402383, "faithfulness": 0.9951167353505687, "DeltaNOrbits": -0.003966962531920171}