{"SMBHMASS": 800000.0, "SecondaryMass": 10, "PROCAMASS": 8e-18, "p0": 12.899999999999999, "e0": 0.1, "BHSpin": 1, "Trajectory Exit Reason": "Separatrix reached!", "mismatch": 3.3995820813981226e-07, "faithfulness": 0.9999992000460662, "DeltaNOrbits": 3.0750988701450336e-05}