{"SMBHMASS": 400000.0, "SecondaryMass": 10, "PROCAMASS": 7e-18, "p0": 16.625, "e0": 0.6, "BHSpin": 1, "Trajectory Exit Reason": "Separatrix reached!", "mismatch": 1.0769163338864018e-14, "faithfulness": 0.9999999999999916, "DeltaNOrbits": 5.002579958505432e-10}