{"SMBHMASS": 80000000.0, "SecondaryMass": 10, "PROCAMASS": 1e-19, "p0": 4.83, "e0": 0.1, "BHSpin": 1, "Trajectory Exit Reason": "Integration reached time boundary. Boundary location t = 640710.74", "mismatch": 3.3943454713636356e-09, "faithfulness": 0.9760503163931313, "DeltaNOrbits": -7.0711467713474295e-06}