{"SMBHMASS": 1000000.0, "SecondaryMass": 10, "PROCAMASS": 8e-18, "p0": 11.1, "e0": 0.1, "BHSpin": 1, "Trajectory Exit Reason": "Separatrix reached!", "mismatch": 3.105137226522281e-05, "faithfulness": 0.999927171147893, "DeltaNOrbits": 0.0003206346928497861}