{"SMBHMASS": 800000.0, "SecondaryMass": 10, "PROCAMASS": 8e-18, "p0": 12.363, "e0": 0.6, "BHSpin": 1, "Trajectory Exit Reason": "Separatrix reached!", "mismatch": 1.6409149394824851e-06, "faithfulness": 0.9999969898352234, "DeltaNOrbits": 5.6175934329893066e-05}