{"SMBHMASS": 600000.0, "SecondaryMass": 10, "PROCAMASS": 8e-18, "p0": 14.041, "e0": 0.6, "BHSpin": 1, "Trajectory Exit Reason": "Separatrix reached!", "mismatch": 1.456008313915902e-09, "faithfulness": 0.9999999977035219, "DeltaNOrbits": 1.5739598795371723e-06}