{"SMBHMASS": 200000.0, "SecondaryMass": 10, "PROCAMASS": 4e-17, "p0": 27.4, "e0": 0.3, "BHSpin": 1, "Trajectory Exit Reason": "Separatrix reached!", "mismatch": 0.26896613884087783, "faithfulness": 0.6239462914126639, "DeltaNOrbits": 0.028331416829279654}