{"SMBHMASS": 400000.0, "SecondaryMass": 10, "PROCAMASS": 2e-17, "p0": 16.625, "e0": 0.6, "BHSpin": 1, "Trajectory Exit Reason": "Separatrix reached!", "mismatch": 0.022162158747281002, "faithfulness": 0.9715835544060052, "DeltaNOrbits": 0.005688238811063107}