{"SMBHMASS": 800000.0, "SecondaryMass": 10, "PROCAMASS": 9e-18, "p0": 12.106, "e0": 0.7, "BHSpin": 1, "Trajectory Exit Reason": "Separatrix reached!", "mismatch": 2.1977086108404542e-05, "faithfulness": 0.9999622587560242, "DeltaNOrbits": 0.00017154769375796365}