{"SMBHMASS": 800000.0, "SecondaryMass": 10, "PROCAMASS": 8e-18, "p0": 12.799999999999999, "e0": 0.3, "BHSpin": 1, "Trajectory Exit Reason": "Separatrix reached!", "mismatch": 1.2710221723999382e-06, "faithfulness": 0.9999972155006328, "DeltaNOrbits": 5.8176188134190586e-05}