{"SMBHMASS": 400000.0, "SecondaryMass": 10, "PROCAMASS": 1e-17, "p0": 17.4, "e0": 0.1, "BHSpin": 1, "Trajectory Exit Reason": "Separatrix reached!", "mismatch": 4.2369219244164924e-11, "faithfulness": 0.9999999999430916, "DeltaNOrbits": 2.9672710383505374e-07}