{"SMBHMASS": 1000000.0, "SecondaryMass": 10, "PROCAMASS": 5e-18, "p0": 10.9, "e0": 0.5, "BHSpin": 1, "Trajectory Exit Reason": "Separatrix reached!", "mismatch": 8.235432336078929e-10, "faithfulness": 0.9999999983329844, "DeltaNOrbits": 1.4818382960049909e-06}