{"SMBHMASS": 600000.0, "SecondaryMass": 10, "PROCAMASS": 9e-18, "p0": 14.469999999999999, "e0": 0.4, "BHSpin": 1, "Trajectory Exit Reason": "Separatrix reached!", "mismatch": 1.0185354226699417e-08, "faithfulness": 0.9999999816565208, "DeltaNOrbits": 5.0067302470636e-06}