{"SMBHMASS": 700000.0, "SecondaryMass": 10, "PROCAMASS": 6e-17, "p0": 13.479999999999999, "e0": 0.5, "BHSpin": 1, "Trajectory Exit Reason": "Separatrix reached!", "mismatch": 0.9996536196356479, "faithfulness": 0.0001840996817737833, "DeltaNOrbits": 7648.713839668819}