{"SMBHMASS": 30000000.0, "SecondaryMass": 10, "PROCAMASS": 6e-19, "p0": 4.609999999999999, "e0": 0.6, "BHSpin": 1, "Trajectory Exit Reason": "Integration reached time boundary. Boundary location t = 1708561.96", "mismatch": 0.7006467902396663, "faithfulness": 0.1481219287808477, "DeltaNOrbits": 0.1774311195977132}