{"SMBHMASS": 100000.0, "SecondaryMass": 10, "PROCAMASS": 9e-17, "p0": 34.2, "e0": 0.5, "BHSpin": 1, "Trajectory Exit Reason": "Separatrix reached!", "mismatch": 0.8389674714510271, "faithfulness": 0.10147114588733817, "DeltaNOrbits": 0.5989309473501007}