{"SMBHMASS": 600000.0, "SecondaryMass": 10, "PROCAMASS": 7e-18, "p0": 13.741999999999999, "e0": 0.7, "BHSpin": 1, "Trajectory Exit Reason": "Separatrix reached!", "mismatch": 1.9410917317941312e-11, "faithfulness": 0.9999999999734779, "DeltaNOrbits": 1.5092042611854077e-07}