{"SMBHMASS": 500000.0, "SecondaryMass": 10, "PROCAMASS": 1e-17, "p0": 14.879999999999999, "e0": 0.6, "BHSpin": 1, "Trajectory Exit Reason": "Separatrix reached!", "mismatch": 5.972304983892229e-09, "faithfulness": 0.9999999915501644, "DeltaNOrbits": 3.174655769741468e-06}