{"SMBHMASS": 600000.0, "SecondaryMass": 10, "PROCAMASS": 5e-18, "p0": 14.649999999999997, "e0": 0.2, "BHSpin": 1, "Trajectory Exit Reason": "Separatrix reached!", "mismatch": 6.439293542825908e-15, "faithfulness": 0.9999999999999803, "DeltaNOrbits": 8.337633264175721e-10}