{"SMBHMASS": 700000.0, "SecondaryMass": 10, "PROCAMASS": 5e-17, "p0": 13.202, "e0": 0.6, "BHSpin": 1, "Trajectory Exit Reason": "Separatrix reached!", "mismatch": 0.9986068380686915, "faithfulness": 0.0017174601764163575, "DeltaNOrbits": 9755.655768390037}