{"SMBHMASS": 600000.0, "SecondaryMass": 10, "PROCAMASS": 7e-18, "p0": 14.469999999999999, "e0": 0.4, "BHSpin": 1, "Trajectory Exit Reason": "Separatrix reached!", "mismatch": 1.7742252111929702e-11, "faithfulness": 0.9999999999720417, "DeltaNOrbits": 1.8578099719975547e-07}