{"SMBHMASS": 100000.0, "SecondaryMass": 10, "PROCAMASS": 5e-17, "p0": 33.35, "e0": 0.6, "BHSpin": 1, "Trajectory Exit Reason": "Separatrix reached!", "mismatch": 2.579886582354529e-05, "faithfulness": 0.9999868401430679, "DeltaNOrbits": 0.00010837151959561649}