{"SMBHMASS": 900000.0, "SecondaryMass": 10, "PROCAMASS": 4e-18, "p0": 11.288, "e0": 0.7, "BHSpin": 1, "Trajectory Exit Reason": "Separatrix reached!", "mismatch": 5.221378884812111e-13, "faithfulness": 0.9999999999995371, "DeltaNOrbits": 1.4526009953586145e-08}