{"SMBHMASS": 900000.0, "SecondaryMass": 10, "PROCAMASS": 5e-18, "p0": 11.523999999999997, "e0": 0.6, "BHSpin": 1, "Trajectory Exit Reason": "Separatrix reached!", "mismatch": 5.0605741819254035e-11, "faithfulness": 0.9999999999129657, "DeltaNOrbits": 3.106787434971078e-07}