{"SMBHMASS": 800000.0, "SecondaryMass": 10, "PROCAMASS": 5e-18, "p0": 12.899999999999999, "e0": 0.1, "BHSpin": 1, "Trajectory Exit Reason": "Separatrix reached!", "mismatch": 3.739231146937527e-12, "faithfulness": 0.9999999999936174, "DeltaNOrbits": 7.935574060103247e-08}