{"SMBHMASS": 1000000.0, "SecondaryMass": 10, "PROCAMASS": 4e-18, "p0": 11.0, "e0": 0.3, "BHSpin": 1, "Trajectory Exit Reason": "Separatrix reached!", "mismatch": 1.3413714583521141e-12, "faithfulness": 0.9999999999981761, "DeltaNOrbits": 3.666705828845278e-08}