{"SMBHMASS": 200000.0, "SecondaryMass": 10, "PROCAMASS": 2e-17, "p0": 27.5, "e0": 0.2, "BHSpin": 1, "Trajectory Exit Reason": "Separatrix reached!", "mismatch": 6.2095409925078116e-09, "faithfulness": 0.999999993598354, "DeltaNOrbits": 2.6279108364246653e-06}