{"SMBHMASS": 800000.0, "SecondaryMass": 10, "PROCAMASS": 6e-18, "p0": 12.799999999999999, "e0": 0.3, "BHSpin": 1, "Trajectory Exit Reason": "Separatrix reached!", "mismatch": 3.06574654551639e-10, "faithfulness": 0.9999999993511955, "DeltaNOrbits": 8.705044970017065e-07}