{"SMBHMASS": 800000.0, "SecondaryMass": 10, "PROCAMASS": 6e-18, "p0": 12.899999999999999, "e0": 0.1, "BHSpin": 1, "Trajectory Exit Reason": "Separatrix reached!", "mismatch": 2.0530854794031939e-10, "faithfulness": 0.9999999995367791, "DeltaNOrbits": 6.949324685320861e-07}