{"SMBHMASS": 800000.0, "SecondaryMass": 10, "PROCAMASS": 6e-18, "p0": 12.71, "e0": 0.4, "BHSpin": 1, "Trajectory Exit Reason": "Separatrix reached!", "mismatch": 6.97243263125813e-10, "faithfulness": 0.9999999985861886, "DeltaNOrbits": 1.2854962966706126e-06}