{"SMBHMASS": 1000000.0, "SecondaryMass": 10, "PROCAMASS": 8e-18, "p0": 11.05, "e0": 0.2, "BHSpin": 1, "Trajectory Exit Reason": "Separatrix reached!", "mismatch": 9.633039713363711e-05, "faithfulness": 0.999773817715076, "DeltaNOrbits": 0.000520325326568018}