{"SMBHMASS": 400000.0, "SecondaryMass": 10, "PROCAMASS": 5e-17, "p0": 17.3, "e0": 0.3, "BHSpin": 1, "Trajectory Exit Reason": "Separatrix reached!", "mismatch": 0.9962191424400589, "faithfulness": 0.0012646498440255036, "DeltaNOrbits": 884.0824653898109}