{"SMBHMASS": 200000.0, "SecondaryMass": 10, "PROCAMASS": 1e-16, "p0": 27.5, "e0": 0.2, "BHSpin": 1, "Trajectory Exit Reason": "Separatrix reached!", "mismatch": 0.9965993445115003, "faithfulness": 0.0008918093107708606, "DeltaNOrbits": 1419.4899869720618}