{"SMBHMASS": 100000.0, "SecondaryMass": 10, "PROCAMASS": 3e-17, "p0": 34.8, "e0": 0.3, "BHSpin": 1, "Trajectory Exit Reason": "Separatrix reached!", "mismatch": 5.19306819768417e-12, "faithfulness": 0.9999999999974891, "DeltaNOrbits": 5.6510625457191e-08}