{"SMBHMASS": 100000.0, "SecondaryMass": 10, "PROCAMASS": 4e-17, "p0": 34.2, "e0": 0.5, "BHSpin": 1, "Trajectory Exit Reason": "Separatrix reached!", "mismatch": 7.177195393559543e-09, "faithfulness": 0.9999999965830496, "DeltaNOrbits": 2.1059008817915834e-06}