{"SMBHMASS": 100000.0, "SecondaryMass": 10, "PROCAMASS": 8e-17, "p0": 34.2, "e0": 0.5, "BHSpin": 1, "Trajectory Exit Reason": "Separatrix reached!", "mismatch": 0.4926658567034431, "faithfulness": 0.46117348040901945, "DeltaNOrbits": 0.05567518076364938}