{"SMBHMASS": 500000.0, "SecondaryMass": 10, "PROCAMASS": 8e-18, "p0": 14.879999999999999, "e0": 0.6, "BHSpin": 1, "Trajectory Exit Reason": "Separatrix reached!", "mismatch": 1.1624035067825389e-11, "faithfulness": 0.9999999999858312, "DeltaNOrbits": 1.2424926371013865e-07}