{"SMBHMASS": 100000.0, "SecondaryMass": 10, "PROCAMASS": 3e-17, "p0": 35.1, "e0": 0.1, "BHSpin": 1, "Trajectory Exit Reason": "Separatrix reached!", "mismatch": 1.3098744311434984e-11, "faithfulness": 0.999999999993611, "DeltaNOrbits": 9.816173563022882e-08}