{"SMBHMASS": 300000.0, "SecondaryMass": 10, "PROCAMASS": 2e-17, "p0": 18.7, "e0": 0.7, "BHSpin": 1, "Trajectory Exit Reason": "Separatrix reached!", "mismatch": 2.220036990230323e-05, "faithfulness": 0.9999760751193318, "DeltaNOrbits": 0.000134312027408968}