{"SMBHMASS": 300000.0, "SecondaryMass": 10, "PROCAMASS": 9e-18, "p0": 18.7, "e0": 0.7, "BHSpin": 1, "Trajectory Exit Reason": "Separatrix reached!", "mismatch": 1.0524914273446484e-13, "faithfulness": 0.999999999999943, "DeltaNOrbits": 5.002579958505432e-10}