{"SMBHMASS": 50000000.0, "SecondaryMass": 10, "PROCAMASS": 2e-19, "p0": 4.83, "e0": 0.3, "BHSpin": 1, "Trajectory Exit Reason": "Integration reached time boundary. Boundary location t = 1025137.18", "mismatch": 9.595369279136179e-07, "faithfulness": 0.9996282335918957, "DeltaNOrbits": -6.953946281759379e-05}