{"SMBHMASS": 100000.0, "SecondaryMass": 10, "PROCAMASS": 5e-17, "p0": 35.1, "e0": 0.1, "BHSpin": 1, "Trajectory Exit Reason": "Separatrix reached!", "mismatch": 1.2307608563189021e-05, "faithfulness": 0.9999938275790674, "DeltaNOrbits": 0.00010138195193374053}