{"SMBHMASS": 800000.0, "SecondaryMass": 10, "PROCAMASS": 1e-17, "p0": 12.62, "e0": 0.5, "BHSpin": 1, "Trajectory Exit Reason": "Separatrix reached!", "mismatch": 0.0008020482419143216, "faithfulness": 0.9984182477436719, "DeltaNOrbits": 0.0013240384516240307}