{"SMBHMASS": 1000000.0, "SecondaryMass": 10, "PROCAMASS": 6e-18, "p0": 11.1, "e0": 0.1, "BHSpin": 1, "Trajectory Exit Reason": "Separatrix reached!", "mismatch": 6.919283146444855e-08, "faithfulness": 0.9999998304842502, "DeltaNOrbits": 1.4008817298172366e-05}