{"SMBHMASS": 300000.0, "SecondaryMass": 10, "PROCAMASS": 8e-17, "p0": 18.7, "e0": 0.7, "BHSpin": 1, "Trajectory Exit Reason": "Separatrix reached!", "mismatch": 0.9989790697804929, "faithfulness": 0.0004931084142978522, "DeltaNOrbits": 4623.395104146984}