{"SMBHMASS": 100000.0, "SecondaryMass": 10, "PROCAMASS": 4e-17, "p0": 32.5, "e0": 0.7, "BHSpin": 1, "Trajectory Exit Reason": "Separatrix reached!", "mismatch": 8.118131056278344e-09, "faithfulness": 0.9999999960919275, "DeltaNOrbits": 1.7458262932227145e-06}