{"SMBHMASS": 400000.0, "SecondaryMass": 10, "PROCAMASS": 2e-17, "p0": 17.3, "e0": 0.3, "BHSpin": 1, "Trajectory Exit Reason": "Separatrix reached!", "mismatch": 0.003036755402149538, "faithfulness": 0.9955656330486166, "DeltaNOrbits": 0.002569253400098466}