{"SMBHMASS": 3000000.0, "SecondaryMass": 10, "PROCAMASS": 6e-18, "p0": 6.9350000000000005, "e0": 0.4, "BHSpin": 1, "Trajectory Exit Reason": "Separatrix reached!", "mismatch": 0.97376760929993, "faithfulness": -0.017150932703908113, "DeltaNOrbits": 1.193659132107609}