{"SMBHMASS": 700000.0, "SecondaryMass": 10, "PROCAMASS": 6e-18, "p0": 13.7, "e0": 0.3, "BHSpin": 1, "Trajectory Exit Reason": "Separatrix reached!", "mismatch": 6.4572791558248355e-12, "faithfulness": 0.9999999999890206, "DeltaNOrbits": 1.1309536321006356e-07}