{"SMBHMASS": 500000.0, "SecondaryMass": 10, "PROCAMASS": 7e-17, "p0": 15.6, "e0": 0.1, "BHSpin": 1, "Trajectory Exit Reason": "Separatrix reached!", "mismatch": 0.9997299119415567, "faithfulness": 0.00021270731779504876, "DeltaNOrbits": 17833.234833324266}