{"SMBHMASS": 700000.0, "SecondaryMass": 10, "PROCAMASS": 5e-18, "p0": 13.202, "e0": 0.6, "BHSpin": 1, "Trajectory Exit Reason": "Separatrix reached!", "mismatch": 1.0598188993071744e-12, "faithfulness": 0.9999999999989607, "DeltaNOrbits": 2.406796802258725e-08}