{"SMBHMASS": 300000.0, "SecondaryMass": 10, "PROCAMASS": 2e-17, "p0": 19.800000000000004, "e0": 0.4, "BHSpin": 1, "Trajectory Exit Reason": "Separatrix reached!", "mismatch": 1.2323099014777128e-05, "faithfulness": 0.9999854553114697, "DeltaNOrbits": 0.00013720362979342766}