{"SMBHMASS": 30000000.0, "SecondaryMass": 10, "PROCAMASS": 3e-19, "p0": 4.83, "e0": 0.2, "BHSpin": 1, "Trajectory Exit Reason": "Integration reached time boundary. Boundary location t = 1708561.96", "mismatch": 7.85977899431245e-08, "faithfulness": 0.9999558867681604, "DeltaNOrbits": -2.306439026667082e-05}