{"SMBHMASS": 600000.0, "SecondaryMass": 10, "PROCAMASS": 9e-18, "p0": 14.469999999999999, "e0": 0.4, "BHSpin": 1, "Trajectory Exit Reason": "Separatrix reached!", "mismatch": 6.653616135832152e-08, "faithfulness": 0.9999998824609229, "DeltaNOrbits": 1.2357595350387166e-05}