{"SMBHMASS": 400000.0, "SecondaryMass": 10, "PROCAMASS": 1e-17, "p0": 16.25, "e0": 0.7, "BHSpin": 1, "Trajectory Exit Reason": "Separatrix reached!", "mismatch": 2.95184987564312e-11, "faithfulness": 0.9999999999663499, "DeltaNOrbits": 1.6515925092636085e-07}