{"SMBHMASS": 900000.0, "SecondaryMass": 10, "PROCAMASS": 6e-18, "p0": 11.999999999999998, "e0": 0.1, "BHSpin": 1, "Trajectory Exit Reason": "Separatrix reached!", "mismatch": 4.146042953401263e-09, "faithfulness": 0.9999999900716817, "DeltaNOrbits": 3.25634604765647e-06}