{"SMBHMASS": 30000000.0, "SecondaryMass": 10, "PROCAMASS": 2e-19, "p0": 4.83, "e0": 0.3, "BHSpin": 1, "Trajectory Exit Reason": "Integration reached time boundary. Boundary location t = 1708561.96", "mismatch": 6.82598422230285e-12, "faithfulness": 0.9999997001927915, "DeltaNOrbits": -1.4149195250230204e-07}