{"SMBHMASS": 200000.0, "SecondaryMass": 10, "PROCAMASS": 2e-17, "p0": 27.5, "e0": 0.2, "BHSpin": 1, "Trajectory Exit Reason": "Separatrix reached!", "mismatch": 1.558520090760851e-09, "faithfulness": 0.9999999982963372, "DeltaNOrbits": 1.3378751616435567e-06}