{"SMBHMASS": 300000.0, "SecondaryMass": 10, "PROCAMASS": 1e-17, "p0": 19.15, "e0": 0.6, "BHSpin": 1, "Trajectory Exit Reason": "Separatrix reached!", "mismatch": 3.1741276274033225e-13, "faithfulness": 0.9999999999998225, "DeltaNOrbits": 9.745766882125398e-09}