{"SMBHMASS": 400000.0, "SecondaryMass": 10, "PROCAMASS": 8e-18, "p0": 17.150000000000002, "e0": 0.4, "BHSpin": 1, "Trajectory Exit Reason": "Separatrix reached!", "mismatch": 7.329692408575283e-13, "faithfulness": 0.9999999999995939, "DeltaNOrbits": 1.2524977970183973e-08}