{"SMBHMASS": 800000.0, "SecondaryMass": 10, "PROCAMASS": 4e-17, "p0": 12.363, "e0": 0.6, "BHSpin": 1, "Trajectory Exit Reason": "Separatrix reached!", "mismatch": 0.9991661510870076, "faithfulness": 0.0008101948744982569, "DeltaNOrbits": 6934.5508592900715}