{"SMBHMASS": 800000.0, "SecondaryMass": 10, "PROCAMASS": 4e-18, "p0": 12.71, "e0": 0.4, "BHSpin": 1, "Trajectory Exit Reason": "Separatrix reached!", "mismatch": 8.970602038971265e-14, "faithfulness": 0.9999999999999181, "DeltaNOrbits": 3.6315024883965363e-09}