{"SMBHMASS": 500000.0, "SecondaryMass": 10, "PROCAMASS": 1e-17, "p0": 15.549999999999999, "e0": 0.2, "BHSpin": 1, "Trajectory Exit Reason": "Separatrix reached!", "mismatch": 2.6665755159527293e-09, "faithfulness": 0.9999999955946194, "DeltaNOrbits": 2.923415087380973e-06}