{"SMBHMASS": 1000000.0, "SecondaryMass": 10, "PROCAMASS": 6e-18, "p0": 11.05, "e0": 0.2, "BHSpin": 1, "Trajectory Exit Reason": "Separatrix reached!", "mismatch": 8.469951040535051e-08, "faithfulness": 0.9999997978719906, "DeltaNOrbits": 1.5583481244518512e-05}