{"SMBHMASS": 800000.0, "SecondaryMass": 10, "PROCAMASS": 6e-18, "p0": 12.62, "e0": 0.5, "BHSpin": 1, "Trajectory Exit Reason": "Separatrix reached!", "mismatch": 2.007846111595768e-10, "faithfulness": 0.9999999996182949, "DeltaNOrbits": 6.505762595666713e-07}