{"SMBHMASS": 500000.0, "SecondaryMass": 10, "PROCAMASS": 1e-17, "p0": 15.5, "e0": 0.3, "BHSpin": 1, "Trajectory Exit Reason": "Separatrix reached!", "mismatch": 1.509440383795635e-08, "faithfulness": 0.9999999760014954, "DeltaNOrbits": 6.136738947394296e-06}