{"SMBHMASS": 700000.0, "SecondaryMass": 10, "PROCAMASS": 6e-18, "p0": 13.799999999999999, "e0": 0.1, "BHSpin": 1, "Trajectory Exit Reason": "Separatrix reached!", "mismatch": 4.190658930980362e-11, "faithfulness": 0.9999999999171677, "DeltaNOrbits": 3.1405085295061883e-07}