{"SMBHMASS": 700000.0, "SecondaryMass": 10, "PROCAMASS": 9e-18, "p0": 13.7, "e0": 0.3, "BHSpin": 1, "Trajectory Exit Reason": "Separatrix reached!", "mismatch": 3.3426348891030244e-06, "faithfulness": 0.9999931326297123, "DeltaNOrbits": 9.287854799219908e-05}