{"SMBHMASS": 100000.0, "SecondaryMass": 10, "PROCAMASS": 7e-17, "p0": 34.95, "e0": 0.2, "BHSpin": 1, "Trajectory Exit Reason": "Separatrix reached!", "mismatch": 0.09926484761292553, "faithfulness": 0.9409074867220002, "DeltaNOrbits": 0.010281829046805774}