{"SMBHMASS": 500000.0, "SecondaryMass": 10, "PROCAMASS": 8e-18, "p0": 15.2, "e0": 0.5, "BHSpin": 1, "Trajectory Exit Reason": "Separatrix reached!", "mismatch": 6.703082533476845e-12, "faithfulness": 0.9999999999915725, "DeltaNOrbits": 1.108719943396167e-07}