{"SMBHMASS": 400000.0, "SecondaryMass": 10, "PROCAMASS": 5e-17, "p0": 17.4, "e0": 0.1, "BHSpin": 1, "Trajectory Exit Reason": "Separatrix reached!", "mismatch": 0.996683408277738, "faithfulness": 0.0007655988045026371, "DeltaNOrbits": 1254.848406705208}