{"SMBHMASS": 700000.0, "SecondaryMass": 10, "PROCAMASS": 6e-18, "p0": 13.479999999999999, "e0": 0.5, "BHSpin": 1, "Trajectory Exit Reason": "Separatrix reached!", "mismatch": 1.7968848631255696e-11, "faithfulness": 0.9999999999708747, "DeltaNOrbits": 1.7444181596047648e-07}