{"SMBHMASS": 1000000.0, "SecondaryMass": 10, "PROCAMASS": 3e-17, "p0": 10.685, "e0": 0.6, "BHSpin": 1, "Trajectory Exit Reason": "Separatrix reached!", "mismatch": 0.9988137084478834, "faithfulness": 0.000413355971232181, "DeltaNOrbits": 3016.0606363498446}