{"SMBHMASS": 200000.0, "SecondaryMass": 10, "PROCAMASS": 2e-17, "p0": 26.250000000000004, "e0": 0.6, "BHSpin": 1, "Trajectory Exit Reason": "Separatrix reached!", "mismatch": 7.442664595735948e-09, "faithfulness": 0.9999999930679423, "DeltaNOrbits": 2.2046555157872645e-06}