{"SMBHMASS": 100000.0, "SecondaryMass": 10, "PROCAMASS": 7e-17, "p0": 34.5, "e0": 0.4, "BHSpin": 1, "Trajectory Exit Reason": "Separatrix reached!", "mismatch": 0.1615206382461143, "faithfulness": 0.8848789675941214, "DeltaNOrbits": 0.014574107684742897}