{"SMBHMASS": 800000.0, "SecondaryMass": 10, "PROCAMASS": 5e-17, "p0": 12.849999999999998, "e0": 0.2, "BHSpin": 1, "Trajectory Exit Reason": "Separatrix reached!", "mismatch": 0.9970663615598684, "faithfulness": 0.000339412207409015, "DeltaNOrbits": 430.4002654824882}