{"SMBHMASS": 600000.0, "SecondaryMass": 10, "PROCAMASS": 5e-17, "p0": 14.469999999999999, "e0": 0.4, "BHSpin": 1, "Trajectory Exit Reason": "Separatrix reached!", "mismatch": 0.9982335779551131, "faithfulness": 1.7145035184741066e-05, "DeltaNOrbits": 1528.6639477210979}