{"SMBHMASS": 100000.0, "SecondaryMass": 10, "PROCAMASS": 6e-17, "p0": 34.5, "e0": 0.4, "BHSpin": 1, "Trajectory Exit Reason": "Separatrix reached!", "mismatch": 0.005649749298400342, "faithfulness": 0.9971381460210623, "DeltaNOrbits": 0.001931260518990976}