{"SMBHMASS": 600000.0, "SecondaryMass": 10, "PROCAMASS": 7e-17, "p0": 14.599999999999998, "e0": 0.3, "BHSpin": 1, "Trajectory Exit Reason": "Separatrix reached!", "mismatch": 0.9996285991086226, "faithfulness": 0.0003021483998607477, "DeltaNOrbits": 7498.288207053653}