{"SMBHMASS": 600000.0, "SecondaryMass": 10, "PROCAMASS": 6e-18, "p0": 14.041, "e0": 0.6, "BHSpin": 1, "Trajectory Exit Reason": "Separatrix reached!", "mismatch": 2.2433166435575913e-12, "faithfulness": 0.9999999999975796, "DeltaNOrbits": 4.4671186222061476e-08}