{"SMBHMASS": 900000.0, "SecondaryMass": 10, "PROCAMASS": 5e-18, "p0": 11.999999999999998, "e0": 0.1, "BHSpin": 1, "Trajectory Exit Reason": "Separatrix reached!", "mismatch": 5.97262239665497e-11, "faithfulness": 0.9999999998670075, "DeltaNOrbits": 3.786582467110205e-07}