{"SMBHMASS": 1000000.0, "SecondaryMass": 10, "PROCAMASS": 8e-18, "p0": 10.685, "e0": 0.6, "BHSpin": 1, "Trajectory Exit Reason": "Separatrix reached!", "mismatch": 0.0003960939618723458, "faithfulness": 0.9992388485402368, "DeltaNOrbits": 0.0009715462086500099}