{"SMBHMASS": 40000000.0, "SecondaryMass": 10, "PROCAMASS": 9e-19, "p0": 4.609999999999999, "e0": 0.6, "BHSpin": 1, "Trajectory Exit Reason": "Integration reached time boundary. Boundary location t = 1281421.47", "mismatch": 0.9983139189408221, "faithfulness": 0.0633233776225781, "DeltaNOrbits": -1665.8317544086974}