{"SMBHMASS": 800000.0, "SecondaryMass": 10, "PROCAMASS": 8e-18, "p0": 12.799999999999999, "e0": 0.3, "BHSpin": 1, "Trajectory Exit Reason": "Separatrix reached!", "mismatch": 1.62497643518833e-06, "faithfulness": 0.9999964407464335, "DeltaNOrbits": 6.57595249809933e-05}