{"SMBHMASS": 600000.0, "SecondaryMass": 10, "PROCAMASS": 8e-18, "p0": 14.7, "e0": 0.1, "BHSpin": 1, "Trajectory Exit Reason": "Separatrix reached!", "mismatch": 3.4041983676402765e-09, "faithfulness": 0.9999999934064115, "DeltaNOrbits": 3.0699906801651823e-06}