{"SMBHMASS": 30000000.0, "SecondaryMass": 10, "PROCAMASS": 1e-18, "p0": 4.83, "e0": 0.3, "BHSpin": 1, "Trajectory Exit Reason": "Integration reached time boundary. Boundary location t = 1708561.96", "mismatch": 0.9923777658646367, "faithfulness": 0.01215402182726077, "DeltaNOrbits": -176.0401442168629}