{"SMBHMASS": 700000.0, "SecondaryMass": 10, "PROCAMASS": 6e-18, "p0": 13.799999999999999, "e0": 0.1, "BHSpin": 1, "Trajectory Exit Reason": "Separatrix reached!", "mismatch": 8.13671352517531e-12, "faithfulness": 0.9999999999850577, "DeltaNOrbits": 1.3518082732316904e-07}