{"SMBHMASS": 600000.0, "SecondaryMass": 10, "PROCAMASS": 1e-17, "p0": 14.041, "e0": 0.6, "BHSpin": 1, "Trajectory Exit Reason": "Separatrix reached!", "mismatch": 1.020135137475009e-06, "faithfulness": 0.9999983788657852, "DeltaNOrbits": 4.189903433016657e-05}