{"SMBHMASS": 800000.0, "SecondaryMass": 10, "PROCAMASS": 8e-18, "p0": 12.899999999999999, "e0": 0.1, "BHSpin": 1, "Trajectory Exit Reason": "Separatrix reached!", "mismatch": 1.1964670463271432e-06, "faithfulness": 0.9999972093913417, "DeltaNOrbits": 5.7753006925848866e-05}