{"SMBHMASS": 700000.0, "SecondaryMass": 10, "PROCAMASS": 5e-18, "p0": 13.202, "e0": 0.6, "BHSpin": 1, "Trajectory Exit Reason": "Separatrix reached!", "mismatch": 5.203615316418109e-13, "faithfulness": 0.9999999999995312, "DeltaNOrbits": 1.5248604836481374e-08}