{"SMBHMASS": 800000.0, "SecondaryMass": 10, "PROCAMASS": 4e-18, "p0": 12.106, "e0": 0.7, "BHSpin": 1, "Trajectory Exit Reason": "Separatrix reached!", "mismatch": 1.6764367671839864e-13, "faithfulness": 0.9999999999999011, "DeltaNOrbits": 3.770463042799465e-09}