{"SMBHMASS": 600000.0, "SecondaryMass": 10, "PROCAMASS": 5e-18, "p0": 14.7, "e0": 0.1, "BHSpin": 1, "Trajectory Exit Reason": "Separatrix reached!", "mismatch": 4.785061236134425e-14, "faithfulness": 0.9999999999999664, "DeltaNOrbits": 1.3525493961885059e-09}