{"SMBHMASS": 500000.0, "SecondaryMass": 10, "PROCAMASS": 8e-18, "p0": 15.2, "e0": 0.5, "BHSpin": 1, "Trajectory Exit Reason": "Separatrix reached!", "mismatch": 5.3299586966204515e-12, "faithfulness": 0.9999999999933873, "DeltaNOrbits": 8.88606425221928e-08}