{"SMBHMASS": 1000000.0, "SecondaryMass": 10, "PROCAMASS": 2e-17, "p0": 10.950000000000003, "e0": 0.4, "BHSpin": 1, "Trajectory Exit Reason": "Separatrix reached!", "mismatch": 0.9936514172418753, "faithfulness": 0.0015922770136172857, "DeltaNOrbits": 197.39615164092152}