{"SMBHMASS": 1000000.0, "SecondaryMass": 10, "PROCAMASS": 3e-18, "p0": 10.685, "e0": 0.6, "BHSpin": 1, "Trajectory Exit Reason": "Separatrix reached!", "mismatch": 2.6645352591003757e-15, "faithfulness": 0.9999999999999969, "DeltaNOrbits": 2.964491827262479e-10}