{"SMBHMASS": 400000.0, "SecondaryMass": 10, "PROCAMASS": 2e-17, "p0": 17.0, "e0": 0.5, "BHSpin": 1, "Trajectory Exit Reason": "Separatrix reached!", "mismatch": 0.01511274898909376, "faithfulness": 0.9797506485134023, "DeltaNOrbits": 0.004997946568947865}