{"SMBHMASS": 900000.0, "SecondaryMass": 10, "PROCAMASS": 9e-18, "p0": 11.95, "e0": 0.2, "BHSpin": 1, "Trajectory Exit Reason": "Separatrix reached!", "mismatch": 0.00019102264418824344, "faithfulness": 0.9995526400602285, "DeltaNOrbits": 0.0006770187670148219}