{"SMBHMASS": 70000000.0, "SecondaryMass": 10, "PROCAMASS": 1e-19, "p0": 4.83, "e0": 0.1, "BHSpin": 1, "Trajectory Exit Reason": "Integration reached time boundary. Boundary location t = 732240.84", "mismatch": 1.1284029266533935e-10, "faithfulness": 0.9999731488998644, "DeltaNOrbits": -1.2463435814652776e-06}