{"SMBHMASS": 100000.0, "SecondaryMass": 10, "PROCAMASS": 4e-16, "p0": 34.8, "e0": 0.3, "BHSpin": 1, "Trajectory Exit Reason": "Separatrix reached!", "mismatch": 0.998920078157461, "faithfulness": 0.000607646651232734, "DeltaNOrbits": 1871.2938377727926}