{"SMBHMASS": 20000000.0, "SecondaryMass": 10, "PROCAMASS": 1e-18, "p0": 4.76, "e0": 0.5, "BHSpin": 1, "Trajectory Exit Reason": "Integration reached time boundary. Boundary location t = 2562842.94", "mismatch": 0.962533144360606, "faithfulness": 0.03425480834652706, "DeltaNOrbits": -6.210924888890222}