{"SMBHMASS": 100000.0, "SecondaryMass": 10, "PROCAMASS": 9e-17, "p0": 35.1, "e0": 0.1, "BHSpin": 1, "Trajectory Exit Reason": "Separatrix reached!", "mismatch": 0.7946084956749754, "faithfulness": 0.13532710781219404, "DeltaNOrbits": 0.7182171323253776}