{"SMBHMASS": 800000.0, "SecondaryMass": 10, "PROCAMASS": 6e-18, "p0": 12.106, "e0": 0.7, "BHSpin": 1, "Trajectory Exit Reason": "Separatrix reached!", "mismatch": 1.2807407356874023e-09, "faithfulness": 0.9999999978424575, "DeltaNOrbits": 1.3832967348593939e-06}