{"SMBHMASS": 400000.0, "SecondaryMass": 10, "PROCAMASS": 9e-17, "p0": 16.625, "e0": 0.6, "BHSpin": 1, "Trajectory Exit Reason": "Separatrix reached!", "mismatch": 0.9999871539131974, "faithfulness": -0.00039063103063929525, "DeltaNOrbits": 17181.11386695782}