{"SMBHMASS": 900000.0, "SecondaryMass": 10, "PROCAMASS": 4e-18, "p0": 11.999999999999998, "e0": 0.1, "BHSpin": 1, "Trajectory Exit Reason": "Separatrix reached!", "mismatch": 5.144773496112975e-13, "faithfulness": 0.9999999999993545, "DeltaNOrbits": 1.6842019193634957e-08}