{"SMBHMASS": 1000000.0, "SecondaryMass": 10, "PROCAMASS": 3e-17, "p0": 11.05, "e0": 0.2, "BHSpin": 1, "Trajectory Exit Reason": "Separatrix reached!", "mismatch": 0.999328193211114, "faithfulness": -0.0006330699531808658, "DeltaNOrbits": 4384.4770749293775}