{"SMBHMASS": 7000000.0, "SecondaryMass": 10, "PROCAMASS": 6e-19, "p0": 5.307, "e0": 0.2, "BHSpin": 1, "Trajectory Exit Reason": "Separatrix reached!", "mismatch": 1.0946799022804043e-13, "faithfulness": 0.9999999999694548, "DeltaNOrbits": -1.67586428609932e-08}