{"SMBHMASS": 100000.0, "SecondaryMass": 10, "PROCAMASS": 5e-17, "p0": 34.8, "e0": 0.3, "BHSpin": 1, "Trajectory Exit Reason": "Separatrix reached!", "mismatch": 1.538863352334996e-05, "faithfulness": 0.9999921869749142, "DeltaNOrbits": 0.00010574453516288784}