{"SMBHMASS": 600000.0, "SecondaryMass": 10, "PROCAMASS": 2e-17, "p0": 14.339999999999998, "e0": 0.5, "BHSpin": 1, "Trajectory Exit Reason": "Separatrix reached!", "mismatch": 0.881356088052288, "faithfulness": 0.019203733773660477, "DeltaNOrbits": -1.416395118561407}