{"SMBHMASS": 100000.0, "SecondaryMass": 10, "PROCAMASS": 3e-17, "p0": 33.35, "e0": 0.6, "BHSpin": 1, "Trajectory Exit Reason": "Separatrix reached!", "mismatch": 2.6843658107456037e-07, "faithfulness": 0.9999997284790175, "DeltaNOrbits": 3.0299644820749627e-05}