{"SMBHMASS": 30000000.0, "SecondaryMass": 10, "PROCAMASS": 1e-19, "p0": 4.46, "e0": 0.7, "BHSpin": 1, "Trajectory Exit Reason": "Integration reached time boundary. Boundary location t = 1708561.96", "mismatch": 1.3433698597964394e-14, "faithfulness": 0.9999999999484385, "DeltaNOrbits": 3.4740138600732175e-11}