{"SMBHMASS": 400000.0, "SecondaryMass": 10, "PROCAMASS": 7e-18, "p0": 17.4, "e0": 0.1, "BHSpin": 1, "Trajectory Exit Reason": "Separatrix reached!", "mismatch": 4.2743586448068527e-14, "faithfulness": 0.9999999999999801, "DeltaNOrbits": 1.9083916138002206e-09}