{"SMBHMASS": 20000000.0, "SecondaryMass": 10, "PROCAMASS": 9e-19, "p0": 4.83, "e0": 0.2, "BHSpin": 1, "Trajectory Exit Reason": "Integration reached time boundary. Boundary location t = 2562842.94", "mismatch": 0.9345942795342239, "faithfulness": 0.04799944371742142, "DeltaNOrbits": -1.42659477611453}