{"SMBHMASS": 1000000.0, "SecondaryMass": 10, "PROCAMASS": 6e-18, "p0": 10.950000000000003, "e0": 0.4, "BHSpin": 1, "Trajectory Exit Reason": "Separatrix reached!", "mismatch": 9.647324239470123e-08, "faithfulness": 0.9999997899845401, "DeltaNOrbits": 1.6636542853857828e-05}