{"SMBHMASS": 60000000.0, "SecondaryMass": 10, "PROCAMASS": 2e-19, "p0": 4.46, "e0": 0.7, "BHSpin": 1, "Trajectory Exit Reason": "Integration reached time boundary. Boundary location t = 854280.98", "mismatch": 0.0007790416896764629, "faithfulness": 0.9977832666550643, "DeltaNOrbits": -0.0011360948385292112}