{"SMBHMASS": 800000.0, "SecondaryMass": 10, "PROCAMASS": 7e-18, "p0": 12.71, "e0": 0.4, "BHSpin": 1, "Trajectory Exit Reason": "Separatrix reached!", "mismatch": 1.679695083023347e-08, "faithfulness": 0.9999999651070548, "DeltaNOrbits": 6.752371259547111e-06}