{"SMBHMASS": 500000.0, "SecondaryMass": 10, "PROCAMASS": 7e-18, "p0": 15.5, "e0": 0.3, "BHSpin": 1, "Trajectory Exit Reason": "Separatrix reached!", "mismatch": 1.0582645870726992e-12, "faithfulness": 0.9999999999991911, "DeltaNOrbits": 2.819972850683433e-08}