{"SMBHMASS": 2000000.0, "SecondaryMass": 10, "PROCAMASS": 4e-18, "p0": 9.0175, "e0": 0.2, "BHSpin": 1, "Trajectory Exit Reason": "Separatrix reached!", "mismatch": 1.813264473138343e-05, "faithfulness": 0.9999114120512285, "DeltaNOrbits": 3.2802027956363646e-05}