{"SMBHMASS": 1000000.0, "SecondaryMass": 10, "PROCAMASS": 3e-18, "p0": 11.0, "e0": 0.3, "BHSpin": 1, "Trajectory Exit Reason": "Separatrix reached!", "mismatch": 9.547918011776346e-14, "faithfulness": 0.9999999999999071, "DeltaNOrbits": 1.5748862832331919e-09}