{"SMBHMASS": 800000.0, "SecondaryMass": 10, "PROCAMASS": 8e-18, "p0": 12.849999999999998, "e0": 0.2, "BHSpin": 1, "Trajectory Exit Reason": "Separatrix reached!", "mismatch": 1.5477053068035929e-06, "faithfulness": 0.9999964734377483, "DeltaNOrbits": 6.435007586979526e-05}