{"SMBHMASS": 400000.0, "SecondaryMass": 10, "PROCAMASS": 9e-18, "p0": 17.4, "e0": 0.1, "BHSpin": 1, "Trajectory Exit Reason": "Separatrix reached!", "mismatch": 1.1857181902996672e-12, "faithfulness": 0.9999999999987701, "DeltaNOrbits": 3.8686618345775345e-08}