{"SMBHMASS": 100000.0, "SecondaryMass": 10, "PROCAMASS": 7e-17, "p0": 33.35, "e0": 0.6, "BHSpin": 1, "Trajectory Exit Reason": "Separatrix reached!", "mismatch": 0.24543471836750164, "faithfulness": 0.7964288674147272, "DeltaNOrbits": 0.01695422341207367}