{"SMBHMASS": 200000.0, "SecondaryMass": 10, "PROCAMASS": 9e-17, "p0": 27.5, "e0": 0.2, "BHSpin": 1, "Trajectory Exit Reason": "Separatrix reached!", "mismatch": 0.996876372860235, "faithfulness": 0.0008583841261693028, "DeltaNOrbits": 1797.6567830031308}