{"SMBHMASS": 500000.0, "SecondaryMass": 10, "PROCAMASS": 7e-17, "p0": 15.5, "e0": 0.3, "BHSpin": 1, "Trajectory Exit Reason": "Separatrix reached!", "mismatch": 0.9996633310645718, "faithfulness": 3.3630197965972115e-05, "DeltaNOrbits": 10080.122350385247}