{"SMBHMASS": 700000.0, "SecondaryMass": 10, "PROCAMASS": 8e-18, "p0": 13.749999999999996, "e0": 0.2, "BHSpin": 1, "Trajectory Exit Reason": "Separatrix reached!", "mismatch": 1.0953201212693386e-07, "faithfulness": 0.9999997669660455, "DeltaNOrbits": 1.7155977406215975e-05}