{"SMBHMASS": 100000.0, "SecondaryMass": 10, "PROCAMASS": 3e-17, "p0": 34.95, "e0": 0.2, "BHSpin": 1, "Trajectory Exit Reason": "Separatrix reached!", "mismatch": 3.643085833004989e-12, "faithfulness": 0.999999999998484, "DeltaNOrbits": 4.3540973712917655e-08}