{"SMBHMASS": 1000000.0, "SecondaryMass": 10, "PROCAMASS": 5e-18, "p0": 10.685, "e0": 0.6, "BHSpin": 1, "Trajectory Exit Reason": "Separatrix reached!", "mismatch": 5.701608074559772e-10, "faithfulness": 0.9999999989399235, "DeltaNOrbits": 1.132537782420829e-06}