{"SMBHMASS": 2000000.0, "SecondaryMass": 10, "PROCAMASS": 2e-17, "p0": 9.05, "e0": 0.1, "BHSpin": 0.86, "Trajectory Exit Reason": "Separatrix reached!", "mismatch": 0.9969736333909237, "faithfulness": -0.00014637635959442532, "DeltaNOrbits": 101.15629689427307}