{"SMBHMASS": 200000, "SecondaryMass": 10, "PROCAMASS": 6e-17, "p0": 27.5, "e0": 0.2, "BHSpin": 0.63, "Trajectory Exit Reason": "Separatrix reached!", "mismatch": 0.019555358428292036, "faithfulness": 0.9779594710772876, "DeltaNOrbits": 0.004375755763301006}