{"SMBHMASS": 500000.0, "SecondaryMass": 10, "PROCAMASS": 4e-17, "p0": 15.6, "e0": 0.1, "BHSpin": 0.83, "Trajectory Exit Reason": "Separatrix reached!", "mismatch": 0.9954721613987003, "faithfulness": 0.0008533350423125068, "DeltaNOrbits": 613.421054680878}