{"SMBHMASS": 300000.0, "SecondaryMass": 10, "PROCAMASS": 4e-17, "p0": 20.05, "e0": 0.2, "BHSpin": 0.76, "Trajectory Exit Reason": "Separatrix reached!", "mismatch": 0.9057168433602588, "faithfulness": 0.02895314435165001, "DeltaNOrbits": 2.0137252432336936}