{"SMBHMASS": 5000000.0, "SecondaryMass": 10, "PROCAMASS": 1e-18, "p0": 5.7, "e0": 0.1, "BHSpin": 0.6, "Trajectory Exit Reason": "Separatrix reached!", "mismatch": 9.048317650695026e-13, "faithfulness": 0.999999999915171, "DeltaNOrbits": -2.0727819496588853e-07}