{"SMBHMASS": 5000000.0, "SecondaryMass": 10, "PROCAMASS": 1e-18, "p0": 5.625, "e0": 0.2, "BHSpin": 0.6, "Trajectory Exit Reason": "Separatrix reached!", "mismatch": 6.725731083179198e-13, "faithfulness": 0.9999999999495194, "DeltaNOrbits": -1.4549170045986635e-07}