{"SMBHMASS": 5000000.0, "SecondaryMass": 10, "PROCAMASS": 7e-19, "p0": 5.625, "e0": 0.2, "BHSpin": 0.63, "Trajectory Exit Reason": "Separatrix reached!", "mismatch": 9.658940314238862e-15, "faithfulness": 0.999999999999812, "DeltaNOrbits": -9.95883973220989e-10}