{"SMBHMASS": 700000.0, "SecondaryMass": 10, "PROCAMASS": 6e-18, "p0": 13.749999999999996, "e0": 0.2, "BHSpin": 0.66, "Trajectory Exit Reason": "Separatrix reached!", "mismatch": 1.0540568418093699e-11, "faithfulness": 0.9999999999807719, "DeltaNOrbits": 1.4987358994203868e-07}