{"SMBHMASS": 1000000.0, "SecondaryMass": 10, "PROCAMASS": 9e-18, "p0": 11.1, "e0": 0.1, "BHSpin": 0.66, "Trajectory Exit Reason": "Separatrix reached!", "mismatch": 0.0011530418019715105, "faithfulness": 0.9972840417450551, "DeltaNOrbits": 0.0019311325641124817}