{"SMBHMASS": 400000.0, "SecondaryMass": 10, "PROCAMASS": 2e-17, "p0": 17.35, "e0": 0.2, "BHSpin": 0.66, "Trajectory Exit Reason": "Separatrix reached!", "mismatch": 0.0038486349426801736, "faithfulness": 0.9943122330259336, "DeltaNOrbits": 0.0029416429138634835}