{"SMBHMASS": 500000.0, "SecondaryMass": 10, "PROCAMASS": 9e-18, "p0": 15.5, "e0": 0.3, "BHSpin": 0.7, "Trajectory Exit Reason": "Separatrix reached!", "mismatch": 2.0650670062849485e-10, "faithfulness": 0.9999999996769308, "DeltaNOrbits": 7.153318779184361e-07}