{"SMBHMASS": 500000.0, "SecondaryMass": 10, "PROCAMASS": 6e-18, "p0": 15.549999999999999, "e0": 0.2, "BHSpin": 0.6, "Trajectory Exit Reason": "Separatrix reached!", "mismatch": -4.440892098500626e-15, "faithfulness": 0.9999999999999866, "DeltaNOrbits": 1.4081336179496773e-09}