{"SMBHMASS": 1000000.0, "SecondaryMass": 10, "PROCAMASS": 7e-18, "p0": 11.05, "e0": 0.2, "BHSpin": 0.9, "Trajectory Exit Reason": "Separatrix reached!", "mismatch": 8.307871180557314e-06, "faithfulness": 0.999980035478866, "DeltaNOrbits": 0.00015785237147052428}