{"SMBHMASS": 2000000.0, "SecondaryMass": 10, "PROCAMASS": 7e-18, "p0": 9.05, "e0": 0.1, "BHSpin": 0.73, "Trajectory Exit Reason": "Separatrix reached!", "mismatch": 0.9154493528010436, "faithfulness": 0.020878123344514603, "DeltaNOrbits": 0.08469078235192559}