{"SMBHMASS": 700000.0, "SecondaryMass": 10, "PROCAMASS": 3e-17, "p0": 13.799999999999999, "e0": 0.1, "BHSpin": 0.73, "Trajectory Exit Reason": "Separatrix reached!", "mismatch": 0.9947331837302908, "faithfulness": 0.0004159034613249175, "DeltaNOrbits": 351.0094406510462}