{"SMBHMASS": 700000.0, "SecondaryMass": 10, "PROCAMASS": 6e-18, "p0": 13.7, "e0": 0.3, "BHSpin": 0.83, "Trajectory Exit Reason": "Separatrix reached!", "mismatch": 3.859890185253789e-11, "faithfulness": 0.9999999999301914, "DeltaNOrbits": 2.7673531207495237e-07}