{"SMBHMASS": 1000000.0, "SecondaryMass": 10, "PROCAMASS": 3e-18, "p0": 10.950000000000003, "e0": 0.4, "BHSpin": 0.8, "Trajectory Exit Reason": "Separatrix reached!", "mismatch": -5.551115123125783e-15, "faithfulness": 0.9999999999999946, "DeltaNOrbits": 6.299545132932767e-10}