{"SMBHMASS": 3000000.0, "SecondaryMass": 10, "PROCAMASS": 2e-18, "p0": 6.984999999999999, "e0": 0.2, "BHSpin": 0.7, "Trajectory Exit Reason": "Separatrix reached!", "mismatch": 1.320005216243203e-10, "faithfulness": 0.9999999996626949, "DeltaNOrbits": -1.2697844899861215e-06}