{"SMBHMASS": 2000000.0, "SecondaryMass": 10, "PROCAMASS": 1e-17, "p0": 8.985, "e0": 0.3, "BHSpin": 0.7, "Trajectory Exit Reason": "Separatrix reached!", "mismatch": 0.9889112429497712, "faithfulness": -3.622458266645222e-05, "DeltaNOrbits": 15.62545440422518}