{"SMBHMASS": 400000.0, "SecondaryMass": 10, "PROCAMASS": 8e-18, "p0": 17.4, "e0": 0.1, "BHSpin": 0.7, "Trajectory Exit Reason": "Separatrix reached!", "mismatch": 1.7608137170554983e-13, "faithfulness": 0.9999999999998938, "DeltaNOrbits": 9.78282302996618e-09}