{"SMBHMASS": 200000.0, "SecondaryMass": 10, "PROCAMASS": 9e-17, "p0": 27.6, "e0": 0.1, "BHSpin": 0.8, "Trajectory Exit Reason": "Separatrix reached!", "mismatch": 0.9968778717688392, "faithfulness": 0.0008283948563073698, "DeltaNOrbits": 1830.359460186462}