{"SMBHMASS": 200000.0, "SecondaryMass": 10, "PROCAMASS": 9e-17, "p0": 27.6, "e0": 0.1, "BHSpin": 0.63, "Trajectory Exit Reason": "Separatrix reached!", "mismatch": 0.9935881310230733, "faithfulness": 0.0014770235579961404, "DeltaNOrbits": 451.89496770030684}