{"SMBHMASS": 600000.0, "SecondaryMass": 10, "PROCAMASS": 5e-18, "p0": 14.7, "e0": 0.1, "BHSpin": 0.66, "Trajectory Exit Reason": "Separatrix reached!", "mismatch": 2.220446049250313e-15, "faithfulness": 0.999999999999982, "DeltaNOrbits": 1.2599090265865535e-09}