{"SMBHMASS": 200000, "SecondaryMass": 10, "PROCAMASS": 6e-17, "p0": 27.6, "e0": 0.1, "BHSpin": 0.63, "Trajectory Exit Reason": "Separatrix reached!", "mismatch": 0.019946950964233157, "faithfulness": 0.9772518059073513, "DeltaNOrbits": 0.004611789603103636}