{"SMBHMASS": 400000.0, "SecondaryMass": 10, "PROCAMASS": 3e-17, "p0": 17.4, "e0": 0.1, "BHSpin": 0.83, "Trajectory Exit Reason": "Separatrix reached!", "mismatch": 0.8972079158593524, "faithfulness": 0.0216049224637417, "DeltaNOrbits": 1.5065807135992226}