{"SMBHMASS": 800000.0, "SecondaryMass": 10, "PROCAMASS": 5e-17, "p0": 12.899999999999999, "e0": 0.1, "BHSpin": 0.9, "Trajectory Exit Reason": "Separatrix reached!", "mismatch": 0.9997535552716913, "faithfulness": 5.009537171658764e-05, "DeltaNOrbits": 10738.090094714915}