{"SMBHMASS": 400000.0, "SecondaryMass": 10, "PROCAMASS": 5e-17, "p0": 17.4, "e0": 0.1, "BHSpin": 0.6, "Trajectory Exit Reason": "Separatrix reached!", "mismatch": 0.9824747686576547, "faithfulness": 0.004295671938280664, "DeltaNOrbits": 54.989648484776396}