{"SMBHMASS": 300000.0, "SecondaryMass": 10, "PROCAMASS": 1e-17, "p0": 20.1, "e0": 0.1, "BHSpin": 0.66, "Trajectory Exit Reason": "Separatrix reached!", "mismatch": 7.616129948928574e-14, "faithfulness": 0.9999999999999563, "DeltaNOrbits": 5.688118693559881e-09}