{"SMBHMASS": 500000.0, "SecondaryMass": 10, "PROCAMASS": 4e-17, "p0": 15.549999999999999, "e0": 0.2, "BHSpin": 0.83, "Trajectory Exit Reason": "Separatrix reached!", "mismatch": 0.9954951528663256, "faithfulness": 0.0010061957695103076, "DeltaNOrbits": 607.3314071422099}