{"SMBHMASS": 800000.0, "SecondaryMass": 10, "PROCAMASS": 1e-17, "p0": 12.899999999999999, "e0": 0.1, "BHSpin": 0.63, "Trajectory Exit Reason": "Separatrix reached!", "mismatch": 0.00022611277089767956, "faithfulness": 0.9994686003256585, "DeltaNOrbits": 0.0007919837611080442}