{"SMBHMASS": 4000000.0, "SecondaryMass": 10, "PROCAMASS": 7e-19, "p0": 6.35, "e0": 0.1, "BHSpin": 0.63, "Trajectory Exit Reason": "Separatrix reached!", "mismatch": 3.219646771412954e-15, "faithfulness": 0.9999999999998628, "DeltaNOrbits": 6.484825872136673e-11}