{"SMBHMASS": 400000.0, "SecondaryMass": 10, "PROCAMASS": 6e-17, "p0": 17.4, "e0": 0.1, "BHSpin": 0.76, "Trajectory Exit Reason": "Separatrix reached!", "mismatch": 0.9979580816936874, "faithfulness": 0.00040760940590229113, "DeltaNOrbits": 2521.717829665554}