{"SMBHMASS": 300000.0, "SecondaryMass": 10, "PROCAMASS": 1e-17, "p0": 20.0, "e0": 0.3, "BHSpin": 0.66, "Trajectory Exit Reason": "Separatrix reached!", "mismatch": 8.515410598874951e-14, "faithfulness": 0.999999999999933, "DeltaNOrbits": 4.650546554018013e-09}