{"SMBHMASS": 3000000.0, "SecondaryMass": 10, "PROCAMASS": 3e-18, "p0": 7.0, "e0": 0.1, "BHSpin": 0.86, "Trajectory Exit Reason": "Separatrix reached!", "mismatch": 6.572328139420325e-05, "faithfulness": 0.9998065775554947, "DeltaNOrbits": -0.0005554804754964931}