{"SMBHMASS": 400000.0, "SecondaryMass": 10, "PROCAMASS": 2e-17, "p0": 17.4, "e0": 0.1, "BHSpin": 0.66, "Trajectory Exit Reason": "Separatrix reached!", "mismatch": 0.0038002664143976794, "faithfulness": 0.9943081031168813, "DeltaNOrbits": 0.0029985037755019916}