{"SMBHMASS": 900000.0, "SecondaryMass": 10, "PROCAMASS": 5e-18, "p0": 11.95, "e0": 0.2, "BHSpin": 0.73, "Trajectory Exit Reason": "Separatrix reached!", "mismatch": 2.939526400069781e-11, "faithfulness": 0.9999999999387629, "DeltaNOrbits": 2.591336418505814e-07}