{"SMBHMASS": 100000.0, "SecondaryMass": 10, "PROCAMASS": 5e-17, "p0": 35.1, "e0": 0.1, "BHSpin": 0.86, "Trajectory Exit Reason": "Separatrix reached!", "mismatch": 2.7449892948672172e-05, "faithfulness": 0.9999864219821389, "DeltaNOrbits": 0.00015110344643272638}