{"SMBHMASS": 300000.0, "SecondaryMass": 10, "PROCAMASS": 1e-17, "p0": 20.05, "e0": 0.2, "BHSpin": 0.66, "Trajectory Exit Reason": "Separatrix reached!", "mismatch": 7.4495964952348e-14, "faithfulness": 0.9999999999999668, "DeltaNOrbits": 6.577466241738624e-09}