{"SMBHMASS": 500000.0, "SecondaryMass": 10, "PROCAMASS": 1e-17, "p0": 15.6, "e0": 0.1, "BHSpin": 0.9, "Trajectory Exit Reason": "Separatrix reached!", "mismatch": 1.4093905043033317e-08, "faithfulness": 0.999999976624514, "DeltaNOrbits": 6.1125968670760275e-06}