{"SMBHMASS": 300000.0, "SecondaryMass": 10, "PROCAMASS": 4e-17, "p0": 20.05, "e0": 0.2, "BHSpin": 0.6, "Trajectory Exit Reason": "Separatrix reached!", "mismatch": 0.8507109450292322, "faithfulness": 0.045591224400235476, "DeltaNOrbits": 0.8606467675257544}