{"SMBHMASS": 200000, "SecondaryMass": 10, "PROCAMASS": 5e-17, "p0": 24.4, "e0": 0.8, "BHSpin": 0.63, "Trajectory Exit Reason": "Separatrix reached!", "mismatch": 8.304009843640436e-06, "faithfulness": 0.9999922231211423, "DeltaNOrbits": 4.7200972379003755e-05}