{"SMBHMASS": 800000.0, "SecondaryMass": 10, "PROCAMASS": 1e-17, "p0": 12.849999999999998, "e0": 0.2, "BHSpin": 0.63, "Trajectory Exit Reason": "Separatrix reached!", "mismatch": 0.0002260829423014199, "faithfulness": 0.9994838121540451, "DeltaNOrbits": 0.0007541477110517323}