{"SMBHMASS": 600000.0, "SecondaryMass": 10, "PROCAMASS": 7e-18, "p0": 14.7, "e0": 0.1, "BHSpin": 0.6, "Trajectory Exit Reason": "Separatrix reached!", "mismatch": 9.462652883485134e-12, "faithfulness": 0.9999999999837392, "DeltaNOrbits": 1.426661691870068e-07}