{"SMBHMASS": 1000000.0, "SecondaryMass": 10, "PROCAMASS": 7e-18, "p0": 11.1, "e0": 0.1, "BHSpin": 0.9, "Trajectory Exit Reason": "Separatrix reached!", "mismatch": 8.386271711846582e-06, "faithfulness": 0.9999792135364316, "DeltaNOrbits": 0.0001577555993404381}