{"SMBHMASS": 5000000.0, "SecondaryMass": 10, "PROCAMASS": 8e-19, "p0": 10, "e0": 0.2, "BHSpin": 1, "mismatch": 0.9745922751781594, "faithfulness": 0.02583182261764391}