{"SMBHMASS": 3500000.0, "SecondaryMass": 10, "PROCAMASS": 1.5000000000000001e-18, "p0": 10, "e0": 0.2, "BHSpin": 1, "mismatch": 0.9951689972677178, "faithfulness": 0.0015613069642128933}