{"SMBHMASS": 4500000.0, "SecondaryMass": 10, "PROCAMASS": 1e-18, "p0": 10, "e0": 0.2, "BHSpin": 1, "mismatch": 0.9869910793907029, "faithfulness": 0.011994659318788275}