{"SMBHMASS": 1000000.0, "SecondaryMass": 10, "PROCAMASS": 5e-18, "p0": 10, "e0": 0.2, "BHSpin": 1, "mismatch": 0.9967784757756613, "faithfulness": 0.0009225678731618941}