{"SMBHMASS": 2500000.0, "SecondaryMass": 10, "PROCAMASS": 2e-18, "p0": 10, "e0": 0.2, "BHSpin": 1, "mismatch": 0.9948150457933475, "faithfulness": 0.0026400629705994037}