{"SMBHMASS": 1000000.0, "SecondaryMass": 10, "PROCAMASS": 4.900000000000004e-19, "p0": 10, "e0": 0.2, "BHSpin": 1, "mismatch": 6.253908502173999e-11, "faithfulness": 0.9999999999424436}