{"SMBHMASS": 8500000.0, "SecondaryMass": 10, "PROCAMASS": 6e-19, "p0": 10, "e0": 0.2, "BHSpin": 1, "mismatch": 0.988291234333922, "faithfulness": 0.013560631102013408}