{"SMBHMASS": 1000000.0, "SecondaryMass": 10, "PROCAMASS": 1.9000000000000007e-19, "p0": 10, "e0": 0.2, "BHSpin": 1, "mismatch": 1.4233059175694507e-13, "faithfulness": 0.9999999999999154}