{"SMBHMASS": 10000000.0, "SecondaryMass": 10, "PROCAMASS": 3e-19, "p0": 10, "e0": 0.2, "BHSpin": 1, "mismatch": 0.8168553882372869, "faithfulness": 0.20023265748144845}