{"SMBHMASS": 1500000.0, "SecondaryMass": 10, "PROCAMASS": 2.5e-19, "p0": 10, "e0": 0.2, "BHSpin": 1, "mismatch": 0.984060493986764, "faithfulness": 0.006918527381285478}