{"SMBHMASS": 1000000.0, "SecondaryMass": 10, "PROCAMASS": 5.700000000000004e-19, "p0": 10, "e0": 0.2, "BHSpin": 1, "mismatch": 7.090408260523873e-10, "faithfulness": 0.9999999990107429}