{"SMBHMASS": 10000000.0, "SecondaryMass": 10, "PROCAMASS": 2.8000000000000015e-19, "p0": 10, "e0": 0.2, "BHSpin": 1, "mismatch": 0.7090249272071325, "faithfulness": 0.31053355469351096}