{"SMBHMASS": 1000000.0, "SecondaryMass": 10, "PROCAMASS": 8.400000000000005e-19, "p0": 10, "e0": 0.2, "BHSpin": 1, "mismatch": 2.4478091636970234e-06, "faithfulness": 0.999995876342466}