{"SMBHMASS": 2000000.0, "SecondaryMass": 10, "PROCAMASS": 2.5e-18, "p0": 10, "e0": 0.2, "BHSpin": 1, "mismatch": 0.995604171869509, "faithfulness": 0.0016747068964172256}