{"SMBHMASS": 2000000.0, "SecondaryMass": 10, "PROCAMASS": 6e-19, "p0": 10, "e0": 0.2, "BHSpin": 1, "mismatch": 4.2839161730201525e-06, "faithfulness": 0.9999934911871667}