{"SMBHMASS": 5500000.0, "SecondaryMass": 10, "PROCAMASS": 8.5e-19, "p0": 10, "e0": 0.2, "BHSpin": 1, "mismatch": 0.9881941818257461, "faithfulness": 0.01401964448791663}