{"SMBHMASS": 2000000.0, "SecondaryMass": 10, "PROCAMASS": 1e-18, "p0": 10, "e0": 0.2, "BHSpin": 1, "mismatch": 0.46821490045272196, "faithfulness": 0.37746144737335424}