{"SMBHMASS": 8500000.0, "SecondaryMass": 10, "PROCAMASS": 4e-19, "p0": 10, "e0": 0.2, "BHSpin": 1, "mismatch": 0.9023332731278777, "faithfulness": 0.0966669325390813}