{"SMBHMASS": 5500000.0, "SecondaryMass": 10, "PROCAMASS": 5.5e-19, "p0": 10, "e0": 0.2, "BHSpin": 1, "mismatch": 0.8769969695992519, "faithfulness": 0.1205804162926181}