{"SMBHMASS": 2500000.0, "SecondaryMass": 10, "PROCAMASS": 1e-18, "p0": 10, "e0": 0.2, "BHSpin": 1, "mismatch": 0.8198126881722447, "faithfulness": 0.16264484318565153}