{"SMBHMASS": 1000000.0, "SecondaryMass": 10, "PROCAMASS": 3.300000000000002e-19, "p0": 10, "e0": 0.2, "BHSpin": 1, "mismatch": 6.634692795159935e-13, "faithfulness": 0.9999999999995911}