{"SMBHMASS": 9500000.0, "SecondaryMass": 10, "PROCAMASS": 1e-19, "p0": 10, "e0": 0.2, "BHSpin": 1, "mismatch": 7.07698455393313e-10, "faithfulness": 0.9999878481498337}