{"SMBHMASS": 1000000.0, "SecondaryMass": 10, "PROCAMASS": 1.2000000000000004e-18, "p0": 10, "e0": 0.2, "BHSpin": 1, "mismatch": 0.005983175291701115, "faithfulness": 0.9898714061389235}