{"SMBHMASS": 8500000.0, "SecondaryMass": 10, "PROCAMASS": 3.4999999999999997e-19, "p0": 10, "e0": 0.2, "BHSpin": 1, "mismatch": 0.8632848074294, "faithfulness": 0.14678273473630551}