{"SMBHMASS": 9000000.0, "SecondaryMass": 10, "PROCAMASS": 4e-19, "p0": 10, "e0": 0.2, "BHSpin": 1, "mismatch": 0.9301349908824781, "faithfulness": 0.09078428634643157}