{"SMBHMASS": 1000000.0, "SecondaryMass": 10, "PROCAMASS": 7.600000000000006e-19, "p0": 10, "e0": 0.2, "BHSpin": 1, "mismatch": 2.7783857858842964e-07, "faithfulness": 0.9999995323440237}