{"SMBHMASS": 5000000.0, "SecondaryMass": 10, "PROCAMASS": 6.999999999999999e-19, "p0": 10, "e0": 0.2, "BHSpin": 1, "mismatch": 0.9319816142626274, "faithfulness": 0.06578096630959657}