{"SMBHMASS": 3500000.0, "SecondaryMass": 10, "PROCAMASS": 2e-19, "p0": 10, "e0": 0.2, "BHSpin": 1, "mismatch": 4.31580327031611e-11, "faithfulness": 0.9999999635167163}