{"SMBHMASS": 3500000.0, "SecondaryMass": 10, "PROCAMASS": 1e-19, "p0": 10, "e0": 0.2, "BHSpin": 1, "mismatch": 0.958807224885034, "faithfulness": 0.039110897506949016}