{"SMBHMASS": 1000000.0, "SecondaryMass": 10, "PROCAMASS": 8.600000000000006e-19, "p0": 10, "e0": 0.2, "BHSpin": 1, "mismatch": 4.082171712660454e-06, "faithfulness": 0.999993122725908}