{"SMBHMASS": 10000000.0, "SecondaryMass": 10, "PROCAMASS": 1.3000000000000003e-19, "p0": 10, "e0": 0.2, "BHSpin": 1, "mismatch": 3.830903546608866e-07, "faithfulness": 0.9999680649065209}