{"SMBHMASS": 10000000.0, "SecondaryMass": 10, "PROCAMASS": 4.900000000000004e-19, "p0": 10, "e0": 0.2, "BHSpin": 1, "mismatch": 0.9876860077227811, "faithfulness": 0.037025474707787345}