{"SMBHMASS": 10000000.0, "SecondaryMass": 10, "PROCAMASS": 2.1000000000000009e-19, "p0": 10, "e0": 0.2, "BHSpin": 1, "mismatch": 0.011420379057638819, "faithfulness": 0.9891562354121224}