{"SMBHMASS": 4500000.0, "SecondaryMass": 10, "PROCAMASS": 2e-19, "p0": 10, "e0": 0.2, "BHSpin": 1, "mismatch": 1.2295481299773314e-09, "faithfulness": 0.9999992625596333}