{"SMBHMASS": 1000000.0, "SecondaryMass": 10, "PROCAMASS": 9.5e-19, "p0": 10, "e0": 0.2, "BHSpin": 1, "mismatch": 3.546371331064613e-05, "faithfulness": 0.9999402501082908}