{"SMBHMASS": 4500000.0, "SecondaryMass": 10, "PROCAMASS": 1e-19, "p0": 10, "e0": 0.2, "BHSpin": 1, "mismatch": 0.9869910793174055, "faithfulness": 0.01199465927911954}