{"SMBHMASS": 10000000.0, "SecondaryMass": 10, "PROCAMASS": 2.5e-19, "p0": 10, "e0": 0.2, "BHSpin": 1, "mismatch": 0.3784141748211213, "faithfulness": 0.6344785097721602}