{"SMBHMASS": 2500000.0, "SecondaryMass": 10, "PROCAMASS": 9e-19, "p0": 10, "e0": 0.2, "BHSpin": 1, "mismatch": 0.7065674269381925, "faithfulness": 0.26974336642354846}