{"SMBHMASS": 7000000.0, "SecondaryMass": 10, "PROCAMASS": 4.5e-19, "p0": 10, "e0": 0.2, "BHSpin": 1, "mismatch": 0.8865793718267562, "faithfulness": 0.11157532700415557}