{"SMBHMASS": 4000000.0, "SecondaryMass": 10, "PROCAMASS": 1e-19, "p0": 10, "e0": 0.2, "BHSpin": 1, "mismatch": 0.9773655380781847, "faithfulness": 0.022391470565767794}