{"SMBHMASS": 1000000.0, "SecondaryMass": 10, "PROCAMASS": 9.700000000000008e-19, "p0": 10, "e0": 0.2, "BHSpin": 1, "mismatch": 5.574032732447165e-05, "faithfulness": 0.9999060874340867}