{"SMBHMASS": 2500000.0, "SecondaryMass": 10, "PROCAMASS": 1.5e-19, "p0": 10, "e0": 0.2, "BHSpin": 1, "mismatch": 0.9762379960250926, "faithfulness": 0.020485900747229467}