{"SMBHMASS": 20000000.0, "SecondaryMass": 10, "PROCAMASS": 1.5e-19, "p0": 10, "e0": 0.2, "BHSpin": 1, "mismatch": 0.7136196831761537, "faithfulness": 0.7442724087945851}