{"SMBHMASS": 7000000.0, "SecondaryMass": 10, "PROCAMASS": 3e-19, "p0": 10, "e0": 0.2, "BHSpin": 1, "mismatch": 0.01890196456286153, "faithfulness": 0.9811670799342871}