{"SMBHMASS": 1500000.0, "SecondaryMass": 10, "PROCAMASS": 2.5e-18, "p0": 10, "e0": 0.2, "BHSpin": 1, "mismatch": 0.9840604940887234, "faithfulness": 0.006918527205851837}