{"SMBHMASS": 10000000.0, "SecondaryMass": 10, "PROCAMASS": 2.3000000000000012e-19, "p0": 10, "e0": 0.2, "BHSpin": 1, "mismatch": 0.07708825597130642, "faithfulness": 0.9266471505494175}