{"SMBHMASS": 1000000.0, "SecondaryMass": 10, "PROCAMASS": 6.5e-19, "p0": 10, "e0": 0.2, "BHSpin": 1, "mismatch": 9.525152444567198e-09, "faithfulness": 0.999999984307355}