{"SMBHMASS": 1000000.0, "SecondaryMass": 10, "PROCAMASS": 1.7000000000000008e-18, "p0": 10, "e0": 0.2, "BHSpin": 1, "mismatch": 0.5613021912859235, "faithfulness": 0.1684705434913496}