{"SMBHMASS": 1000000.0, "SecondaryMass": 10, "PROCAMASS": 6.400000000000004e-19, "p0": 10, "e0": 0.2, "BHSpin": 1, "mismatch": 6.861738510721693e-09, "faithfulness": 0.9999999887668091}