{"SMBHMASS": 30000000.0, "SecondaryMass": 10, "PROCAMASS": 1.5e-19, "p0": 10, "e0": 0.2, "BHSpin": 1, "mismatch": 0.9665864903992779, "faithfulness": 0.30111551592635505}