{"SMBHMASS": 2500000.0, "SecondaryMass": 10, "PROCAMASS": 1e-19, "p0": 10, "e0": 0.2, "BHSpin": 1, "mismatch": 0.8198126881918361, "faithfulness": 0.1626448430907235}