{"SMBHMASS": 1000000.0, "SecondaryMass": 10, "PROCAMASS": 3.700000000000003e-18, "p0": 10, "e0": 0.2, "BHSpin": 1, "mismatch": 0.9879054020656874, "faithfulness": 0.0022789518088850813}