{"SMBHMASS": 10000000.0, "SecondaryMass": 10, "PROCAMASS": 4.5e-19, "p0": 10, "e0": 0.2, "BHSpin": 1, "mismatch": 0.9807770917166853, "faithfulness": 0.020888611283784646}