{"SMBHMASS": 10000000.0, "SecondaryMass": 10, "PROCAMASS": 3.000000000000002e-19, "p0": 10, "e0": 0.2, "BHSpin": 1, "mismatch": 0.8168553882380576, "faithfulness": 0.20023265743915664}