{"SMBHMASS": 3000000.0, "SecondaryMass": 10, "PROCAMASS": 3e-19, "p0": 10, "e0": 0.2, "BHSpin": 1, "mismatch": 3.95536925434925e-09, "faithfulness": 0.9999997686550625}