{"SMBHMASS": 10000000.0, "SecondaryMass": 10, "PROCAMASS": 3.500000000000002e-19, "p0": 10, "e0": 0.2, "BHSpin": 1, "mismatch": 0.9227247879216742, "faithfulness": 0.08004486140553617}