{"SMBHMASS": 10000000.0, "SecondaryMass": 10, "PROCAMASS": 1.5e-19, "p0": 10, "e0": 0.2, "BHSpin": 1, "mismatch": 8.38790084645158e-06, "faithfulness": 0.9999590507611574}