{"SMBHMASS": 10000000.0, "SecondaryMass": 10, "PROCAMASS": 3.2000000000000018e-19, "p0": 10, "e0": 0.2, "BHSpin": 1, "mismatch": 0.8968060972049468, "faithfulness": 0.14690919834144686}