{"SMBHMASS": 4500000.0, "SecondaryMass": 10, "PROCAMASS": 6e-19, "p0": 10, "e0": 0.2, "BHSpin": 1, "mismatch": 0.7828784823878099, "faithfulness": 0.2140843690407952}