{"SMBHMASS": 7500000.0, "SecondaryMass": 10, "PROCAMASS": 5e-19, "p0": 10, "e0": 0.2, "BHSpin": 1, "mismatch": 0.9476520545479573, "faithfulness": 0.05203118002502804}