{"SMBHMASS": 8500000.0, "SecondaryMass": 10, "PROCAMASS": 5e-19, "p0": 10, "e0": 0.2, "BHSpin": 1, "mismatch": 0.9751312454788134, "faithfulness": 0.04366053043694342}