{"SMBHMASS": 3500000.0, "SecondaryMass": 10, "PROCAMASS": 9.5e-19, "p0": 10, "e0": 0.2, "BHSpin": 1, "mismatch": 0.9446573665875162, "faithfulness": 0.05203619825426933}