{"SMBHMASS": 9500000.0, "SecondaryMass": 10, "PROCAMASS": 2e-19, "p0": 10, "e0": 0.2, "BHSpin": 1, "mismatch": 0.0015087093640260285, "faithfulness": 0.9985352570968088}