{"SMBHMASS": 7000000.0, "SecondaryMass": 10, "PROCAMASS": 6.5e-19, "p0": 10, "e0": 0.2, "BHSpin": 1, "mismatch": 0.984642555589179, "faithfulness": 0.009315422654861011}