{"SMBHMASS": 10000000.0, "SecondaryMass": 10, "PROCAMASS": 1.6000000000000004e-19, "p0": 10, "e0": 0.2, "BHSpin": 1, "mismatch": 3.365991369286281e-05, "faithfulness": 0.9999347820429999}