{"SMBHMASS": 1000000.0, "SecondaryMass": 10, "PROCAMASS": 1.8000000000000008e-19, "p0": 10, "e0": 0.2, "BHSpin": 1, "mismatch": 4.296563105299356e-14, "faithfulness": 0.9999999999999748}