{"SMBHMASS": 1000000.0, "SecondaryMass": 10, "PROCAMASS": 2.700000000000002e-18, "p0": 10, "e0": 0.2, "BHSpin": 1, "mismatch": 0.9448018736277894, "faithfulness": 0.010101981618973379}