{"SMBHMASS": 10000000.0, "SecondaryMass": 10, "PROCAMASS": 3.100000000000002e-19, "p0": 10, "e0": 0.2, "BHSpin": 1, "mismatch": 0.848619945098397, "faithfulness": 0.1666103269721716}