{"SMBHMASS": 7500000.0, "SecondaryMass": 10, "PROCAMASS": 6.999999999999999e-19, "p0": 10, "e0": 0.2, "BHSpin": 1, "mismatch": 0.9926638081260911, "faithfulness": 0.00780841747987302}