{"SMBHMASS": 4500000.0, "SecondaryMass": 10, "PROCAMASS": 9e-19, "p0": 10, "e0": 0.2, "BHSpin": 1, "mismatch": 0.9770521340958218, "faithfulness": 0.021528177856153432}