{"SMBHMASS": 1000000.0, "SecondaryMass": 10, "PROCAMASS": 3.500000000000002e-18, "p0": 10, "e0": 0.2, "BHSpin": 1, "mismatch": 0.9838196803902274, "faithfulness": 0.0030457312178141}