{"SMBHMASS": 10000000.0, "SecondaryMass": 10, "PROCAMASS": 3.9000000000000024e-19, "p0": 10, "e0": 0.2, "BHSpin": 1, "mismatch": 0.9573208852536936, "faithfulness": 0.047603705705640424}