{"SMBHMASS": 1000000.0, "SecondaryMass": 10, "PROCAMASS": 2e-19, "p0": 10, "e0": 0.2, "BHSpin": 1, "mismatch": 2.162714451969805e-13, "faithfulness": 0.9999999999998701}