{"SMBHMASS": 1000000.0, "SecondaryMass": 10, "PROCAMASS": 2.9000000000000014e-19, "p0": 10, "e0": 0.2, "BHSpin": 1, "mismatch": 1.5231149674832523e-12, "faithfulness": 0.999999999998977}