{"SMBHMASS": 5500000.0, "SecondaryMass": 10, "PROCAMASS": 3e-19, "p0": 10, "e0": 0.2, "BHSpin": 1, "mismatch": 0.00019832473185177335, "faithfulness": 0.999795779295193}