{"SMBHMASS": 6000000.0, "SecondaryMass": 10, "PROCAMASS": 8.5e-19, "p0": 10, "e0": 0.2, "BHSpin": 1, "mismatch": 0.992335518334764, "faithfulness": 0.005799728803852715}