{"SMBHMASS": 7500000.0, "SecondaryMass": 10, "PROCAMASS": 3.4999999999999997e-19, "p0": 10, "e0": 0.2, "BHSpin": 1, "mismatch": 0.7644942598097917, "faithfulness": 0.24123492608260502}