{"SMBHMASS": 1000000.0, "SecondaryMass": 10, "PROCAMASS": 4.0000000000000026e-18, "p0": 10, "e0": 0.2, "BHSpin": 1, "mismatch": 0.9916407986746144, "faithfulness": 0.0014163678613171725}