{"SMBHMASS": 1000000.0, "SecondaryMass": 10, "PROCAMASS": 7.900000000000005e-19, "p0": 10, "e0": 0.2, "BHSpin": 1, "mismatch": 6.446734284182298e-07, "faithfulness": 0.9999989143035203}