{"SMBHMASS": 15000000.0, "SecondaryMass": 10, "PROCAMASS": 3.4999999999999997e-19, "p0": 10, "e0": 0.2, "BHSpin": 1, "mismatch": 0.9895590585662641, "faithfulness": 0.06425269925027184}