{"SMBHMASS": 3000000.0, "SecondaryMass": 10, "PROCAMASS": 1e-19, "p0": 10, "e0": 0.2, "BHSpin": 1, "mismatch": 0.9126463453333269, "faithfulness": 0.08226271337329895}