{"SMBHMASS": 5000000.0, "SecondaryMass": 10, "PROCAMASS": 1.5e-19, "p0": 10, "e0": 0.2, "BHSpin": 1, "mismatch": 5.640765632364264e-11, "faithfulness": 0.9999998362158656}