{"SMBHMASS": 1000000.0, "SecondaryMass": 10, "PROCAMASS": 6.600000000000004e-19, "p0": 10, "e0": 0.2, "BHSpin": 1, "mismatch": 1.3178521496293172e-08, "faithfulness": 0.9999999781665336}