{"SMBHMASS": 1000000.0, "SecondaryMass": 10, "PROCAMASS": 6.999999999999999e-19, "p0": 10, "e0": 0.2, "BHSpin": 1, "mismatch": 4.6659217711741974e-08, "faithfulness": 0.9999999217960347}