{"SMBHMASS": 2500000.0, "SecondaryMass": 10, "PROCAMASS": 8e-19, "p0": 10, "e0": 0.2, "BHSpin": 1, "mismatch": 0.20268298571205134, "faithfulness": 0.7525713487438144}