{"SMBHMASS": 1500000.0, "SecondaryMass": 10, "PROCAMASS": 6.999999999999999e-19, "p0": 10, "e0": 0.2, "BHSpin": 1, "mismatch": 4.4669332932567585e-06, "faithfulness": 0.9999910928207991}