{"SMBHMASS": 6000000.0, "SecondaryMass": 10, "PROCAMASS": 1.5e-19, "p0": 10, "e0": 0.2, "BHSpin": 1, "mismatch": 6.522934414832093e-10, "faithfulness": 0.9999983648069108}