{"SMBHMASS": 1000000.0, "SecondaryMass": 10, "PROCAMASS": 1.1000000000000001e-18, "p0": 10, "e0": 0.2, "BHSpin": 1, "mismatch": 0.0009135507992666936, "faithfulness": 0.9984532951591719}