{"SMBHMASS": 1000000.0, "SecondaryMass": 10, "PROCAMASS": 1.8000000000000008e-19, "p0": 10, "e0": 0.2, "BHSpin": 1, "mismatch": 6.661338147750939e-16, "faithfulness": 0.9999999999999988}