{"SMBHMASS": 5500000.0, "SecondaryMass": 10, "PROCAMASS": 2e-19, "p0": 10, "e0": 0.2, "BHSpin": 1, "mismatch": 4.2844435443889495e-08, "faithfulness": 0.9999975683241668}