{"SMBHMASS": 4500000.0, "SecondaryMass": 10, "PROCAMASS": 5e-19, "p0": 10, "e0": 0.2, "BHSpin": 1, "mismatch": 0.2996527006961526, "faithfulness": 0.6889414134617429}