{"SMBHMASS": 1000000.0, "SecondaryMass": 10, "PROCAMASS": 6.200000000000005e-19, "p0": 10, "e0": 0.2, "BHSpin": 1, "mismatch": 3.5682991006424913e-09, "faithfulness": 0.9999999942976651}