{"SMBHMASS": 7500000.0, "SecondaryMass": 10, "PROCAMASS": 1e-19, "p0": 10, "e0": 0.2, "BHSpin": 1, "mismatch": 3.145950167038336e-11, "faithfulness": 0.9999995013489159}