{"SMBHMASS": 3500000.0, "SecondaryMass": 10, "PROCAMASS": 8e-19, "p0": 10, "e0": 0.2, "BHSpin": 1, "mismatch": 0.874951545386532, "faithfulness": 0.1216061807109951}