{"SMBHMASS": 4000000.0, "SecondaryMass": 10, "PROCAMASS": 1e-18, "p0": 10, "e0": 0.2, "BHSpin": 1, "mismatch": 0.9773655381805632, "faithfulness": 0.02239147058297009}