{"SMBHMASS": 1000000.0, "SecondaryMass": 10, "PROCAMASS": 5.200000000000003e-19, "p0": 10, "e0": 0.2, "BHSpin": 1, "mismatch": 1.5101864203614923e-10, "faithfulness": 0.9999999998340163}