{"SMBHMASS": 1000000.0, "SecondaryMass": 10, "PROCAMASS": 3.6000000000000024e-18, "p0": 10, "e0": 0.2, "BHSpin": 1, "mismatch": 0.9869274276669282, "faithfulness": 0.0024504054209775247}