{"SMBHMASS": 1500000.0, "SecondaryMass": 10, "PROCAMASS": 4.5e-19, "p0": 10, "e0": 0.2, "BHSpin": 1, "mismatch": 4.660987151794416e-10, "faithfulness": 0.9999999974654716}