{"SMBHMASS": 3500000.0, "SecondaryMass": 10, "PROCAMASS": 3e-19, "p0": 10, "e0": 0.2, "BHSpin": 1, "mismatch": 5.89596994560182e-08, "faithfulness": 0.9999994723563433}