{"SMBHMASS": 6500000.0, "SecondaryMass": 10, "PROCAMASS": 2.5e-19, "p0": 10, "e0": 0.2, "BHSpin": 1, "mismatch": 0.00012676375182207877, "faithfulness": 0.9998667030091533}