{"SMBHMASS": 1000000.0, "SecondaryMass": 10, "PROCAMASS": 1.800000000000001e-18, "p0": 10, "e0": 0.2, "BHSpin": 1, "mismatch": 0.6704752835388359, "faithfulness": 0.08593017927670119}