{"SMBHMASS": 1000000.0, "SecondaryMass": 10, "PROCAMASS": 3.5e-18, "p0": 10, "e0": 0.2, "BHSpin": 1, "mismatch": 0.9848593743853208, "faithfulness": 0.0028492889460570814}