{"SMBHMASS": 7000000.0, "SecondaryMass": 10, "PROCAMASS": 2e-19, "p0": 10, "e0": 0.2, "BHSpin": 1, "mismatch": 4.275139734333244e-06, "faithfulness": 0.9999888248253126}