{"SMBHMASS": 7500000.0, "SecondaryMass": 10, "PROCAMASS": 6e-19, "p0": 10, "e0": 0.2, "BHSpin": 1, "mismatch": 0.98293257991353, "faithfulness": 0.030851208975538048}