{"SMBHMASS": 8500000.0, "SecondaryMass": 10, "PROCAMASS": 3e-19, "p0": 10, "e0": 0.2, "BHSpin": 1, "mismatch": 0.6363078170369998, "faithfulness": 0.3718026854655466}