{"SMBHMASS": 1500000.0, "SecondaryMass": 10, "PROCAMASS": 5e-19, "p0": 10, "e0": 0.2, "BHSpin": 1, "mismatch": 3.3282498979048114e-09, "faithfulness": 0.9999999900719171}