{"SMBHMASS": 7500000.0, "SecondaryMass": 10, "PROCAMASS": 6.5e-19, "p0": 10, "e0": 0.2, "BHSpin": 1, "mismatch": 0.9889134023920779, "faithfulness": 0.018308505115349358}