{"SMBHMASS": 3000000.0, "SecondaryMass": 10, "PROCAMASS": 4.5e-19, "p0": 10, "e0": 0.2, "BHSpin": 1, "mismatch": 1.207731452790295e-05, "faithfulness": 0.9999859488755442}