{"SMBHMASS": 10000000.0, "SecondaryMass": 10, "PROCAMASS": 3.8000000000000024e-19, "p0": 10, "e0": 0.2, "BHSpin": 1, "mismatch": 0.9497561965812558, "faithfulness": 0.08009727563271556}