{"SMBHMASS": 5000000.0, "SecondaryMass": 10, "PROCAMASS": 5.5e-19, "p0": 10, "e0": 0.2, "BHSpin": 1, "mismatch": 0.7851706926389461, "faithfulness": 0.21122790969769917}