{"SMBHMASS": 5000000.0, "SecondaryMass": 10, "PROCAMASS": 1e-18, "p0": 10, "e0": 0.2, "BHSpin": 1, "mismatch": 0.9922038650028551, "faithfulness": 0.003234951224607155}