{"SMBHMASS": 2000000.0, "SecondaryMass": 10, "PROCAMASS": 9.5e-19, "p0": 10, "e0": 0.2, "BHSpin": 1, "mismatch": 0.2012246642077372, "faithfulness": 0.7093983040598049}