{"SMBHMASS": 6500000.0, "SecondaryMass": 10, "PROCAMASS": 7.5e-19, "p0": 10, "e0": 0.2, "BHSpin": 1, "mismatch": 0.9897685699266457, "faithfulness": 0.010197704652437498}