{"SMBHMASS": 1000000.0, "SecondaryMass": 10, "PROCAMASS": 8.000000000000007e-19, "p0": 10, "e0": 0.2, "BHSpin": 1, "mismatch": 8.474297655824969e-07, "faithfulness": 0.9999985726976558}