{"SMBHMASS": 2000000.0, "SecondaryMass": 10, "PROCAMASS": 5.5e-19, "p0": 10, "e0": 0.2, "BHSpin": 1, "mismatch": 1.750005358847062e-06, "faithfulness": 0.9999973169963551}