{"SMBHMASS": 2000000.0, "SecondaryMass": 10, "PROCAMASS": 6.5e-19, "p0": 10, "e0": 0.2, "BHSpin": 1, "mismatch": 6.494019027125653e-05, "faithfulness": 0.9999019318973562}