{"SMBHMASS": 15000000.0, "SecondaryMass": 10, "PROCAMASS": 1.5e-19, "p0": 10, "e0": 0.2, "BHSpin": 1, "mismatch": 0.02087587602473051, "faithfulness": 0.9810765379820998}