{"SMBHMASS": 3000000.0, "SecondaryMass": 10, "PROCAMASS": 2e-19, "p0": 10, "e0": 0.2, "BHSpin": 1, "mismatch": 9.07762753854513e-12, "faithfulness": 0.9999999949027769}