{"SMBHMASS": 1000000.0, "SecondaryMass": 10, "PROCAMASS": 9.200000000000007e-19, "p0": 10, "e0": 0.2, "BHSpin": 1, "mismatch": 1.76688083636245e-05, "faithfulness": 0.9999702315429856}