{"SMBHMASS": 1000000.0, "SecondaryMass": 10, "PROCAMASS": 9.300000000000008e-19, "p0": 10, "e0": 0.2, "BHSpin": 1, "mismatch": 2.2344363567849967e-05, "faithfulness": 0.99996235400892}