{"SMBHMASS": 8500000.0, "SecondaryMass": 10, "PROCAMASS": 5.5e-19, "p0": 10, "e0": 0.2, "BHSpin": 1, "mismatch": 0.9851269857112727, "faithfulness": 0.037599242016963234}