{"SMBHMASS": 7000000.0, "SecondaryMass": 10, "PROCAMASS": 5.5e-19, "p0": 10, "e0": 0.2, "BHSpin": 1, "mismatch": 0.9637639193253327, "faithfulness": 0.03780254489934583}