{"SMBHMASS": 1500000.0, "SecondaryMass": 10, "PROCAMASS": 1e-18, "p0": 10, "e0": 0.2, "BHSpin": 1, "mismatch": 0.009900572766429083, "faithfulness": 0.980307660485873}