{"SMBHMASS": 1000000.0, "SecondaryMass": 10, "PROCAMASS": 9.600000000000009e-19, "p0": 10, "e0": 0.2, "BHSpin": 1, "mismatch": 4.4513700086623587e-05, "faithfulness": 0.9999250024351364}