{"SMBHMASS": 1500000.0, "SecondaryMass": 10, "PROCAMASS": 4e-19, "p0": 10, "e0": 0.2, "BHSpin": 1, "mismatch": 7.377864985613769e-11, "faithfulness": 0.9999999993562673}