{"SMBHMASS": 25000000.0, "SecondaryMass": 10, "PROCAMASS": 1.5e-19, "p0": 10, "e0": 0.2, "BHSpin": 1, "mismatch": 0.9236917774363255, "faithfulness": 0.8594078202953445}