{"SMBHMASS": 8000000.0, "SecondaryMass": 10, "PROCAMASS": 6e-19, "p0": 10, "e0": 0.2, "BHSpin": 1, "mismatch": 0.9875753624853149, "faithfulness": 0.013282041256535225}