{"SMBHMASS": 1500000.0, "SecondaryMass": 10, "PROCAMASS": 6e-19, "p0": 10, "e0": 0.2, "BHSpin": 1, "mismatch": 1.5787203555550633e-07, "faithfulness": 0.9999996811888355}