{"SMBHMASS": 1000000.0, "SecondaryMass": 10, "PROCAMASS": 3.400000000000002e-19, "p0": 10, "e0": 0.2, "BHSpin": 1, "mismatch": 8.697487174913476e-13, "faithfulness": 0.999999999999491}