{"SMBHMASS": 4500000.0, "SecondaryMass": 10, "PROCAMASS": 3e-19, "p0": 10, "e0": 0.2, "BHSpin": 1, "mismatch": 6.158992467586444e-06, "faithfulness": 0.9999923104213443}