{"SMBHMASS": 1000000.0, "SecondaryMass": 10, "PROCAMASS": 7.100000000000005e-19, "p0": 10, "e0": 0.2, "BHSpin": 1, "mismatch": 6.342172131912349e-08, "faithfulness": 0.9999998935574548}