{"SMBHMASS": 2500000.0, "SecondaryMass": 10, "PROCAMASS": 6.999999999999999e-19, "p0": 10, "e0": 0.2, "BHSpin": 1, "mismatch": 0.012998550292819044, "faithfulness": 0.9837738767157969}