{"SMBHMASS": 6500000.0, "SecondaryMass": 10, "PROCAMASS": 1e-19, "p0": 10, "e0": 0.2, "BHSpin": 1, "mismatch": 7.001843549403475e-12, "faithfulness": 0.9999999299608456}