{"SMBHMASS": 8000000.0, "SecondaryMass": 10, "PROCAMASS": 1e-19, "p0": 10, "e0": 0.2, "BHSpin": 1, "mismatch": 6.599942814489168e-11, "faithfulness": 0.9999987543903505}