{"SMBHMASS": 1000000.0, "SecondaryMass": 10, "PROCAMASS": 1.900000000000001e-18, "p0": 10, "e0": 0.2, "BHSpin": 1, "mismatch": 0.7287091461146338, "faithfulness": 0.07641139148341729}