{"SMBHMASS": 2500000.0, "SecondaryMass": 10, "PROCAMASS": 2.5e-19, "p0": 10, "e0": 0.2, "BHSpin": 1, "mismatch": 2.1458834709164876e-11, "faithfulness": 0.9999999947070686}