{"SMBHMASS": 5000000.0, "SecondaryMass": 10, "PROCAMASS": 6.5e-19, "p0": 10, "e0": 0.2, "BHSpin": 1, "mismatch": 0.9199776654924003, "faithfulness": 0.07863584167258653}