{"SMBHMASS": 8000000.0, "SecondaryMass": 10, "PROCAMASS": 2.5e-19, "p0": 10, "e0": 0.2, "BHSpin": 1, "mismatch": 0.005496358571496773, "faithfulness": 0.9945426652278633}