{"SMBHMASS": 3000000.0, "SecondaryMass": 10, "PROCAMASS": 8e-19, "p0": 10, "e0": 0.2, "BHSpin": 1, "mismatch": 0.6746347819551859, "faithfulness": 0.30272218491534963}