{"SMBHMASS": 1000000.0, "SecondaryMass": 10, "PROCAMASS": 7.700000000000006e-19, "p0": 10, "e0": 0.2, "BHSpin": 1, "mismatch": 3.6914988532643633e-07, "faithfulness": 0.9999993785045186}