{"SMBHMASS": 8500000.0, "SecondaryMass": 10, "PROCAMASS": 2e-19, "p0": 10, "e0": 0.2, "BHSpin": 1, "mismatch": 0.00016237321353174128, "faithfulness": 0.9998262271704265}