{"SMBHMASS": 7000000.0, "SecondaryMass": 10, "PROCAMASS": 1.5e-19, "p0": 10, "e0": 0.2, "BHSpin": 1, "mismatch": 8.881709145924788e-09, "faithfulness": 0.9999943598670036}