{"SMBHMASS": 1000000.0, "SecondaryMass": 10, "PROCAMASS": 2.6000000000000012e-20, "p0": 10, "e0": 0.2, "BHSpin": 1, "mismatch": 1.1102230246251565e-16, "faithfulness": 1.0}