{"SMBHMASS": 5500000.0, "SecondaryMass": 10, "PROCAMASS": 6.5e-19, "p0": 10, "e0": 0.2, "BHSpin": 1, "mismatch": 0.9519445925621064, "faithfulness": 0.04695426009232549}