{"SMBHMASS": 6500000.0, "SecondaryMass": 10, "PROCAMASS": 8e-19, "p0": 10, "e0": 0.2, "BHSpin": 1, "mismatch": 0.9928160415082997, "faithfulness": 0.0014011947111499754}