{"SMBHMASS": 9500000.0, "SecondaryMass": 10, "PROCAMASS": 4e-19, "p0": 10, "e0": 0.2, "BHSpin": 1, "mismatch": 0.9546934721279556, "faithfulness": 0.07417809523974499}