{"SMBHMASS": 1000000.0, "SecondaryMass": 10, "PROCAMASS": 9.800000000000008e-19, "p0": 10, "e0": 0.2, "BHSpin": 1, "mismatch": 6.963449700336799e-05, "faithfulness": 0.9998826780913225}