{"SMBHMASS": 1000000.0, "SecondaryMass": 10, "PROCAMASS": 2.500000000000001e-19, "p0": 10, "e0": 0.2, "BHSpin": 1, "mismatch": 1.4144241333724494e-13, "faithfulness": 0.9999999999999103}