{"SMBHMASS": 8500000.0, "SecondaryMass": 10, "PROCAMASS": 2.5e-19, "p0": 10, "e0": 0.2, "BHSpin": 1, "mismatch": 0.021030245621095123, "faithfulness": 0.9795848038218661}