{"SMBHMASS": 1000000.0, "SecondaryMass": 10, "PROCAMASS": 6.900000000000006e-19, "p0": 10, "e0": 0.2, "BHSpin": 1, "mismatch": 3.419405247839791e-08, "faithfulness": 0.999999942783893}