{"SMBHMASS": 1000000.0, "SecondaryMass": 10, "PROCAMASS": 7.5e-19, "p0": 10, "e0": 0.2, "BHSpin": 1, "mismatch": 2.0833054381608207e-07, "faithfulness": 0.9999996494454376}