{"SMBHMASS": 7000000.0, "SecondaryMass": 10, "PROCAMASS": 3.4999999999999997e-19, "p0": 10, "e0": 0.2, "BHSpin": 1, "mismatch": 0.4990485954052113, "faithfulness": 0.5024235398996008}