{"SMBHMASS": 3500000.0, "SecondaryMass": 10, "PROCAMASS": 4e-19, "p0": 10, "e0": 0.2, "BHSpin": 1, "mismatch": 1.719159797364256e-05, "faithfulness": 0.9999807795507717}