{"SMBHMASS": 1000000.0, "SecondaryMass": 10, "PROCAMASS": 2.8000000000000017e-18, "p0": 10, "e0": 0.2, "BHSpin": 1, "mismatch": 0.9538161400805475, "faithfulness": 0.0080329283797021}