{"SMBHMASS": 10000000.0, "SecondaryMass": 10, "PROCAMASS": 4.700000000000003e-19, "p0": 10, "e0": 0.2, "BHSpin": 1, "mismatch": 0.9846048004059351, "faithfulness": 0.04284324275726835}