{"SMBHMASS": 1000000.0, "SecondaryMass": 10, "PROCAMASS": 2.5000000000000013e-18, "p0": 10, "e0": 0.2, "BHSpin": 1, "mismatch": 0.9198169471651445, "faithfulness": 0.01659797982533019}