{"SMBHMASS": 1000000.0, "SecondaryMass": 10, "PROCAMASS": 4.7000000000000035e-18, "p0": 10, "e0": 0.2, "BHSpin": 1, "mismatch": 0.9958283648189704, "faithfulness": 0.0011616095856283885}