{"SMBHMASS": 5000000.0, "SecondaryMass": 10, "PROCAMASS": 1e-19, "p0": 10, "e0": 0.2, "BHSpin": 1, "mismatch": 0.9922038652247339, "faithfulness": 0.0032349514110635172}