{"SMBHMASS": 1000000.0, "SecondaryMass": 10, "PROCAMASS": 3.2000000000000018e-19, "p0": 10, "e0": 0.2, "BHSpin": 1, "mismatch": 1.1264322807846838e-12, "faithfulness": 0.9999999999993335}