{"SMBHMASS": 7000000.0, "SecondaryMass": 10, "PROCAMASS": 7.5e-19, "p0": 10, "e0": 0.2, "BHSpin": 1, "mismatch": 0.9929172779446434, "faithfulness": 0.005723513517334839}