{"SMBHMASS": 3500000.0, "SecondaryMass": 10, "PROCAMASS": 1e-18, "p0": 10, "e0": 0.2, "BHSpin": 1, "mismatch": 0.958807224779507, "faithfulness": 0.03911089765491002}