{"SMBHMASS": 1000000.0, "SecondaryMass": 10, "PROCAMASS": 2.000000000000001e-18, "p0": 10, "e0": 0.2, "BHSpin": 1, "mismatch": 0.7807548097109397, "faithfulness": 0.05997892050930089}