{"SMBHMASS": 2000000.0, "SecondaryMass": 10, "PROCAMASS": 2e-19, "p0": 10, "e0": 0.2, "BHSpin": 1, "mismatch": 0.9853062841686178, "faithfulness": 0.01027849679567671}