{"SMBHMASS": 4000000.0, "SecondaryMass": 10, "PROCAMASS": 8.5e-19, "p0": 10, "e0": 0.2, "BHSpin": 1, "mismatch": 0.9465839629870734, "faithfulness": 0.05076845990463973}