{"SMBHMASS": 1000000.0, "SecondaryMass": 10, "PROCAMASS": 2.6000000000000016e-18, "p0": 10, "e0": 0.2, "BHSpin": 1, "mismatch": 0.9344638112801192, "faithfulness": 0.011368746757153598}