{"SMBHMASS": 8000000.0, "SecondaryMass": 10, "PROCAMASS": 4e-19, "p0": 10, "e0": 0.2, "BHSpin": 1, "mismatch": 0.8863831284096697, "faithfulness": 0.11153216536611758}