{"SMBHMASS": 2000000.0, "SecondaryMass": 10, "PROCAMASS": 7.5e-19, "p0": 10, "e0": 0.2, "BHSpin": 1, "mismatch": 0.0014224859442369953, "faithfulness": 0.9978533260126162}