{"SMBHMASS": 1000000.0, "SecondaryMass": 10, "PROCAMASS": 3.9000000000000024e-19, "p0": 10, "e0": 0.2, "BHSpin": 1, "mismatch": 4.059086400332035e-12, "faithfulness": 0.9999999999975172}