{"SMBHMASS": 7000000.0, "SecondaryMass": 10, "PROCAMASS": 2.5e-19, "p0": 10, "e0": 0.2, "BHSpin": 1, "mismatch": 0.0005209917006873122, "faithfulness": 0.9994747360774019}