{"SMBHMASS": 1000000.0, "SecondaryMass": 10, "PROCAMASS": 5.000000000000003e-19, "p0": 10, "e0": 0.2, "BHSpin": 1, "mismatch": 8.253264738300459e-11, "faithfulness": 0.99999999991946}