{"SMBHMASS": 1000000.0, "SecondaryMass": 10, "PROCAMASS": 8.5e-19, "p0": 10, "e0": 0.2, "BHSpin": 1, "mismatch": 3.165922537573529e-06, "faithfulness": 0.9999946664472638}