{"SMBHMASS": 9500000.0, "SecondaryMass": 10, "PROCAMASS": 2.5e-19, "p0": 10, "e0": 0.2, "BHSpin": 1, "mismatch": 0.1633358222361584, "faithfulness": 0.8438618172400267}