{"SMBHMASS": 3500000.0, "SecondaryMass": 10, "PROCAMASS": 8.5e-19, "p0": 10, "e0": 0.2, "BHSpin": 1, "mismatch": 0.9020786536500974, "faithfulness": 0.09313244934329427}