{"SMBHMASS": 9000000.0, "SecondaryMass": 10, "PROCAMASS": 4.5e-19, "p0": 10, "e0": 0.2, "BHSpin": 1, "mismatch": 0.9665339948789794, "faithfulness": 0.04381650149017399}