{"SMBHMASS": 1000000.0, "SecondaryMass": 10, "PROCAMASS": 2.7000000000000015e-19, "p0": 10, "e0": 0.2, "BHSpin": 1, "mismatch": 4.937161790508071e-13, "faithfulness": 0.9999999999996764}