{"SMBHMASS": 3500000.0, "SecondaryMass": 10, "PROCAMASS": 6.5e-19, "p0": 10, "e0": 0.2, "BHSpin": 1, "mismatch": 0.6015904883260917, "faithfulness": 0.3656575858423157}