{"SMBHMASS": 1000000.0, "SecondaryMass": 10, "PROCAMASS": 2.100000000000001e-18, "p0": 10, "e0": 0.2, "BHSpin": 1, "mismatch": 0.8391868973893806, "faithfulness": 0.018374127751918556}