{"SMBHMASS": 1000000.0, "SecondaryMass": 10, "PROCAMASS": 9.100000000000007e-19, "p0": 10, "e0": 0.2, "BHSpin": 1, "mismatch": 1.3935332654702037e-05, "faithfulness": 0.9999765218068707}