{"SMBHMASS": 5000000.0, "SecondaryMass": 10, "PROCAMASS": 8.5e-19, "p0": 10, "e0": 0.2, "BHSpin": 1, "mismatch": 0.9812255185806114, "faithfulness": 0.017547088723980236}