{"SMBHMASS": 1000000.0, "SecondaryMass": 10, "PROCAMASS": 2e-18, "p0": 10, "e0": 0.2, "BHSpin": 1, "mismatch": 0.8086341207998173, "faithfulness": 0.017466560901974397}