{"SMBHMASS": 1500000.0, "SecondaryMass": 10, "PROCAMASS": 6.5e-19, "p0": 10, "e0": 0.2, "BHSpin": 1, "mismatch": 8.955932093712704e-07, "faithfulness": 0.9999982106543155}