{"SMBHMASS": 1000000.0, "SecondaryMass": 10, "PROCAMASS": 8.700000000000006e-19, "p0": 10, "e0": 0.2, "BHSpin": 1, "mismatch": 5.2481556415129305e-06, "faithfulness": 0.999991158234756}