{"SMBHMASS": 10000000.0, "SecondaryMass": 10, "PROCAMASS": 2.7000000000000015e-19, "p0": 10, "e0": 0.2, "BHSpin": 1, "mismatch": 0.8064006335710021, "faithfulness": 0.22290073346915135}