{"SMBHMASS": 1000000.0, "SecondaryMass": 10, "PROCAMASS": 4.600000000000003e-18, "p0": 10, "e0": 0.2, "BHSpin": 1, "mismatch": 0.9958044680066751, "faithfulness": 0.00045496379195711026}