{"SMBHMASS": 3500000.0, "SecondaryMass": 10, "PROCAMASS": 5.5e-19, "p0": 10, "e0": 0.2, "BHSpin": 1, "mismatch": 0.027372354030443358, "faithfulness": 0.9702575432016514}