{"SMBHMASS": 8000000.0, "SecondaryMass": 10, "PROCAMASS": 2e-19, "p0": 10, "e0": 0.2, "BHSpin": 1, "mismatch": 5.553297558380521e-05, "faithfulness": 0.9999323885897762}