{"SMBHMASS": 1000000.0, "SecondaryMass": 10, "PROCAMASS": 1.2000000000000004e-18, "p0": 10, "e0": 0.2, "BHSpin": 1, "mismatch": 0.0036310915368584773, "faithfulness": 0.993542483321798}