{"SMBHMASS": 3000000.0, "SecondaryMass": 10, "PROCAMASS": 2.5e-19, "p0": 10, "e0": 0.2, "BHSpin": 1, "mismatch": 1.5864243252394772e-10, "faithfulness": 0.9999999457381584}