{"SMBHMASS": 8500000.0, "SecondaryMass": 10, "PROCAMASS": 1e-19, "p0": 10, "e0": 0.2, "BHSpin": 1, "mismatch": 1.420781270411453e-10, "faithfulness": 0.9999971984397213}