{"SMBHMASS": 1500000.0, "SecondaryMass": 10, "PROCAMASS": 8.5e-19, "p0": 10, "e0": 0.2, "BHSpin": 1, "mismatch": 0.0002986075203161853, "faithfulness": 0.9994049029555905}