{"SMBHMASS": 3500000.0, "SecondaryMass": 10, "PROCAMASS": 9e-19, "p0": 10, "e0": 0.2, "BHSpin": 1, "mismatch": 0.9246120657163531, "faithfulness": 0.07145098636487936}