{"SMBHMASS": 9500000.0, "SecondaryMass": 10, "PROCAMASS": 3.4999999999999997e-19, "p0": 10, "e0": 0.2, "BHSpin": 1, "mismatch": 0.9093749410042686, "faithfulness": 0.10649889865955392}