{"SMBHMASS": 1000000.0, "SecondaryMass": 10, "PROCAMASS": 2.100000000000001e-18, "p0": 10, "e0": 0.2, "BHSpin": 1, "mismatch": 0.8202473003130959, "faithfulness": 0.03642626612455443}