{"SMBHMASS": 6500000.0, "SecondaryMass": 10, "PROCAMASS": 6.5e-19, "p0": 10, "e0": 0.2, "BHSpin": 1, "mismatch": 0.978370423783676, "faithfulness": 0.021983170069847985}