{"SMBHMASS": 1000000.0, "SecondaryMass": 10, "PROCAMASS": 8.800000000000007e-19, "p0": 10, "e0": 0.2, "BHSpin": 1, "mismatch": 6.727687300922547e-06, "faithfulness": 0.9999886654860427}