{"SMBHMASS": 20000000.0, "SecondaryMass": 10, "PROCAMASS": 1e-19, "p0": 10, "e0": 0.2, "BHSpin": 1, "mismatch": 0.000833571853418813, "faithfulness": 0.9987714254897582}