{"SMBHMASS": 1000000.0, "SecondaryMass": 10, "PROCAMASS": 2.8000000000000015e-19, "p0": 10, "e0": 0.2, "BHSpin": 1, "mismatch": 3.788080960021034e-13, "faithfulness": 0.999999999999766}