{"SMBHMASS": 1000000.0, "SecondaryMass": 10, "PROCAMASS": 3.8000000000000024e-19, "p0": 10, "e0": 0.2, "BHSpin": 1, "mismatch": 2.7891022824633183e-12, "faithfulness": 0.9999999999983034}