{"SMBHMASS": 10000000.0, "SecondaryMass": 10, "PROCAMASS": 4.2000000000000027e-19, "p0": 10, "e0": 0.2, "BHSpin": 1, "mismatch": 0.9723789407695498, "faithfulness": 0.05595939795156005}