{"SMBHMASS": 2500000.0, "SecondaryMass": 10, "PROCAMASS": 9.5e-19, "p0": 10, "e0": 0.2, "BHSpin": 1, "mismatch": 0.7664154707626791, "faithfulness": 0.19821169718265197}