{"SMBHMASS": 1000000.0, "SecondaryMass": 10, "PROCAMASS": 4.3000000000000025e-18, "p0": 10, "e0": 0.2, "BHSpin": 1, "mismatch": 0.9944716023491675, "faithfulness": 0.0008072547305720515}