{"SMBHMASS": 1000000.0, "SecondaryMass": 10, "PROCAMASS": 5.300000000000005e-18, "p0": 10, "e0": 0.2, "BHSpin": 1, "mismatch": 0.9975455281302579, "faithfulness": -0.00015417968618297676}