{"SMBHMASS": 9000000.0, "SecondaryMass": 10, "PROCAMASS": 5e-19, "p0": 10, "e0": 0.2, "BHSpin": 1, "mismatch": 0.9816752915375121, "faithfulness": 0.0229632876063833}