{"SMBHMASS": 3000000.0, "SecondaryMass": 10, "PROCAMASS": 1.5e-19, "p0": 10, "e0": 0.2, "BHSpin": 1, "mismatch": 0.9896918497964754, "faithfulness": 0.008618489785259163}