{"SMBHMASS": 6000000.0, "SecondaryMass": 10, "PROCAMASS": 7.5e-19, "p0": 10, "e0": 0.2, "BHSpin": 1, "mismatch": 0.9791133382484116, "faithfulness": 0.021544988955890902}