{"SMBHMASS": 10000000.0, "SecondaryMass": 10, "PROCAMASS": 1.9000000000000007e-19, "p0": 10, "e0": 0.2, "BHSpin": 1, "mismatch": 0.001347480013871194, "faithfulness": 0.9986919831080165}