{"SMBHMASS": 1000000.0, "SecondaryMass": 10, "PROCAMASS": 2.6000000000000016e-19, "p0": 10, "e0": 0.2, "BHSpin": 1, "mismatch": 5.011546733157957e-13, "faithfulness": 0.9999999999996791}