{"SMBHMASS": 4500000.0, "SecondaryMass": 10, "PROCAMASS": 2.5e-19, "p0": 10, "e0": 0.2, "BHSpin": 1, "mismatch": 1.1993371873408876e-07, "faithfulness": 0.999998699318938}