{"SMBHMASS": 1000000.0, "SecondaryMass": 10, "PROCAMASS": 4.4000000000000036e-18, "p0": 10, "e0": 0.2, "BHSpin": 1, "mismatch": 0.994624273312927, "faithfulness": 0.0012774518023213205}