{"SMBHMASS": 4000000.0, "SecondaryMass": 10, "PROCAMASS": 3.4999999999999997e-19, "p0": 10, "e0": 0.2, "BHSpin": 1, "mismatch": 1.9175838062879258e-05, "faithfulness": 0.9999788232317761}