{"SMBHMASS": 1000000.0, "SecondaryMass": 10, "PROCAMASS": 7.000000000000005e-19, "p0": 10, "e0": 0.2, "BHSpin": 1, "mismatch": 4.6659217711741974e-08, "faithfulness": 0.9999999217960347}