{"SMBHMASS": 1000000.0, "SecondaryMass": 10, "PROCAMASS": 5.300000000000005e-19, "p0": 10, "e0": 0.2, "BHSpin": 1, "mismatch": 2.0347645790508295e-10, "faithfulness": 0.9999999997637163}