{"SMBHMASS": 8000000.0, "SecondaryMass": 10, "PROCAMASS": 3e-19, "p0": 10, "e0": 0.2, "BHSpin": 1, "mismatch": 0.28015719984875787, "faithfulness": 0.7238129413884135}