{"SMBHMASS": 1500000.0, "SecondaryMass": 10, "PROCAMASS": 3.0000000000000002e-18, "p0": 10, "e0": 0.2, "BHSpin": 1, "mismatch": 0.9939633664709676, "faithfulness": 0.002226648687642222}