{"SMBHMASS": 2000000.0, "SecondaryMass": 10, "PROCAMASS": 4.5e-19, "p0": 10, "e0": 0.2, "BHSpin": 1, "mismatch": 2.2903260954443283e-08, "faithfulness": 0.9999999303768861}