{"SMBHMASS": 1500000.0, "SecondaryMass": 10, "PROCAMASS": 5.5e-19, "p0": 10, "e0": 0.2, "BHSpin": 1, "mismatch": 2.4145089261295993e-08, "faithfulness": 0.999999948114428}