{"SMBHMASS": 1000000.0, "SecondaryMass": 10, "PROCAMASS": 8.900000000000007e-19, "p0": 10, "e0": 0.2, "BHSpin": 1, "mismatch": 8.599569727540946e-06, "faithfulness": 0.999985511672174}