{"SMBHMASS": 3000000.0, "SecondaryMass": 10, "PROCAMASS": 4e-19, "p0": 10, "e0": 0.2, "BHSpin": 1, "mismatch": 1.8279138110921522e-06, "faithfulness": 0.9999976317517424}