{"SMBHMASS": 9000000.0, "SecondaryMass": 10, "PROCAMASS": 2.5e-19, "p0": 10, "e0": 0.2, "BHSpin": 1, "mismatch": 0.05091070888124671, "faithfulness": 0.9501856450033963}