{"SMBHMASS": 10000000.0, "SecondaryMass": 10, "PROCAMASS": 1.2e-19, "p0": 10, "e0": 0.2, "BHSpin": 1, "mismatch": 6.824800102833706e-08, "faithfulness": 0.9999697398473443}