{"SMBHMASS": 1000000.0, "SecondaryMass": 10, "PROCAMASS": 6.700000000000005e-19, "p0": 10, "e0": 0.2, "BHSpin": 1, "mismatch": 1.8144327706970387e-08, "faithfulness": 0.9999999697971761}