{"SMBHMASS": 1000000.0, "SecondaryMass": 10, "PROCAMASS": 3.600000000000002e-19, "p0": 10, "e0": 0.2, "BHSpin": 1, "mismatch": 1.4035439477311229e-12, "faithfulness": 0.9999999999991754}