{"SMBHMASS": 1000000.0, "SecondaryMass": 10, "PROCAMASS": 3.2000000000000022e-18, "p0": 10, "e0": 0.2, "BHSpin": 1, "mismatch": 0.9751786449427359, "faithfulness": 0.004625820676150994}