{"SMBHMASS": 2500000.0, "SecondaryMass": 10, "PROCAMASS": 3.4999999999999997e-19, "p0": 10, "e0": 0.2, "BHSpin": 1, "mismatch": 4.448168389181717e-09, "faithfulness": 0.9999998894955243}