{"SMBHMASS": 4000000.0, "SecondaryMass": 10, "PROCAMASS": 4.5e-19, "p0": 10, "e0": 0.2, "BHSpin": 1, "mismatch": 0.004270530376903503, "faithfulness": 0.9954713053893294}