{"SMBHMASS": 6000000.0, "SecondaryMass": 10, "PROCAMASS": 3e-19, "p0": 10, "e0": 0.2, "BHSpin": 1, "mismatch": 0.0013908839097341863, "faithfulness": 0.998596381015275}