{"SMBHMASS": 2500000.0, "SecondaryMass": 10, "PROCAMASS": 6e-19, "p0": 10, "e0": 0.2, "BHSpin": 1, "mismatch": 0.000475132937185041, "faithfulness": 0.9994059772249145}