{"SMBHMASS": 4000000.0, "SecondaryMass": 10, "PROCAMASS": 3e-19, "p0": 10, "e0": 0.2, "BHSpin": 1, "mismatch": 6.865425445923279e-07, "faithfulness": 0.9999984666735675}