{"SMBHMASS": 7500000.0, "SecondaryMass": 10, "PROCAMASS": 1.5e-19, "p0": 10, "e0": 0.2, "BHSpin": 1, "mismatch": 3.257437752868242e-08, "faithfulness": 0.9999918053030934}