{"SMBHMASS": 6000000.0, "SecondaryMass": 10, "PROCAMASS": 6e-19, "p0": 10, "e0": 0.2, "BHSpin": 1, "mismatch": 0.949069908513554, "faithfulness": 0.05225926281989005}