{"SMBHMASS": 5500000.0, "SecondaryMass": 10, "PROCAMASS": 1.5e-19, "p0": 10, "e0": 0.2, "BHSpin": 1, "mismatch": 1.8569323856354458e-10, "faithfulness": 0.9999994431711672}