{"SMBHMASS": 5500000.0, "SecondaryMass": 10, "PROCAMASS": 6.999999999999999e-19, "p0": 10, "e0": 0.2, "BHSpin": 1, "mismatch": 0.9681058077090443, "faithfulness": 0.033659492887615175}