{"SMBHMASS": 6500000.0, "SecondaryMass": 10, "PROCAMASS": 2e-19, "p0": 10, "e0": 0.2, "BHSpin": 1, "mismatch": 1.032797431577137e-06, "faithfulness": 0.9999939353928288}