{"SMBHMASS": 1000000.0, "SecondaryMass": 10, "PROCAMASS": 1e-18, "p0": 10, "e0": 0.2, "BHSpin": 1, "mismatch": 0.00011579799051797401, "faithfulness": 0.9998039711434157}