{"SMBHMASS": 7500000.0, "SecondaryMass": 10, "PROCAMASS": 5.5e-19, "p0": 10, "e0": 0.2, "BHSpin": 1, "mismatch": 0.9726088008367346, "faithfulness": 0.03254099741576222}