{"SMBHMASS": 2000000.0, "SecondaryMass": 10, "PROCAMASS": 9e-19, "p0": 10, "e0": 0.2, "BHSpin": 1, "mismatch": 0.06893961193986353, "faithfulness": 0.8973872101829203}