{"SMBHMASS": 1000000.0, "SecondaryMass": 10, "PROCAMASS": 1.900000000000001e-18, "p0": 10, "e0": 0.2, "BHSpin": 1, "mismatch": 0.7234770013901219, "faithfulness": 0.0654571791909781}