{"SMBHMASS": 1000000.0, "SecondaryMass": 10, "PROCAMASS": 2.900000000000002e-18, "p0": 10, "e0": 0.2, "BHSpin": 1, "mismatch": 0.958302804029208, "faithfulness": 0.008055193137810855}