{"SMBHMASS": 1000000.0, "SecondaryMass": 10, "PROCAMASS": 8.200000000000006e-19, "p0": 10, "e0": 0.2, "BHSpin": 1, "mismatch": 1.4497364915211364e-06, "faithfulness": 0.9999975579251209}