{"SMBHMASS": 1000000.0, "SecondaryMass": 10, "PROCAMASS": 5.400000000000004e-19, "p0": 10, "e0": 0.2, "BHSpin": 1, "mismatch": 2.765938589277539e-10, "faithfulness": 0.9999999996617267}