{"SMBHMASS": 2500000.0, "SecondaryMass": 10, "PROCAMASS": 2e-19, "p0": 10, "e0": 0.2, "BHSpin": 1, "mismatch": 0.9948150459783436, "faithfulness": 0.002640059741696977}