{"SMBHMASS": 2500000.0, "SecondaryMass": 10, "PROCAMASS": 5e-19, "p0": 10, "e0": 0.2, "BHSpin": 1, "mismatch": 9.288703155085898e-06, "faithfulness": 0.9999882523408148}