{"SMBHMASS": 35000000.0, "SecondaryMass": 10, "PROCAMASS": 1e-19, "p0": 10, "e0": 0.2, "BHSpin": 1, "mismatch": 0.8430426274750884, "faithfulness": 0.6880456630068441}