{"SMBHMASS": 1000000.0, "SecondaryMass": 10, "PROCAMASS": 3.3000000000000025e-18, "p0": 10, "e0": 0.2, "BHSpin": 1, "mismatch": 0.9792822004306335, "faithfulness": 0.003878649335092221}