{"SMBHMASS": 9500000.0, "SecondaryMass": 10, "PROCAMASS": 3e-19, "p0": 10, "e0": 0.2, "BHSpin": 1, "mismatch": 0.7118449096645079, "faithfulness": 0.29785059379019463}