{"SMBHMASS": 4000000.0, "SecondaryMass": 10, "PROCAMASS": 7.5e-19, "p0": 10, "e0": 0.2, "BHSpin": 1, "mismatch": 0.9021988494590165, "faithfulness": 0.0971677247856716}