{"SMBHMASS": 1000000.0, "SecondaryMass": 10, "PROCAMASS": 1.4000000000000004e-18, "p0": 10, "e0": 0.2, "BHSpin": 1, "mismatch": 0.09302296681359978, "faithfulness": 0.8348659293037408}