{"SMBHMASS": 10000000.0, "SecondaryMass": 10, "PROCAMASS": 1.7000000000000006e-19, "p0": 10, "e0": 0.2, "BHSpin": 1, "mismatch": 0.0001239400625904219, "faithfulness": 0.9998492092419976}