{"SMBHMASS": 10000000.0, "SecondaryMass": 10, "PROCAMASS": 2.400000000000001e-19, "p0": 10, "e0": 0.2, "BHSpin": 1, "mismatch": 0.18056436932132924, "faithfulness": 0.8271609226544516}