{"SMBHMASS": 2500000.0, "SecondaryMass": 10, "PROCAMASS": 4e-19, "p0": 10, "e0": 0.2, "BHSpin": 1, "mismatch": 7.440834504102156e-08, "faithfulness": 0.999999784757317}