{"SMBHMASS": 4500000.0, "SecondaryMass": 10, "PROCAMASS": 4e-19, "p0": 10, "e0": 0.2, "BHSpin": 1, "mismatch": 0.003008618012992459, "faithfulness": 0.9968615409366962}