{"SMBHMASS": 10000000.0, "SecondaryMass": 10, "PROCAMASS": 4.000000000000003e-19, "p0": 10, "e0": 0.2, "BHSpin": 1, "mismatch": 0.9627378060216385, "faithfulness": 0.08427882818679995}