{"SMBHMASS": 8000000.0, "SecondaryMass": 10, "PROCAMASS": 1.5e-19, "p0": 10, "e0": 0.2, "BHSpin": 1, "mismatch": 1.1232231300617457e-07, "faithfulness": 0.9999883528375915}