{"SMBHMASS": 10000000.0, "SecondaryMass": 10, "PROCAMASS": 5e-19, "p0": 10, "e0": 0.2, "BHSpin": 1, "mismatch": 0.9888262959584446, "faithfulness": 0.01372431411816426}