{"SMBHMASS": 4000000.0, "SecondaryMass": 10, "PROCAMASS": 5e-19, "p0": 10, "e0": 0.2, "BHSpin": 1, "mismatch": 0.04010179922255208, "faithfulness": 0.9575245347935928}