{"SMBHMASS": 4000000.0, "SecondaryMass": 10, "PROCAMASS": 5.5e-19, "p0": 10, "e0": 0.2, "BHSpin": 1, "mismatch": 0.26856822074029973, "faithfulness": 0.7172361119469606}