{"SMBHMASS": 7000000.0, "SecondaryMass": 10, "PROCAMASS": 1e-19, "p0": 10, "e0": 0.2, "BHSpin": 1, "mismatch": 1.4858669850070783e-11, "faithfulness": 0.9999998078943897}