{"SMBHMASS": 9500000.0, "SecondaryMass": 10, "PROCAMASS": 5e-19, "p0": 10, "e0": 0.2, "BHSpin": 1, "mismatch": 0.9827027031263064, "faithfulness": 0.022807837622963692}