{"SMBHMASS": 1000000.0, "SecondaryMass": 10, "PROCAMASS": 2.8000000000000015e-19, "p0": 10, "e0": 0.2, "BHSpin": 1, "mismatch": 2.674083177112152e-12, "faithfulness": 0.9999999999981692}