{"SMBHMASS": 1000000.0, "SecondaryMass": 10, "PROCAMASS": 2.3000000000000012e-18, "p0": 10, "e0": 0.2, "BHSpin": 1, "mismatch": 0.8791261516501776, "faithfulness": 0.022982983365061948}