{"SMBHMASS": 10000000.0, "SecondaryMass": 10, "PROCAMASS": 2.500000000000001e-19, "p0": 10, "e0": 0.2, "BHSpin": 1, "mismatch": 0.37841417483170836, "faithfulness": 0.6344785097619359}