{"SMBHMASS": 3500000.0, "SecondaryMass": 10, "PROCAMASS": 1.5e-19, "p0": 10, "e0": 0.2, "BHSpin": 1, "mismatch": 0.9951689973129701, "faithfulness": 0.00156130576435604}