{"SMBHMASS": 10000000.0, "SecondaryMass": 10, "PROCAMASS": 2.6000000000000016e-19, "p0": 10, "e0": 0.2, "BHSpin": 1, "mismatch": 0.6541552738911602, "faithfulness": 0.36472041788082915}