{"SMBHMASS": 5000000.0, "SecondaryMass": 10, "PROCAMASS": 2e-19, "p0": 10, "e0": 0.2, "BHSpin": 1, "mismatch": 7.31619742566636e-09, "faithfulness": 0.9999985073031358}