{"SMBHMASS": 2000000.0, "SecondaryMass": 10, "PROCAMASS": 3e-19, "p0": 10, "e0": 0.2, "BHSpin": 1, "mismatch": 2.3775870161557577e-11, "faithfulness": 0.9999999981678327}