{"SMBHMASS": 5500000.0, "SecondaryMass": 10, "PROCAMASS": 9.5e-19, "p0": 10, "e0": 0.2, "BHSpin": 1, "mismatch": 0.9935986920892526, "faithfulness": 0.006724910596025602}