{"SMBHMASS": 3500000.0, "SecondaryMass": 10, "PROCAMASS": 4.5e-19, "p0": 10, "e0": 0.2, "BHSpin": 1, "mismatch": 0.00037309482067282573, "faithfulness": 0.9995936812875589}