{"SMBHMASS": 6500000.0, "SecondaryMass": 10, "PROCAMASS": 5e-19, "p0": 10, "e0": 0.2, "BHSpin": 1, "mismatch": 0.8821608710290041, "faithfulness": 0.1148850636518705}