{"SMBHMASS": 1500000.0, "SecondaryMass": 10, "PROCAMASS": 1.5000000000000001e-18, "p0": 10, "e0": 0.2, "BHSpin": 1, "mismatch": 0.7868134051220245, "faithfulness": 0.11228625810930837}