{"SMBHMASS": 1500000.0, "SecondaryMass": 10, "PROCAMASS": 3e-19, "p0": 10, "e0": 0.2, "BHSpin": 1, "mismatch": 0.9939633675200598, "faithfulness": 0.0022266450553477955}