{"SMBHMASS": 3500000.0, "SecondaryMass": 10, "PROCAMASS": 5e-19, "p0": 10, "e0": 0.2, "BHSpin": 1, "mismatch": 0.003587824875524892, "faithfulness": 0.9960977528546634}