{"SMBHMASS": 1000000.0, "SecondaryMass": 10, "PROCAMASS": 2.200000000000001e-19, "p0": 10, "e0": 0.2, "BHSpin": 1, "mismatch": 6.941114349956479e-13, "faithfulness": 0.9999999999995483}