{"SMBHMASS": 4500000.0, "SecondaryMass": 10, "PROCAMASS": 7.5e-19, "p0": 10, "e0": 0.2, "BHSpin": 1, "mismatch": 0.9434142280371424, "faithfulness": 0.05657442650765446}