{"SMBHMASS": 1000000.0, "SecondaryMass": 10, "PROCAMASS": 2.4000000000000015e-18, "p0": 10, "e0": 0.2, "BHSpin": 1, "mismatch": 0.907331220287406, "faithfulness": 0.013943514068008046}