{"SMBHMASS": 30000000.0, "SecondaryMass": 10, "PROCAMASS": 1e-19, "p0": 10, "e0": 0.2, "BHSpin": 1, "mismatch": 0.8138448502953393, "faithfulness": 0.8514104834861793}