{"SMBHMASS": 7000000.0, "SecondaryMass": 10, "PROCAMASS": 4e-19, "p0": 10, "e0": 0.2, "BHSpin": 1, "mismatch": 0.84459820249571, "faithfulness": 0.1598208553365496}