{"SMBHMASS": 2500000.0, "SecondaryMass": 10, "PROCAMASS": 4.5e-19, "p0": 10, "e0": 0.2, "BHSpin": 1, "mismatch": 9.507172720191193e-07, "faithfulness": 0.9999986794903786}