{"SMBHMASS": 4000000.0, "SecondaryMass": 10, "PROCAMASS": 1.5e-19, "p0": 10, "e0": 0.2, "BHSpin": 1, "mismatch": 5.603850716795478e-12, "faithfulness": 0.9999999908068986}