{"SMBHMASS": 7500000.0, "SecondaryMass": 10, "PROCAMASS": 4e-19, "p0": 10, "e0": 0.2, "BHSpin": 1, "mismatch": 0.8393129896680303, "faithfulness": 0.16675826361641133}