{"SMBHMASS": 2000000.0, "SecondaryMass": 10, "PROCAMASS": 8.5e-19, "p0": 10, "e0": 0.2, "BHSpin": 1, "mismatch": 0.0207898778499207, "faithfulness": 0.968747038997957}