{"SMBHMASS": 1000000.0, "SecondaryMass": 10, "PROCAMASS": 3.900000000000003e-18, "p0": 10, "e0": 0.2, "BHSpin": 1, "mismatch": 0.9915195904785818, "faithfulness": 0.0014842543268237761}