{"SMBHMASS": 1000000.0, "SecondaryMass": 10, "PROCAMASS": 7.400000000000006e-19, "p0": 10, "e0": 0.2, "BHSpin": 1, "mismatch": 1.5566810651623797e-07, "faithfulness": 0.9999997381676377}