{"SMBHMASS": 35000000.0, "SecondaryMass": 10, "PROCAMASS": 1.5e-19, "p0": 10, "e0": 0.2, "BHSpin": 1, "mismatch": 0.9839155064469485, "faithfulness": 0.6585175778330951}