{"SMBHMASS": 1000000.0, "SecondaryMass": 10, "PROCAMASS": 4.500000000000001e-18, "p0": 10, "e0": 0.2, "BHSpin": 1, "mismatch": 0.994903495786179, "faithfulness": 0.0014017089367151802}