{"SMBHMASS": 1000000.0, "SecondaryMass": 10, "PROCAMASS": 3.5e-18, "p0": 10, "e0": 0.2, "BHSpin": 1, "mismatch": 0.9842902723627055, "faithfulness": 0.002924922386094621}