{"SMBHMASS": 6500000.0, "SecondaryMass": 10, "PROCAMASS": 6.999999999999999e-19, "p0": 10, "e0": 0.2, "BHSpin": 1, "mismatch": 0.9850725001851116, "faithfulness": 0.01164516524738678}