{"SMBHMASS": 10000000.0, "SecondaryMass": 10, "PROCAMASS": 3.400000000000002e-19, "p0": 10, "e0": 0.2, "BHSpin": 1, "mismatch": 0.9129843864352802, "faithfulness": 0.1186145497096091}