{"SMBHMASS": 6500000.0, "SecondaryMass": 10, "PROCAMASS": 4.5e-19, "p0": 10, "e0": 0.2, "BHSpin": 1, "mismatch": 0.8405382427287531, "faithfulness": 0.15663867153974434}