{"SMBHMASS": 3000000.0, "SecondaryMass": 10, "PROCAMASS": 9e-19, "p0": 10, "e0": 0.2, "BHSpin": 1, "mismatch": 0.8389157011376469, "faithfulness": 0.1450633079506662}