{"SMBHMASS": 5000000.0, "SecondaryMass": 10, "PROCAMASS": 3.4999999999999997e-19, "p0": 10, "e0": 0.2, "BHSpin": 1, "mismatch": 0.001224500611213375, "faithfulness": 0.9987395777286129}