{"SMBHMASS": 4500000.0, "SecondaryMass": 10, "PROCAMASS": 8.5e-19, "p0": 10, "e0": 0.2, "BHSpin": 1, "mismatch": 0.9696982341534572, "faithfulness": 0.03032885996613035}