{"SMBHMASS": 1500000.0, "SecondaryMass": 10, "PROCAMASS": 2e-19, "p0": 10, "e0": 0.2, "BHSpin": 1, "mismatch": 0.9500027169665712, "faithfulness": 0.022377560317850032}