{"SMBHMASS": 1000000.0, "SecondaryMass": 10, "PROCAMASS": 4e-18, "p0": 10, "e0": 0.2, "BHSpin": 1, "mismatch": 0.9922209181889747, "faithfulness": 0.0015454296418216933}