{"SMBHMASS": 2000000.0, "SecondaryMass": 10, "PROCAMASS": 1e-19, "p0": 10, "e0": 0.2, "BHSpin": 1, "mismatch": 0.4682149000754027, "faithfulness": 0.3774614477400342}