{"SMBHMASS": 10000000.0, "SecondaryMass": 10, "PROCAMASS": 3.600000000000002e-19, "p0": 10, "e0": 0.2, "BHSpin": 1, "mismatch": 0.9377467469205636, "faithfulness": 0.06111333392139758}