{"SMBHMASS": 1000000.0, "SecondaryMass": 10, "PROCAMASS": 4.1000000000000036e-18, "p0": 10, "e0": 0.2, "BHSpin": 1, "mismatch": 0.9931750016557102, "faithfulness": 0.0010601220242360703}