{"SMBHMASS": 4000000.0, "SecondaryMass": 10, "PROCAMASS": 6e-19, "p0": 10, "e0": 0.2, "BHSpin": 1, "mismatch": 0.5099233771873231, "faithfulness": 0.4675171694121823}