{"SMBHMASS": 1000000.0, "SecondaryMass": 10, "PROCAMASS": 2.3000000000000012e-19, "p0": 10, "e0": 0.2, "BHSpin": 1, "mismatch": 1.5244472351128024e-12, "faithfulness": 0.9999999999990703}