{"SMBHMASS": 1000000.0, "SecondaryMass": 10, "PROCAMASS": 3.000000000000002e-18, "p0": 10, "e0": 0.2, "BHSpin": 1, "mismatch": 0.9669043022286498, "faithfulness": 0.0058008186639428696}