{"SMBHMASS": 8000000.0, "SecondaryMass": 10, "PROCAMASS": 5.5e-19, "p0": 10, "e0": 0.2, "BHSpin": 1, "mismatch": 0.9802242546688956, "faithfulness": 0.0165156044076933}