{"SMBHMASS": 10000000.0, "SecondaryMass": 10, "PROCAMASS": 4.300000000000002e-19, "p0": 10, "e0": 0.2, "BHSpin": 1, "mismatch": 0.9753747896285684, "faithfulness": 0.032303841947868624}