{"SMBHMASS": 1000000.0, "SecondaryMass": 10, "PROCAMASS": 1.7000000000000008e-18, "p0": 10, "e0": 0.2, "BHSpin": 1, "mismatch": 0.5854988239932553, "faithfulness": 0.0974330461931798}