{"SMBHMASS": 1000000.0, "SecondaryMass": 10, "PROCAMASS": 7.300000000000005e-19, "p0": 10, "e0": 0.2, "BHSpin": 1, "mismatch": 1.1584247006091175e-07, "faithfulness": 0.9999998052607737}