{"SMBHMASS": 1000000.0, "SecondaryMass": 10, "PROCAMASS": 5.200000000000004e-18, "p0": 10, "e0": 0.2, "BHSpin": 1, "mismatch": 0.9965188529065304, "faithfulness": 0.0013890379129845652}