{"SMBHMASS": 1000000.0, "SecondaryMass": 10, "PROCAMASS": 3.7000000000000025e-19, "p0": 10, "e0": 0.2, "BHSpin": 1, "mismatch": 2.1946888750790094e-12, "faithfulness": 0.9999999999986723}