{"SMBHMASS": 2000000.0, "SecondaryMass": 10, "PROCAMASS": 5e-19, "p0": 10, "e0": 0.2, "BHSpin": 1, "mismatch": 2.220495464166916e-07, "faithfulness": 0.9999996255975039}