{"SMBHMASS": 2500000.0, "SecondaryMass": 10, "PROCAMASS": 8.5e-19, "p0": 10, "e0": 0.2, "BHSpin": 1, "mismatch": 0.536914528218307, "faithfulness": 0.3817064234449214}