{"SMBHMASS": 4500000.0, "SecondaryMass": 10, "PROCAMASS": 8e-19, "p0": 10, "e0": 0.2, "BHSpin": 1, "mismatch": 0.9589841221426352, "faithfulness": 0.04141614948030713}