{"SMBHMASS": 1500000.0, "SecondaryMass": 10, "PROCAMASS": 1.5e-19, "p0": 10, "e0": 0.2, "BHSpin": 1, "mismatch": 0.7868134050611248, "faithfulness": 0.11228625809108839}