{"SMBHMASS": 3000000.0, "SecondaryMass": 10, "PROCAMASS": 5e-19, "p0": 10, "e0": 0.2, "BHSpin": 1, "mismatch": 0.0002260444486238411, "faithfulness": 0.9997422033409823}