{"SMBHMASS": 1000000.0, "SecondaryMass": 10, "PROCAMASS": 9.900000000000007e-19, "p0": 10, "e0": 0.2, "BHSpin": 1, "mismatch": 8.67941122761895e-05, "faithfulness": 0.9998537670599015}