{"SMBHMASS": 1000000.0, "SecondaryMass": 10, "PROCAMASS": 3.000000000000002e-18, "p0": 10, "e0": 0.2, "BHSpin": 1, "mismatch": 0.9647441471121622, "faithfulness": 0.0066728111044210454}