{"SMBHMASS": 8500000.0, "SecondaryMass": 10, "PROCAMASS": 1.5e-19, "p0": 10, "e0": 0.2, "BHSpin": 1, "mismatch": 3.6177123130531896e-07, "faithfulness": 0.9999845048942412}