{"SMBHMASS": 15000000.0, "SecondaryMass": 10, "PROCAMASS": 2.5e-19, "p0": 10, "e0": 0.2, "BHSpin": 1, "mismatch": 0.9366857457129939, "faithfulness": 0.12814193139269836}