{"SMBHMASS": 1000000.0, "SecondaryMass": 10, "PROCAMASS": 7.800000000000006e-19, "p0": 10, "e0": 0.2, "BHSpin": 1, "mismatch": 4.88701779821632e-07, "faithfulness": 0.9999991770879799}