{"SMBHMASS": 6000000.0, "SecondaryMass": 10, "PROCAMASS": 6.999999999999999e-19, "p0": 10, "e0": 0.2, "BHSpin": 1, "mismatch": 0.9783799276041266, "faithfulness": 0.02240234163647056}