{"SMBHMASS": 10000000.0, "SecondaryMass": 10, "PROCAMASS": 1.8000000000000008e-19, "p0": 10, "e0": 0.2, "BHSpin": 1, "mismatch": 0.00042284654075241956, "faithfulness": 0.9995664442861937}