{"SMBHMASS": 1000000.0, "SecondaryMass": 10, "PROCAMASS": 7.200000000000005e-19, "p0": 10, "e0": 0.2, "BHSpin": 1, "mismatch": 8.586749133954186e-08, "faithfulness": 0.9999998557559883}