{"SMBHMASS": 1000000.0, "SecondaryMass": 10, "PROCAMASS": 1.3000000000000004e-18, "p0": 10, "e0": 0.2, "BHSpin": 1, "mismatch": 0.02018511426857439, "faithfulness": 0.9641118365060398}