{"SMBHMASS": 10000000.0, "SecondaryMass": 10, "PROCAMASS": 1.1000000000000002e-19, "p0": 10, "e0": 0.2, "BHSpin": 1, "mismatch": 1.0715742959632735e-08, "faithfulness": 0.9999728963271349}