{"SMBHMASS": 2500000.0, "SecondaryMass": 10, "PROCAMASS": 3e-19, "p0": 10, "e0": 0.2, "BHSpin": 1, "mismatch": 2.6857183144102237e-10, "faithfulness": 0.9999999643867642}