{"SMBHMASS": 1000000.0, "SecondaryMass": 10, "PROCAMASS": 8.100000000000007e-19, "p0": 10, "e0": 0.2, "BHSpin": 1, "mismatch": 1.1101830578175154e-06, "faithfulness": 0.9999981300074198}