{"SMBHMASS": 1000000.0, "SecondaryMass": 10, "PROCAMASS": 2.3000000000000012e-18, "p0": 10, "e0": 0.2, "BHSpin": 1, "mismatch": 0.8852534307002524, "faithfulness": 0.02184100760818664}