{"SMBHMASS": 1000000.0, "SecondaryMass": 10, "PROCAMASS": 4.0000000000000026e-18, "p0": 10, "e0": 0.2, "BHSpin": 1, "mismatch": 0.9922231710273888, "faithfulness": 0.001483514859540837}