{"SMBHMASS": 6000000.0, "SecondaryMass": 10, "PROCAMASS": 4e-19, "p0": 10, "e0": 0.2, "BHSpin": 1, "mismatch": 0.47747191812623435, "faithfulness": 0.5201091118345668}