{"SMBHMASS": 1000000.0, "SecondaryMass": 10, "PROCAMASS": 4.900000000000004e-18, "p0": 10, "e0": 0.2, "BHSpin": 1, "mismatch": 0.9969345034948618, "faithfulness": 0.00011661037177803564}