{"SMBHMASS": 3000000.0, "SecondaryMass": 10, "PROCAMASS": 6e-19, "p0": 10, "e0": 0.2, "BHSpin": 1, "mismatch": 0.011332320264996643, "faithfulness": 0.9870989008704717}