{"SMBHMASS": 1000000.0, "SecondaryMass": 10, "PROCAMASS": 9e-19, "p0": 10, "e0": 0.2, "BHSpin": 1, "mismatch": 1.0962107302336932e-05, "faithfulness": 0.9999815311991689}