{"SMBHMASS": 1000000.0, "SecondaryMass": 10, "PROCAMASS": 4.300000000000002e-19, "p0": 10, "e0": 0.2, "BHSpin": 1, "mismatch": 1.2051137865398687e-11, "faithfulness": 0.9999999999917716}