{"SMBHMASS": 5000000.0, "SecondaryMass": 10, "PROCAMASS": 4.5e-19, "p0": 10, "e0": 0.2, "BHSpin": 1, "mismatch": 0.23354024270853802, "faithfulness": 0.7603978580086117}