{"SMBHMASS": 1000000.0, "SecondaryMass": 10, "PROCAMASS": 4.5e-19, "p0": 10, "e0": 0.2, "BHSpin": 1, "mismatch": 2.03945749177592e-11, "faithfulness": 0.9999999999849187}