{"SMBHMASS": 2000000.0, "SecondaryMass": 10, "PROCAMASS": 8e-19, "p0": 10, "e0": 0.2, "BHSpin": 1, "mismatch": 0.0014318458564901437, "faithfulness": 0.9978391899314876}