{"SMBHMASS": 6000000.0, "SecondaryMass": 10, "PROCAMASS": 2e-19, "p0": 10, "e0": 0.2, "BHSpin": 1, "mismatch": 2.2359271600880248e-07, "faithfulness": 0.9999962370760207}