{"SMBHMASS": 10000000.0, "SecondaryMass": 10, "PROCAMASS": 2.000000000000001e-19, "p0": 10, "e0": 0.2, "BHSpin": 1, "mismatch": 0.004036712085512262, "faithfulness": 0.9961478540235268}