{"SMBHMASS": 2000000.0, "SecondaryMass": 10, "PROCAMASS": 1.5e-19, "p0": 10, "e0": 0.2, "BHSpin": 1, "mismatch": 0.9351862761150069, "faithfulness": 0.04903154848334409}