{"SMBHMASS": 6500000.0, "SecondaryMass": 10, "PROCAMASS": 5.5e-19, "p0": 10, "e0": 0.2, "BHSpin": 1, "mismatch": 0.9458720148589469, "faithfulness": 0.05197335676391581}