{"SMBHMASS": 1000000.0, "SecondaryMass": 10, "PROCAMASS": 2.000000000000001e-18, "p0": 10, "e0": 0.2, "BHSpin": 1, "mismatch": 0.7832690716261463, "faithfulness": 0.03884335446963785}