{"SMBHMASS": 2500000.0, "SecondaryMass": 10, "PROCAMASS": 6.5e-19, "p0": 10, "e0": 0.2, "BHSpin": 1, "mismatch": 0.002658541180629248, "faithfulness": 0.9966776215459757}