{"SMBHMASS": 8000000.0, "SecondaryMass": 10, "PROCAMASS": 6.5e-19, "p0": 10, "e0": 0.2, "BHSpin": 1, "mismatch": 0.98946556464732, "faithfulness": 0.006882774079181964}