{"SMBHMASS": 3000000.0, "SecondaryMass": 10, "PROCAMASS": 5.5e-19, "p0": 10, "e0": 0.2, "BHSpin": 1, "mismatch": 0.0017570325699485245, "faithfulness": 0.99799837346774}