{"SMBHMASS": 4000000.0, "SecondaryMass": 10, "PROCAMASS": 8e-19, "p0": 10, "e0": 0.2, "BHSpin": 1, "mismatch": 0.9028471268043838, "faithfulness": 0.0951843046074783}