{"SMBHMASS": 1000000.0, "SecondaryMass": 10, "PROCAMASS": 3.800000000000003e-18, "p0": 10, "e0": 0.2, "BHSpin": 1, "mismatch": 0.9895237649484511, "faithfulness": 0.0019508725072916058}