{"SMBHMASS": 1000000.0, "SecondaryMass": 10, "PROCAMASS": 2.000000000000001e-19, "p0": 10, "e0": 0.2, "BHSpin": 1, "mismatch": 8.747447211021608e-13, "faithfulness": 0.9999999999994567}