{"SMBHMASS": 3500000.0, "SecondaryMass": 10, "PROCAMASS": 2.5e-19, "p0": 10, "e0": 0.2, "BHSpin": 1, "mismatch": 1.4164018846685167e-09, "faithfulness": 0.9999996850455996}