{"SMBHMASS": 7500000.0, "SecondaryMass": 10, "PROCAMASS": 2.5e-19, "p0": 10, "e0": 0.2, "BHSpin": 1, "mismatch": 0.0019435058573269437, "faithfulness": 0.9980810528689178}