{"SMBHMASS": 3500000.0, "SecondaryMass": 10, "PROCAMASS": 3.4999999999999997e-19, "p0": 10, "e0": 0.2, "BHSpin": 1, "mismatch": 1.6482675545548275e-06, "faithfulness": 0.9999977005007522}