{"SMBHMASS": 10000000.0, "SecondaryMass": 10, "PROCAMASS": 3.300000000000002e-19, "p0": 10, "e0": 0.2, "BHSpin": 1, "mismatch": 0.9051873127516036, "faithfulness": 0.12690159659976746}