{"SMBHMASS": 1000000.0, "SecondaryMass": 10, "PROCAMASS": 1.6000000000000007e-18, "p0": 10, "e0": 0.2, "BHSpin": 1, "mismatch": 0.4580869755961988, "faithfulness": 0.2264978517669889}