{"SMBHMASS": 9000000.0, "SecondaryMass": 10, "PROCAMASS": 1.5e-19, "p0": 10, "e0": 0.2, "BHSpin": 1, "mismatch": 1.092323764995129e-06, "faithfulness": 0.9999784533074307}