{"SMBHMASS": 1000000.0, "SecondaryMass": 10, "PROCAMASS": 5.600000000000004e-19, "p0": 10, "e0": 0.2, "BHSpin": 1, "mismatch": 5.172117178986468e-10, "faithfulness": 0.9999999993061557}