{"SMBHMASS": 1000000.0, "SecondaryMass": 10, "PROCAMASS": 3.0000000000000002e-18, "p0": 10, "e0": 0.2, "BHSpin": 1, "mismatch": 0.9676749097198262, "faithfulness": 0.005123850708802636}