{"SMBHMASS": 10000000.0, "SecondaryMass": 10, "PROCAMASS": 3.7000000000000025e-19, "p0": 10, "e0": 0.2, "BHSpin": 1, "mismatch": 0.9435760658423272, "faithfulness": 0.1027051073861278}