{"SMBHMASS": 1000000.0, "SecondaryMass": 10, "PROCAMASS": 1.5000000000000001e-18, "p0": 10, "e0": 0.2, "BHSpin": 1, "mismatch": 0.41253960915427323, "faithfulness": 0.308488543036216}