{"SMBHMASS": 5500000.0, "SecondaryMass": 10, "PROCAMASS": 5e-19, "p0": 10, "e0": 0.2, "BHSpin": 1, "mismatch": 0.7162486695914627, "faithfulness": 0.28131066235296764}