{"SMBHMASS": 1000000.0, "SecondaryMass": 10, "PROCAMASS": 2.3000000000000012e-19, "p0": 10, "e0": 0.2, "BHSpin": 1, "mismatch": 3.836930773104541e-13, "faithfulness": 0.9999999999997576}