{"SMBHMASS": 1000000.0, "SecondaryMass": 10, "PROCAMASS": 2.200000000000001e-19, "p0": 10, "e0": 0.2, "BHSpin": 1, "mismatch": 3.5278446830488974e-12, "faithfulness": 0.9999999999973873}