{"SMBHMASS": 4500000.0, "SecondaryMass": 10, "PROCAMASS": 1.5e-19, "p0": 10, "e0": 0.2, "BHSpin": 1, "mismatch": 1.7990497980235887e-11, "faithfulness": 0.999999958135405}