{"SMBHMASS": 1500000.0, "SecondaryMass": 10, "PROCAMASS": 3.4999999999999997e-19, "p0": 10, "e0": 0.2, "BHSpin": 1, "mismatch": 0.9970776657197243, "faithfulness": 0.0010929820063020756}