{"SMBHMASS": 1000000.0, "SecondaryMass": 10, "PROCAMASS": 4.800000000000004e-18, "p0": 10, "e0": 0.2, "BHSpin": 1, "mismatch": 0.9962934916547881, "faithfulness": 0.0003961116102473956}