{"SMBHMASS": 1000000.0, "SecondaryMass": 10, "PROCAMASS": 1.1000000000000002e-19, "p0": 10, "e0": 0.2, "BHSpin": 1, "mismatch": 1.1102230246251565e-16, "faithfulness": 1.0}