{"SMBHMASS": 5500000.0, "SecondaryMass": 10, "PROCAMASS": 9e-19, "p0": 10, "e0": 0.2, "BHSpin": 1, "mismatch": 0.9913168549559298, "faithfulness": 0.006236667256691384}