{"SMBHMASS": 5000000.0, "SecondaryMass": 10, "PROCAMASS": 2.5e-19, "p0": 10, "e0": 0.2, "BHSpin": 1, "mismatch": 8.698193119105468e-07, "faithfulness": 0.9999972929111571}