{"SMBHMASS": 3000000.0, "SecondaryMass": 10, "PROCAMASS": 6.999999999999999e-19, "p0": 10, "e0": 0.2, "BHSpin": 1, "mismatch": 0.2636946930802776, "faithfulness": 0.7046194622190186}