{"SMBHMASS": 8000000.0, "SecondaryMass": 10, "PROCAMASS": 3.4999999999999997e-19, "p0": 10, "e0": 0.2, "BHSpin": 1, "mismatch": 0.7839569628200667, "faithfulness": 0.2254411167191999}