{"SMBHMASS": 9000000.0, "SecondaryMass": 10, "PROCAMASS": 3e-19, "p0": 10, "e0": 0.2, "BHSpin": 1, "mismatch": 0.7868909463100999, "faithfulness": 0.21006625756464797}