{"SMBHMASS": 7500000.0, "SecondaryMass": 10, "PROCAMASS": 3e-19, "p0": 10, "e0": 0.2, "BHSpin": 1, "mismatch": 0.06828840337261677, "faithfulness": 0.9328823400796018}