{"SMBHMASS": 3500000.0, "SecondaryMass": 10, "PROCAMASS": 7.5e-19, "p0": 10, "e0": 0.2, "BHSpin": 1, "mismatch": 0.7933897415278699, "faithfulness": 0.1892638824511831}