{"SMBHMASS": 10000000.0, "SecondaryMass": 10, "PROCAMASS": 1e-19, "p0": 10, "e0": 0.2, "BHSpin": 1, "mismatch": 1.6318212336940974e-09, "faithfulness": 0.9999784365668194}