{"SMBHMASS": 10000000.0, "SecondaryMass": 10, "PROCAMASS": 4.800000000000003e-19, "p0": 10, "e0": 0.2, "BHSpin": 1, "mismatch": 0.9861317966400437, "faithfulness": 0.017681798620084593}