{"SMBHMASS": 1000000.0, "SecondaryMass": 10, "PROCAMASS": 8.300000000000006e-19, "p0": 10, "e0": 0.2, "BHSpin": 1, "mismatch": 1.886642724269194e-06, "faithfulness": 0.9999968218134364}