{"SMBHMASS": 7500000.0, "SecondaryMass": 10, "PROCAMASS": 2e-19, "p0": 10, "e0": 0.2, "BHSpin": 1, "mismatch": 1.4668594004785263e-05, "faithfulness": 0.999976303708696}