{"SMBHMASS": 6500000.0, "SecondaryMass": 10, "PROCAMASS": 1.5e-19, "p0": 10, "e0": 0.2, "BHSpin": 1, "mismatch": 2.398127030289743e-09, "faithfulness": 0.9999961997179209}