{"SMBHMASS": 1000000.0, "SecondaryMass": 10, "PROCAMASS": 5.100000000000004e-18, "p0": 10, "e0": 0.2, "BHSpin": 1, "mismatch": 0.9970241804164919, "faithfulness": 0.0005299669198476041}