{"SMBHMASS": 5000000.0, "SecondaryMass": 10, "PROCAMASS": 9.5e-19, "p0": 10, "e0": 0.2, "BHSpin": 1, "mismatch": 0.9897276527770809, "faithfulness": 0.009347062060864138}