{"SMBHMASS": 25000000.0, "SecondaryMass": 10, "PROCAMASS": 2e-19, "p0": 10, "e0": 0.2, "BHSpin": 1, "mismatch": 0.9822718118514009, "faithfulness": 0.4475579728457998}