{"SMBHMASS": 1000000.0, "SecondaryMass": 10, "PROCAMASS": 9.400000000000008e-19, "p0": 10, "e0": 0.2, "BHSpin": 1, "mismatch": 2.8184616202464596e-05, "faithfulness": 0.9999525141806772}