{"SMBHMASS": 4500000.0, "SecondaryMass": 10, "PROCAMASS": 6.5e-19, "p0": 10, "e0": 0.2, "BHSpin": 1, "mismatch": 0.8718557704675569, "faithfulness": 0.12838272540432838}