{"SMBHMASS": 7000000.0, "SecondaryMass": 10, "PROCAMASS": 5e-19, "p0": 10, "e0": 0.2, "BHSpin": 1, "mismatch": 0.9227278158694991, "faithfulness": 0.07542336076995555}