{"SMBHMASS": 1000000.0, "SecondaryMass": 10, "PROCAMASS": 3.4000000000000023e-18, "p0": 10, "e0": 0.2, "BHSpin": 1, "mismatch": 0.9811857607020902, "faithfulness": 0.0035802176937418605}