{"SMBHMASS": 1000000.0, "SecondaryMass": 10, "PROCAMASS": 5.500000000000003e-19, "p0": 10, "e0": 0.2, "BHSpin": 1, "mismatch": 3.7738656644137336e-10, "faithfulness": 0.9999999995155175}