{"SMBHMASS": 9000000.0, "SecondaryMass": 10, "PROCAMASS": 1e-19, "p0": 10, "e0": 0.2, "BHSpin": 1, "mismatch": 3.1170388492540724e-10, "faithfulness": 0.9999938668390232}