{"SMBHMASS": 6500000.0, "SecondaryMass": 10, "PROCAMASS": 4e-19, "p0": 10, "e0": 0.2, "BHSpin": 1, "mismatch": 0.7817874913288579, "faithfulness": 0.21572204056466426}