{"SMBHMASS": 1500000.0, "SecondaryMass": 10, "PROCAMASS": 9e-19, "p0": 10, "e0": 0.2, "BHSpin": 1, "mismatch": 0.001025923814650942, "faithfulness": 0.9979557376888779}