{"SMBHMASS": 1500000.0, "SecondaryMass": 10, "PROCAMASS": 9.5e-19, "p0": 10, "e0": 0.2, "BHSpin": 1, "mismatch": 0.003290083470268046, "faithfulness": 0.9934471686757244}