{"SMBHMASS": 6000000.0, "SecondaryMass": 10, "PROCAMASS": 6.5e-19, "p0": 10, "e0": 0.2, "BHSpin": 1, "mismatch": 0.9673070140642057, "faithfulness": 0.0341660057381706}