{"SMBHMASS": 1000000.0, "SecondaryMass": 10, "PROCAMASS": 1.6000000000000007e-18, "p0": 10, "e0": 0.2, "BHSpin": 1, "mismatch": 0.4385583027320127, "faithfulness": 0.28924568274954204}