{"SMBHMASS": 5500000.0, "SecondaryMass": 10, "PROCAMASS": 3.4999999999999997e-19, "p0": 10, "e0": 0.2, "BHSpin": 1, "mismatch": 0.007312665604876867, "faithfulness": 0.9925666303307358}