{"SMBHMASS": 1000000.0, "SecondaryMass": 10, "PROCAMASS": 4.800000000000003e-19, "p0": 10, "e0": 0.2, "BHSpin": 1, "mismatch": 4.6283421539783376e-11, "faithfulness": 0.9999999999598658}