{"SMBHMASS": 9500000.0, "SecondaryMass": 10, "PROCAMASS": 1.5e-19, "p0": 10, "e0": 0.2, "BHSpin": 1, "mismatch": 3.1089827132735337e-06, "faithfulness": 0.999971081844915}