{"SMBHMASS": 1000000.0, "SecondaryMass": 10, "PROCAMASS": 4.2000000000000027e-19, "p0": 10, "e0": 0.2, "BHSpin": 1, "mismatch": 9.11470898756761e-12, "faithfulness": 0.9999999999939806}