{"SMBHMASS": 3000000.0, "SecondaryMass": 10, "PROCAMASS": 9.5e-19, "p0": 10, "e0": 0.2, "BHSpin": 1, "mismatch": 0.8884247339964996, "faithfulness": 0.104934283015597}