{"SMBHMASS": 10000000.0, "SecondaryMass": 10, "PROCAMASS": 4.100000000000003e-19, "p0": 10, "e0": 0.2, "BHSpin": 1, "mismatch": 0.9681833709585098, "faithfulness": 0.06941693083244674}