{"SMBHMASS": 6000000.0, "SecondaryMass": 10, "PROCAMASS": 1e-19, "p0": 10, "e0": 0.2, "BHSpin": 1, "mismatch": 3.1237235020853404e-12, "faithfulness": 0.9999999767925726}