{"SMBHMASS": 15000000.0, "SecondaryMass": 10, "PROCAMASS": 3e-19, "p0": 10, "e0": 0.2, "BHSpin": 1, "mismatch": 0.9762531797953251, "faithfulness": 0.1620420256231078}