{"SMBHMASS": 3000000.0, "SecondaryMass": 10, "PROCAMASS": 8.5e-19, "p0": 10, "e0": 0.2, "BHSpin": 1, "mismatch": 0.6770266456692233, "faithfulness": 0.3091205689525657}