{"SMBHMASS": 6000000.0, "SecondaryMass": 10, "PROCAMASS": 8e-19, "p0": 10, "e0": 0.2, "BHSpin": 1, "mismatch": 0.9892475439318419, "faithfulness": 0.003300298568724659}