{"SMBHMASS": 3000000.0, "SecondaryMass": 10, "PROCAMASS": 1.5000000000000001e-18, "p0": 10, "e0": 0.2, "BHSpin": 1, "mismatch": 0.989691849346171, "faithfulness": 0.008618489740014867}