{"SMBHMASS": 1500000.0, "SecondaryMass": 10, "PROCAMASS": 7.5e-19, "p0": 10, "e0": 0.2, "BHSpin": 1, "mismatch": 1.9915779103762965e-05, "faithfulness": 0.9999603031151756}