{"SMBHMASS": 1000000.0, "SecondaryMass": 10, "PROCAMASS": 1.800000000000001e-18, "p0": 10, "e0": 0.2, "BHSpin": 1, "mismatch": 0.6587035372962605, "faithfulness": 0.08162096337580604}