{"SMBHMASS": 4000000.0, "SecondaryMass": 10, "PROCAMASS": 4e-19, "p0": 10, "e0": 0.2, "BHSpin": 1, "mismatch": 0.0001981284028752528, "faithfulness": 0.9997890458459724}