{"SMBHMASS": 5500000.0, "SecondaryMass": 10, "PROCAMASS": 4.5e-19, "p0": 10, "e0": 0.2, "BHSpin": 1, "mismatch": 0.7446203658386427, "faithfulness": 0.24840207665390118}