{"SMBHMASS": 1000000.0, "SecondaryMass": 10, "PROCAMASS": 6.100000000000005e-19, "p0": 10, "e0": 0.2, "BHSpin": 1, "mismatch": 2.578943947284529e-09, "faithfulness": 0.9999999959602236}