{"SMBHMASS": 4000000.0, "SecondaryMass": 10, "PROCAMASS": 9e-19, "p0": 10, "e0": 0.2, "BHSpin": 1, "mismatch": 0.9617694022257164, "faithfulness": 0.036988530479550454}