{"SMBHMASS": 10000000.0, "SecondaryMass": 10, "PROCAMASS": 1.4000000000000003e-19, "p0": 10, "e0": 0.2, "BHSpin": 1, "mismatch": 1.8954872360588126e-06, "faithfulness": 0.9999657611058542}