{"SMBHMASS": 2500000.0, "SecondaryMass": 10, "PROCAMASS": 5.5e-19, "p0": 10, "e0": 0.2, "BHSpin": 1, "mismatch": 7.278433100932347e-05, "faithfulness": 0.9999088817180481}