{"SMBHMASS": 2000000.0, "SecondaryMass": 10, "PROCAMASS": 4e-19, "p0": 10, "e0": 0.2, "BHSpin": 1, "mismatch": 2.05930250629649e-09, "faithfulness": 0.9999999688504188}