{"SMBHMASS": 1000000.0, "SecondaryMass": 10, "PROCAMASS": 2.400000000000001e-19, "p0": 10, "e0": 0.2, "BHSpin": 1, "mismatch": 4.363176486776865e-13, "faithfulness": 0.99999999999972}